n = 10000
m = 10000
h = 0.0001000000

# Scenario : anneaux
# Parametres : rayon=0.28, ep1=0.1, ep2=0.1
# Nombre de sources : 19494

sources:
2200 4947
2200 4948
2200 4949
2200 4950
2200 4951
2200 4952
2200 4953
2200 4954
2200 4955
2200 4956
2200 4957
2200 4958
2200 4959
2200 4960
2200 4961
2200 4962
2200 4963
2200 4964
2200 4965
2200 4966
2200 4967
2200 4968
2200 4969
2200 4970
2200 4971
2200 4972
2200 4973
2200 4974
2200 4975
2200 4976
2200 4977
2200 4978
2200 4979
2200 4980
2200 4981
2200 4982
2200 4983
2200 4984
2200 4985
2200 4986
2200 4987
2200 4988
2200 4989
2200 4990
2200 4991
2200 4992
2200 4993
2200 4994
2200 4995
2200 4996
2200 4997
2200 4998
2200 4999
2200 5000
2200 5001
2200 5002
2200 5003
2200 5004
2200 5005
2200 5006
2200 5007
2200 5008
2200 5009
2200 5010
2200 5011
2200 5012
2200 5013
2200 5014
2200 5015
2200 5016
2200 5017
2200 5018
2200 5019
2200 5020
2200 5021
2200 5022
2200 5023
2200 5024
2200 5025
2200 5026
2200 5027
2200 5028
2200 5029
2200 5030
2200 5031
2200 5032
2200 5033
2200 5034
2200 5035
2200 5036
2200 5037
2200 5038
2200 5039
2200 5040
2200 5041
2200 5042
2200 5043
2200 5044
2200 5045
2200 5046
2200 5047
2200 5048
2200 5049
2200 5050
2200 5051
2200 5052
2200 5053
2201 4909
2201 4910
2201 4911
2201 4912
2201 4913
2201 4914
2201 4915
2201 4916
2201 4917
2201 4918
2201 4919
2201 4920
2201 4921
2201 4922
2201 4923
2201 4924
2201 4925
2201 4926
2201 4927
2201 4928
2201 4929
2201 4930
2201 4931
2201 4932
2201 4933
2201 4934
2201 4935
2201 4936
2201 4937
2201 4938
2201 4939
2201 4940
2201 4941
2201 4942
2201 4943
2201 4944
2201 4945
2201 4946
2201 4947
2201 5053
2201 5054
2201 5055
2201 5056
2201 5057
2201 5058
2201 5059
2201 5060
2201 5061
2201 5062
2201 5063
2201 5064
2201 5065
2201 5066
2201 5067
2201 5068
2201 5069
2201 5070
2201 5071
2201 5072
2201 5073
2201 5074
2201 5075
2201 5076
2201 5077
2201 5078
2201 5079
2201 5080
2201 5081
2201 5082
2201 5083
2201 5084
2201 5085
2201 5086
2201 5087
2201 5088
2201 5089
2201 5090
2201 5091
2202 4882
2202 4883
2202 4884
2202 4885
2202 4886
2202 4887
2202 4888
2202 4889
2202 4890
2202 4891
2202 4892
2202 4893
2202 4894
2202 4895
2202 4896
2202 4897
2202 4898
2202 4899
2202 4900
2202 4901
2202 4902
2202 4903
2202 4904
2202 4905
2202 4906
2202 4907
2202 4908
2202 5092
2202 5093
2202 5094
2202 5095
2202 5096
2202 5097
2202 5098
2202 5099
2202 5100
2202 5101
2202 5102
2202 5103
2202 5104
2202 5105
2202 5106
2202 5107
2202 5108
2202 5109
2202 5110
2202 5111
2202 5112
2202 5113
2202 5114
2202 5115
2202 5116
2202 5117
2202 5118
2203 4861
2203 4862
2203 4863
2203 4864
2203 4865
2203 4866
2203 4867
2203 4868
2203 4869
2203 4870
2203 4871
2203 4872
2203 4873
2203 4874
2203 4875
2203 4876
2203 4877
2203 4878
2203 4879
2203 4880
2203 4881
2203 5119
2203 5120
2203 5121
2203 5122
2203 5123
2203 5124
2203 5125
2203 5126
2203 5127
2203 5128
2203 5129
2203 5130
2203 5131
2203 5132
2203 5133
2203 5134
2203 5135
2203 5136
2203 5137
2203 5138
2203 5139
2204 4842
2204 4843
2204 4844
2204 4845
2204 4846
2204 4847
2204 4848
2204 4849
2204 4850
2204 4851
2204 4852
2204 4853
2204 4854
2204 4855
2204 4856
2204 4857
2204 4858
2204 4859
2204 4860
2204 5140
2204 5141
2204 5142
2204 5143
2204 5144
2204 5145
2204 5146
2204 5147
2204 5148
2204 5149
2204 5150
2204 5151
2204 5152
2204 5153
2204 5154
2204 5155
2204 5156
2204 5157
2204 5158
2205 4825
2205 4826
2205 4827
2205 4828
2205 4829
2205 4830
2205 4831
2205 4832
2205 4833
2205 4834
2205 4835
2205 4836
2205 4837
2205 4838
2205 4839
2205 4840
2205 4841
2205 5159
2205 5160
2205 5161
2205 5162
2205 5163
2205 5164
2205 5165
2205 5166
2205 5167
2205 5168
2205 5169
2205 5170
2205 5171
2205 5172
2205 5173
2205 5174
2205 5175
2206 4810
2206 4811
2206 4812
2206 4813
2206 4814
2206 4815
2206 4816
2206 4817
2206 4818
2206 4819
2206 4820
2206 4821
2206 4822
2206 4823
2206 4824
2206 5176
2206 5177
2206 5178
2206 5179
2206 5180
2206 5181
2206 5182
2206 5183
2206 5184
2206 5185
2206 5186
2206 5187
2206 5188
2206 5189
2206 5190
2207 4796
2207 4797
2207 4798
2207 4799
2207 4800
2207 4801
2207 4802
2207 4803
2207 4804
2207 4805
2207 4806
2207 4807
2207 4808
2207 4809
2207 5191
2207 5192
2207 5193
2207 5194
2207 5195
2207 5196
2207 5197
2207 5198
2207 5199
2207 5200
2207 5201
2207 5202
2207 5203
2207 5204
2208 4782
2208 4783
2208 4784
2208 4785
2208 4786
2208 4787
2208 4788
2208 4789
2208 4790
2208 4791
2208 4792
2208 4793
2208 4794
2208 4795
2208 5205
2208 5206
2208 5207
2208 5208
2208 5209
2208 5210
2208 5211
2208 5212
2208 5213
2208 5214
2208 5215
2208 5216
2208 5217
2208 5218
2209 4770
2209 4771
2209 4772
2209 4773
2209 4774
2209 4775
2209 4776
2209 4777
2209 4778
2209 4779
2209 4780
2209 4781
2209 4782
2209 5218
2209 5219
2209 5220
2209 5221
2209 5222
2209 5223
2209 5224
2209 5225
2209 5226
2209 5227
2209 5228
2209 5229
2209 5230
2210 4758
2210 4759
2210 4760
2210 4761
2210 4762
2210 4763
2210 4764
2210 4765
2210 4766
2210 4767
2210 4768
2210 4769
2210 5231
2210 5232
2210 5233
2210 5234
2210 5235
2210 5236
2210 5237
2210 5238
2210 5239
2210 5240
2210 5241
2210 5242
2211 4747
2211 4748
2211 4749
2211 4750
2211 4751
2211 4752
2211 4753
2211 4754
2211 4755
2211 4756
2211 4757
2211 4758
2211 5242
2211 5243
2211 5244
2211 5245
2211 5246
2211 5247
2211 5248
2211 5249
2211 5250
2211 5251
2211 5252
2211 5253
2212 4736
2212 4737
2212 4738
2212 4739
2212 4740
2212 4741
2212 4742
2212 4743
2212 4744
2212 4745
2212 4746
2212 5254
2212 5255
2212 5256
2212 5257
2212 5258
2212 5259
2212 5260
2212 5261
2212 5262
2212 5263
2212 5264
2213 4726
2213 4727
2213 4728
2213 4729
2213 4730
2213 4731
2213 4732
2213 4733
2213 4734
2213 4735
2213 4736
2213 5264
2213 5265
2213 5266
2213 5267
2213 5268
2213 5269
2213 5270
2213 5271
2213 5272
2213 5273
2213 5274
2214 4716
2214 4717
2214 4718
2214 4719
2214 4720
2214 4721
2214 4722
2214 4723
2214 4724
2214 4725
2214 5275
2214 5276
2214 5277
2214 5278
2214 5279
2214 5280
2214 5281
2214 5282
2214 5283
2214 5284
2215 4706
2215 4707
2215 4708
2215 4709
2215 4710
2215 4711
2215 4712
2215 4713
2215 4714
2215 4715
2215 5285
2215 5286
2215 5287
2215 5288
2215 5289
2215 5290
2215 5291
2215 5292
2215 5293
2215 5294
2216 4697
2216 4698
2216 4699
2216 4700
2216 4701
2216 4702
2216 4703
2216 4704
2216 4705
2216 5295
2216 5296
2216 5297
2216 5298
2216 5299
2216 5300
2216 5301
2216 5302
2216 5303
2217 4688
2217 4689
2217 4690
2217 4691
2217 4692
2217 4693
2217 4694
2217 4695
2217 4696
2217 5304
2217 5305
2217 5306
2217 5307
2217 5308
2217 5309
2217 5310
2217 5311
2217 5312
2218 4679
2218 4680
2218 4681
2218 4682
2218 4683
2218 4684
2218 4685
2218 4686
2218 4687
2218 5313
2218 5314
2218 5315
2218 5316
2218 5317
2218 5318
2218 5319
2218 5320
2218 5321
2219 4671
2219 4672
2219 4673
2219 4674
2219 4675
2219 4676
2219 4677
2219 4678
2219 5322
2219 5323
2219 5324
2219 5325
2219 5326
2219 5327
2219 5328
2219 5329
2220 4662
2220 4663
2220 4664
2220 4665
2220 4666
2220 4667
2220 4668
2220 4669
2220 4670
2220 5330
2220 5331
2220 5332
2220 5333
2220 5334
2220 5335
2220 5336
2220 5337
2220 5338
2221 4654
2221 4655
2221 4656
2221 4657
2221 4658
2221 4659
2221 4660
2221 4661
2221 4662
2221 5338
2221 5339
2221 5340
2221 5341
2221 5342
2221 5343
2221 5344
2221 5345
2221 5346
2222 4646
2222 4647
2222 4648
2222 4649
2222 4650
2222 4651
2222 4652
2222 4653
2222 5347
2222 5348
2222 5349
2222 5350
2222 5351
2222 5352
2222 5353
2222 5354
2223 4638
2223 4639
2223 4640
2223 4641
2223 4642
2223 4643
2223 4644
2223 4645
2223 4646
2223 5354
2223 5355
2223 5356
2223 5357
2223 5358
2223 5359
2223 5360
2223 5361
2223 5362
2224 4631
2224 4632
2224 4633
2224 4634
2224 4635
2224 4636
2224 4637
2224 4638
2224 5362
2224 5363
2224 5364
2224 5365
2224 5366
2224 5367
2224 5368
2224 5369
2225 4623
2225 4624
2225 4625
2225 4626
2225 4627
2225 4628
2225 4629
2225 4630
2225 5370
2225 5371
2225 5372
2225 5373
2225 5374
2225 5375
2225 5376
2225 5377
2226 4616
2226 4617
2226 4618
2226 4619
2226 4620
2226 4621
2226 4622
2226 4623
2226 5377
2226 5378
2226 5379
2226 5380
2226 5381
2226 5382
2226 5383
2226 5384
2227 4609
2227 4610
2227 4611
2227 4612
2227 4613
2227 4614
2227 4615
2227 4616
2227 5384
2227 5385
2227 5386
2227 5387
2227 5388
2227 5389
2227 5390
2227 5391
2228 4602
2228 4603
2228 4604
2228 4605
2228 4606
2228 4607
2228 4608
2228 5392
2228 5393
2228 5394
2228 5395
2228 5396
2228 5397
2228 5398
2229 4595
2229 4596
2229 4597
2229 4598
2229 4599
2229 4600
2229 4601
2229 5399
2229 5400
2229 5401
2229 5402
2229 5403
2229 5404
2229 5405
2230 4588
2230 4589
2230 4590
2230 4591
2230 4592
2230 4593
2230 4594
2230 5406
2230 5407
2230 5408
2230 5409
2230 5410
2230 5411
2230 5412
2231 4581
2231 4582
2231 4583
2231 4584
2231 4585
2231 4586
2231 4587
2231 4588
2231 5412
2231 5413
2231 5414
2231 5415
2231 5416
2231 5417
2231 5418
2231 5419
2232 4575
2232 4576
2232 4577
2232 4578
2232 4579
2232 4580
2232 4581
2232 5419
2232 5420
2232 5421
2232 5422
2232 5423
2232 5424
2232 5425
2233 4568
2233 4569
2233 4570
2233 4571
2233 4572
2233 4573
2233 4574
2233 5426
2233 5427
2233 5428
2233 5429
2233 5430
2233 5431
2233 5432
2234 4562
2234 4563
2234 4564
2234 4565
2234 4566
2234 4567
2234 4568
2234 5432
2234 5433
2234 5434
2234 5435
2234 5436
2234 5437
2234 5438
2235 4556
2235 4557
2235 4558
2235 4559
2235 4560
2235 4561
2235 4562
2235 5438
2235 5439
2235 5440
2235 5441
2235 5442
2235 5443
2235 5444
2236 4550
2236 4551
2236 4552
2236 4553
2236 4554
2236 4555
2236 4556
2236 5444
2236 5445
2236 5446
2236 5447
2236 5448
2236 5449
2236 5450
2237 4544
2237 4545
2237 4546
2237 4547
2237 4548
2237 4549
2237 5451
2237 5452
2237 5453
2237 5454
2237 5455
2237 5456
2238 4537
2238 4538
2238 4539
2238 4540
2238 4541
2238 4542
2238 4543
2238 5457
2238 5458
2238 5459
2238 5460
2238 5461
2238 5462
2238 5463
2239 4532
2239 4533
2239 4534
2239 4535
2239 4536
2239 4537
2239 5463
2239 5464
2239 5465
2239 5466
2239 5467
2239 5468
2240 4526
2240 4527
2240 4528
2240 4529
2240 4530
2240 4531
2240 5469
2240 5470
2240 5471
2240 5472
2240 5473
2240 5474
2241 4520
2241 4521
2241 4522
2241 4523
2241 4524
2241 4525
2241 5475
2241 5476
2241 5477
2241 5478
2241 5479
2241 5480
2242 4514
2242 4515
2242 4516
2242 4517
2242 4518
2242 4519
2242 5481
2242 5482
2242 5483
2242 5484
2242 5485
2242 5486
2243 4509
2243 4510
2243 4511
2243 4512
2243 4513
2243 4514
2243 5486
2243 5487
2243 5488
2243 5489
2243 5490
2243 5491
2244 4503
2244 4504
2244 4505
2244 4506
2244 4507
2244 4508
2244 5492
2244 5493
2244 5494
2244 5495
2244 5496
2244 5497
2245 4498
2245 4499
2245 4500
2245 4501
2245 4502
2245 5498
2245 5499
2245 5500
2245 5501
2245 5502
2246 4492
2246 4493
2246 4494
2246 4495
2246 4496
2246 4497
2246 5503
2246 5504
2246 5505
2246 5506
2246 5507
2246 5508
2247 4487
2247 4488
2247 4489
2247 4490
2247 4491
2247 4492
2247 5508
2247 5509
2247 5510
2247 5511
2247 5512
2247 5513
2248 4481
2248 4482
2248 4483
2248 4484
2248 4485
2248 4486
2248 5514
2248 5515
2248 5516
2248 5517
2248 5518
2248 5519
2249 4476
2249 4477
2249 4478
2249 4479
2249 4480
2249 4481
2249 5519
2249 5520
2249 5521
2249 5522
2249 5523
2249 5524
2250 4471
2250 4472
2250 4473
2250 4474
2250 4475
2250 4476
2250 5524
2250 5525
2250 5526
2250 5527
2250 5528
2250 5529
2251 4466
2251 4467
2251 4468
2251 4469
2251 4470
2251 5530
2251 5531
2251 5532
2251 5533
2251 5534
2252 4461
2252 4462
2252 4463
2252 4464
2252 4465
2252 5535
2252 5536
2252 5537
2252 5538
2252 5539
2253 4456
2253 4457
2253 4458
2253 4459
2253 4460
2253 5540
2253 5541
2253 5542
2253 5543
2253 5544
2254 4450
2254 4451
2254 4452
2254 4453
2254 4454
2254 4455
2254 5545
2254 5546
2254 5547
2254 5548
2254 5549
2254 5550
2255 4446
2255 4447
2255 4448
2255 4449
2255 4450
2255 5550
2255 5551
2255 5552
2255 5553
2255 5554
2256 4441
2256 4442
2256 4443
2256 4444
2256 4445
2256 5555
2256 5556
2256 5557
2256 5558
2256 5559
2257 4436
2257 4437
2257 4438
2257 4439
2257 4440
2257 5560
2257 5561
2257 5562
2257 5563
2257 5564
2258 4431
2258 4432
2258 4433
2258 4434
2258 4435
2258 5565
2258 5566
2258 5567
2258 5568
2258 5569
2259 4426
2259 4427
2259 4428
2259 4429
2259 4430
2259 5570
2259 5571
2259 5572
2259 5573
2259 5574
2260 4421
2260 4422
2260 4423
2260 4424
2260 4425
2260 4426
2260 5574
2260 5575
2260 5576
2260 5577
2260 5578
2260 5579
2261 4417
2261 4418
2261 4419
2261 4420
2261 4421
2261 5579
2261 5580
2261 5581
2261 5582
2261 5583
2262 4412
2262 4413
2262 4414
2262 4415
2262 4416
2262 5584
2262 5585
2262 5586
2262 5587
2262 5588
2263 4407
2263 4408
2263 4409
2263 4410
2263 4411
2263 5589
2263 5590
2263 5591
2263 5592
2263 5593
2264 4403
2264 4404
2264 4405
2264 4406
2264 4407
2264 5593
2264 5594
2264 5595
2264 5596
2264 5597
2265 4398
2265 4399
2265 4400
2265 4401
2265 4402
2265 5598
2265 5599
2265 5600
2265 5601
2265 5602
2266 4394
2266 4395
2266 4396
2266 4397
2266 4398
2266 5602
2266 5603
2266 5604
2266 5605
2266 5606
2267 4389
2267 4390
2267 4391
2267 4392
2267 4393
2267 5607
2267 5608
2267 5609
2267 5610
2267 5611
2268 4385
2268 4386
2268 4387
2268 4388
2268 5612
2268 5613
2268 5614
2268 5615
2269 4380
2269 4381
2269 4382
2269 4383
2269 4384
2269 5616
2269 5617
2269 5618
2269 5619
2269 5620
2270 4376
2270 4377
2270 4378
2270 4379
2270 4380
2270 5620
2270 5621
2270 5622
2270 5623
2270 5624
2271 4372
2271 4373
2271 4374
2271 4375
2271 5625
2271 5626
2271 5627
2271 5628
2272 4367
2272 4368
2272 4369
2272 4370
2272 4371
2272 5629
2272 5630
2272 5631
2272 5632
2272 5633
2273 4363
2273 4364
2273 4365
2273 4366
2273 5634
2273 5635
2273 5636
2273 5637
2274 4359
2274 4360
2274 4361
2274 4362
2274 5638
2274 5639
2274 5640
2274 5641
2275 4354
2275 4355
2275 4356
2275 4357
2275 4358
2275 5642
2275 5643
2275 5644
2275 5645
2275 5646
2276 4350
2276 4351
2276 4352
2276 4353
2276 4354
2276 5646
2276 5647
2276 5648
2276 5649
2276 5650
2277 4346
2277 4347
2277 4348
2277 4349
2277 4350
2277 5650
2277 5651
2277 5652
2277 5653
2277 5654
2278 4342
2278 4343
2278 4344
2278 4345
2278 4346
2278 5654
2278 5655
2278 5656
2278 5657
2278 5658
2279 4338
2279 4339
2279 4340
2279 4341
2279 5659
2279 5660
2279 5661
2279 5662
2280 4334
2280 4335
2280 4336
2280 4337
2280 5663
2280 5664
2280 5665
2280 5666
2281 4330
2281 4331
2281 4332
2281 4333
2281 5667
2281 5668
2281 5669
2281 5670
2282 4326
2282 4327
2282 4328
2282 4329
2282 5671
2282 5672
2282 5673
2282 5674
2283 4322
2283 4323
2283 4324
2283 4325
2283 5675
2283 5676
2283 5677
2283 5678
2284 4318
2284 4319
2284 4320
2284 4321
2284 5679
2284 5680
2284 5681
2284 5682
2285 4314
2285 4315
2285 4316
2285 4317
2285 5683
2285 5684
2285 5685
2285 5686
2286 4309
2286 4310
2286 4311
2286 4312
2286 4313
2286 5687
2286 5688
2286 5689
2286 5690
2286 5691
2287 4306
2287 4307
2287 4308
2287 4309
2287 5691
2287 5692
2287 5693
2287 5694
2288 4302
2288 4303
2288 4304
2288 4305
2288 5695
2288 5696
2288 5697
2288 5698
2289 4298
2289 4299
2289 4300
2289 4301
2289 5699
2289 5700
2289 5701
2289 5702
2290 4294
2290 4295
2290 4296
2290 4297
2290 5703
2290 5704
2290 5705
2290 5706
2291 4290
2291 4291
2291 4292
2291 4293
2291 4294
2291 5706
2291 5707
2291 5708
2291 5709
2291 5710
2292 4287
2292 4288
2292 4289
2292 4290
2292 5710
2292 5711
2292 5712
2292 5713
2293 4283
2293 4284
2293 4285
2293 4286
2293 5714
2293 5715
2293 5716
2293 5717
2294 4279
2294 4280
2294 4281
2294 4282
2294 5718
2294 5719
2294 5720
2294 5721
2295 4275
2295 4276
2295 4277
2295 4278
2295 4279
2295 5721
2295 5722
2295 5723
2295 5724
2295 5725
2296 4271
2296 4272
2296 4273
2296 4274
2296 4275
2296 5725
2296 5726
2296 5727
2296 5728
2296 5729
2297 4268
2297 4269
2297 4270
2297 4271
2297 5729
2297 5730
2297 5731
2297 5732
2298 4264
2298 4265
2298 4266
2298 4267
2298 5733
2298 5734
2298 5735
2298 5736
2299 4260
2299 4261
2299 4262
2299 4263
2299 5737
2299 5738
2299 5739
2299 5740
2300 4257
2300 4258
2300 4259
2300 4260
2300 5740
2300 5741
2300 5742
2300 5743
2301 4253
2301 4254
2301 4255
2301 4256
2301 5744
2301 5745
2301 5746
2301 5747
2302 4250
2302 4251
2302 4252
2302 4253
2302 5747
2302 5748
2302 5749
2302 5750
2303 4246
2303 4247
2303 4248
2303 4249
2303 5751
2303 5752
2303 5753
2303 5754
2304 4242
2304 4243
2304 4244
2304 4245
2304 4246
2304 5754
2304 5755
2304 5756
2304 5757
2304 5758
2305 4239
2305 4240
2305 4241
2305 4242
2305 5758
2305 5759
2305 5760
2305 5761
2306 4235
2306 4236
2306 4237
2306 4238
2306 5762
2306 5763
2306 5764
2306 5765
2307 4232
2307 4233
2307 4234
2307 4235
2307 5765
2307 5766
2307 5767
2307 5768
2308 4228
2308 4229
2308 4230
2308 4231
2308 5769
2308 5770
2308 5771
2308 5772
2309 4225
2309 4226
2309 4227
2309 4228
2309 5772
2309 5773
2309 5774
2309 5775
2310 4222
2310 4223
2310 4224
2310 4225
2310 5775
2310 5776
2310 5777
2310 5778
2311 4218
2311 4219
2311 4220
2311 4221
2311 5779
2311 5780
2311 5781
2311 5782
2312 4215
2312 4216
2312 4217
2312 4218
2312 5782
2312 5783
2312 5784
2312 5785
2313 4211
2313 4212
2313 4213
2313 4214
2313 5786
2313 5787
2313 5788
2313 5789
2314 4207
2314 4208
2314 4209
2314 4210
2314 4211
2314 5789
2314 5790
2314 5791
2314 5792
2314 5793
2315 4204
2315 4205
2315 4206
2315 4207
2315 5793
2315 5794
2315 5795
2315 5796
2316 4201
2316 4202
2316 4203
2316 4204
2316 5796
2316 5797
2316 5798
2316 5799
2317 4197
2317 4198
2317 4199
2317 4200
2317 5800
2317 5801
2317 5802
2317 5803
2318 4194
2318 4195
2318 4196
2318 4197
2318 5803
2318 5804
2318 5805
2318 5806
2319 4191
2319 4192
2319 4193
2319 4194
2319 5806
2319 5807
2319 5808
2319 5809
2320 4187
2320 4188
2320 4189
2320 4190
2320 5810
2320 5811
2320 5812
2320 5813
2321 4184
2321 4185
2321 4186
2321 4187
2321 5813
2321 5814
2321 5815
2321 5816
2322 4181
2322 4182
2322 4183
2322 4184
2322 5816
2322 5817
2322 5818
2322 5819
2323 4178
2323 4179
2323 4180
2323 5820
2323 5821
2323 5822
2324 4174
2324 4175
2324 4176
2324 4177
2324 5823
2324 5824
2324 5825
2324 5826
2325 4171
2325 4172
2325 4173
2325 4174
2325 5826
2325 5827
2325 5828
2325 5829
2326 4168
2326 4169
2326 4170
2326 4171
2326 5829
2326 5830
2326 5831
2326 5832
2327 4165
2327 4166
2327 4167
2327 5833
2327 5834
2327 5835
2328 4162
2328 4163
2328 4164
2328 5836
2328 5837
2328 5838
2329 4158
2329 4159
2329 4160
2329 4161
2329 5839
2329 5840
2329 5841
2329 5842
2330 4155
2330 4156
2330 4157
2330 4158
2330 5842
2330 5843
2330 5844
2330 5845
2331 4152
2331 4153
2331 4154
2331 4155
2331 5845
2331 5846
2331 5847
2331 5848
2332 4149
2332 4150
2332 4151
2332 4152
2332 5848
2332 5849
2332 5850
2332 5851
2333 4146
2333 4147
2333 4148
2333 5852
2333 5853
2333 5854
2334 4143
2334 4144
2334 4145
2334 5855
2334 5856
2334 5857
2335 4140
2335 4141
2335 4142
2335 5858
2335 5859
2335 5860
2336 4136
2336 4137
2336 4138
2336 4139
2336 5861
2336 5862
2336 5863
2336 5864
2337 4133
2337 4134
2337 4135
2337 4136
2337 5864
2337 5865
2337 5866
2337 5867
2338 4130
2338 4131
2338 4132
2338 4133
2338 5867
2338 5868
2338 5869
2338 5870
2339 4128
2339 4129
2339 4130
2339 5870
2339 5871
2339 5872
2340 4125
2340 4126
2340 4127
2340 5873
2340 5874
2340 5875
2341 4122
2341 4123
2341 4124
2341 5876
2341 5877
2341 5878
2342 4119
2342 4120
2342 4121
2342 5879
2342 5880
2342 5881
2343 4116
2343 4117
2343 4118
2343 5882
2343 5883
2343 5884
2344 4113
2344 4114
2344 4115
2344 5885
2344 5886
2344 5887
2345 4110
2345 4111
2345 4112
2345 5888
2345 5889
2345 5890
2346 4107
2346 4108
2346 4109
2346 5891
2346 5892
2346 5893
2347 4104
2347 4105
2347 4106
2347 5894
2347 5895
2347 5896
2348 4101
2348 4102
2348 4103
2348 5897
2348 5898
2348 5899
2349 4098
2349 4099
2349 4100
2349 5900
2349 5901
2349 5902
2350 4095
2350 4096
2350 4097
2350 5903
2350 5904
2350 5905
2351 4092
2351 4093
2351 4094
2351 5906
2351 5907
2351 5908
2352 4089
2352 4090
2352 4091
2352 5909
2352 5910
2352 5911
2353 4086
2353 4087
2353 4088
2353 5912
2353 5913
2353 5914
2354 4083
2354 4084
2354 4085
2354 5915
2354 5916
2354 5917
2355 4080
2355 4081
2355 4082
2355 5918
2355 5919
2355 5920
2356 4077
2356 4078
2356 4079
2356 5921
2356 5922
2356 5923
2357 4074
2357 4075
2357 4076
2357 4077
2357 5923
2357 5924
2357 5925
2357 5926
2358 4071
2358 4072
2358 4073
2358 4074
2358 5926
2358 5927
2358 5928
2358 5929
2359 4069
2359 4070
2359 4071
2359 5929
2359 5930
2359 5931
2360 4066
2360 4067
2360 4068
2360 5932
2360 5933
2360 5934
2361 4063
2361 4064
2361 4065
2361 4066
2361 5934
2361 5935
2361 5936
2361 5937
2362 4060
2362 4061
2362 4062
2362 4063
2362 5937
2362 5938
2362 5939
2362 5940
2363 4058
2363 4059
2363 4060
2363 5940
2363 5941
2363 5942
2364 4055
2364 4056
2364 4057
2364 5943
2364 5944
2364 5945
2365 4052
2365 4053
2365 4054
2365 5946
2365 5947
2365 5948
2366 4049
2366 4050
2366 4051
2366 5949
2366 5950
2366 5951
2367 4046
2367 4047
2367 4048
2367 4049
2367 5951
2367 5952
2367 5953
2367 5954
2368 4043
2368 4044
2368 4045
2368 4046
2368 5954
2368 5955
2368 5956
2368 5957
2369 4041
2369 4042
2369 4043
2369 5957
2369 5958
2369 5959
2370 4038
2370 4039
2370 4040
2370 5960
2370 5961
2370 5962
2371 4036
2371 4037
2371 5963
2371 5964
2372 4033
2372 4034
2372 4035
2372 5965
2372 5966
2372 5967
2373 4030
2373 4031
2373 4032
2373 5968
2373 5969
2373 5970
2374 4027
2374 4028
2374 4029
2374 4030
2374 5970
2374 5971
2374 5972
2374 5973
2375 4025
2375 4026
2375 4027
2375 5973
2375 5974
2375 5975
2376 4022
2376 4023
2376 4024
2376 5976
2376 5977
2376 5978
2377 4019
2377 4020
2377 4021
2377 5979
2377 5980
2377 5981
2378 4016
2378 4017
2378 4018
2378 4019
2378 5981
2378 5982
2378 5983
2378 5984
2379 4014
2379 4015
2379 4016
2379 5984
2379 5985
2379 5986
2380 4011
2380 4012
2380 4013
2380 5987
2380 5988
2380 5989
2381 4009
2381 4010
2381 5990
2381 5991
2382 4006
2382 4007
2382 4008
2382 5992
2382 5993
2382 5994
2383 4003
2383 4004
2383 4005
2383 4006
2383 5994
2383 5995
2383 5996
2383 5997
2384 4001
2384 4002
2384 4003
2384 5997
2384 5998
2384 5999
2385 3998
2385 3999
2385 4000
2385 6000
2385 6001
2385 6002
2386 3995
2386 3996
2386 3997
2386 3998
2386 6002
2386 6003
2386 6004
2386 6005
2387 3993
2387 3994
2387 3995
2387 6005
2387 6006
2387 6007
2388 3990
2388 3991
2388 3992
2388 6008
2388 6009
2388 6010
2389 3988
2389 3989
2389 3990
2389 6010
2389 6011
2389 6012
2390 3985
2390 3986
2390 3987
2390 6013
2390 6014
2390 6015
2391 3983
2391 3984
2391 3985
2391 6015
2391 6016
2391 6017
2392 3980
2392 3981
2392 3982
2392 6018
2392 6019
2392 6020
2393 3977
2393 3978
2393 3979
2393 3980
2393 6020
2393 6021
2393 6022
2393 6023
2394 3975
2394 3976
2394 3977
2394 6023
2394 6024
2394 6025
2395 3972
2395 3973
2395 3974
2395 6026
2395 6027
2395 6028
2396 3970
2396 3971
2396 3972
2396 6028
2396 6029
2396 6030
2397 3968
2397 3969
2397 6031
2397 6032
2398 3965
2398 3966
2398 3967
2398 6033
2398 6034
2398 6035
2399 3962
2399 3963
2399 3964
2399 6036
2399 6037
2399 6038
2400 3960
2400 3961
2400 3962
2400 6038
2400 6039
2400 6040
2401 3957
2401 3958
2401 3959
2401 6041
2401 6042
2401 6043
2402 3955
2402 3956
2402 3957
2402 6043
2402 6044
2402 6045
2403 3952
2403 3953
2403 3954
2403 6046
2403 6047
2403 6048
2404 3950
2404 3951
2404 3952
2404 6048
2404 6049
2404 6050
2405 3948
2405 3949
2405 3950
2405 6050
2405 6051
2405 6052
2406 3945
2406 3946
2406 3947
2406 6053
2406 6054
2406 6055
2407 3942
2407 3943
2407 3944
2407 6056
2407 6057
2407 6058
2408 3940
2408 3941
2408 3942
2408 6058
2408 6059
2408 6060
2409 3937
2409 3938
2409 3939
2409 6061
2409 6062
2409 6063
2410 3935
2410 3936
2410 3937
2410 6063
2410 6064
2410 6065
2411 3933
2411 3934
2411 3935
2411 6065
2411 6066
2411 6067
2412 3930
2412 3931
2412 3932
2412 6068
2412 6069
2412 6070
2413 3928
2413 3929
2413 3930
2413 6070
2413 6071
2413 6072
2414 3925
2414 3926
2414 3927
2414 6073
2414 6074
2414 6075
2415 3923
2415 3924
2415 3925
2415 6075
2415 6076
2415 6077
2416 3920
2416 3921
2416 3922
2416 6078
2416 6079
2416 6080
2417 3918
2417 3919
2417 3920
2417 6080
2417 6081
2417 6082
2418 3916
2418 3917
2418 3918
2418 6082
2418 6083
2418 6084
2419 3914
2419 3915
2419 6085
2419 6086
2420 3911
2420 3912
2420 3913
2420 6087
2420 6088
2420 6089
2421 3909
2421 3910
2421 3911
2421 6089
2421 6090
2421 6091
2422 3906
2422 3907
2422 3908
2422 6092
2422 6093
2422 6094
2423 3904
2423 3905
2423 3906
2423 6094
2423 6095
2423 6096
2424 3902
2424 3903
2424 3904
2424 6096
2424 6097
2424 6098
2425 3899
2425 3900
2425 3901
2425 6099
2425 6100
2425 6101
2426 3897
2426 3898
2426 3899
2426 6101
2426 6102
2426 6103
2427 3895
2427 3896
2427 6104
2427 6105
2428 3893
2428 3894
2428 6106
2428 6107
2429 3890
2429 3891
2429 3892
2429 6108
2429 6109
2429 6110
2430 3888
2430 3889
2430 3890
2430 6110
2430 6111
2430 6112
2431 3885
2431 3886
2431 3887
2431 6113
2431 6114
2431 6115
2432 3883
2432 3884
2432 3885
2432 6115
2432 6116
2432 6117
2433 3881
2433 3882
2433 6118
2433 6119
2434 3879
2434 3880
2434 3881
2434 6119
2434 6120
2434 6121
2435 3876
2435 3877
2435 3878
2435 6122
2435 6123
2435 6124
2436 3874
2436 3875
2436 3876
2436 6124
2436 6125
2436 6126
2437 3872
2437 3873
2437 6127
2437 6128
2438 3869
2438 3870
2438 3871
2438 6129
2438 6130
2438 6131
2439 3867
2439 3868
2439 3869
2439 6131
2439 6132
2439 6133
2440 3865
2440 3866
2440 3867
2440 6133
2440 6134
2440 6135
2441 3863
2441 3864
2441 6136
2441 6137
2442 3860
2442 3861
2442 3862
2442 6138
2442 6139
2442 6140
2443 3858
2443 3859
2443 3860
2443 6140
2443 6141
2443 6142
2444 3856
2444 3857
2444 3858
2444 6142
2444 6143
2444 6144
2445 3854
2445 3855
2445 3856
2445 6144
2445 6145
2445 6146
2446 3851
2446 3852
2446 3853
2446 6147
2446 6148
2446 6149
2447 3849
2447 3850
2447 3851
2447 6149
2447 6150
2447 6151
2448 3847
2448 3848
2448 3849
2448 6151
2448 6152
2448 6153
2449 3845
2449 3846
2449 3847
2449 6153
2449 6154
2449 6155
2450 3843
2450 3844
2450 6156
2450 6157
2451 3840
2451 3841
2451 3842
2451 6158
2451 6159
2451 6160
2452 3838
2452 3839
2452 3840
2452 6160
2452 6161
2452 6162
2453 3836
2453 3837
2453 3838
2453 6162
2453 6163
2453 6164
2454 3834
2454 3835
2454 3836
2454 6164
2454 6165
2454 6166
2455 3832
2455 3833
2455 6167
2455 6168
2456 3829
2456 3830
2456 3831
2456 6169
2456 6170
2456 6171
2457 3827
2457 3828
2457 3829
2457 6171
2457 6172
2457 6173
2458 3825
2458 3826
2458 3827
2458 6173
2458 6174
2458 6175
2459 3823
2459 3824
2459 3825
2459 6175
2459 6176
2459 6177
2460 3821
2460 3822
2460 3823
2460 6177
2460 6178
2460 6179
2461 3819
2461 3820
2461 6180
2461 6181
2462 3817
2462 3818
2462 6182
2462 6183
2463 3814
2463 3815
2463 3816
2463 6184
2463 6185
2463 6186
2464 3812
2464 3813
2464 3814
2464 6186
2464 6187
2464 6188
2465 3810
2465 3811
2465 3812
2465 6188
2465 6189
2465 6190
2466 3808
2466 3809
2466 6191
2466 6192
2467 3806
2467 3807
2467 3808
2467 6192
2467 6193
2467 6194
2468 3804
2468 3805
2468 3806
2468 6194
2468 6195
2468 6196
2469 3802
2469 3803
2469 6197
2469 6198
2470 3800
2470 3801
2470 6199
2470 6200
2471 3798
2471 3799
2471 6201
2471 6202
2472 3795
2472 3796
2472 3797
2472 6203
2472 6204
2472 6205
2473 3793
2473 3794
2473 3795
2473 6205
2473 6206
2473 6207
2474 3791
2474 3792
2474 3793
2474 6207
2474 6208
2474 6209
2475 3789
2475 3790
2475 3791
2475 6209
2475 6210
2475 6211
2476 3787
2476 3788
2476 3789
2476 6211
2476 6212
2476 6213
2477 3785
2477 3786
2477 3787
2477 6213
2477 6214
2477 6215
2478 3783
2478 3784
2478 6216
2478 6217
2479 3781
2479 3782
2479 6218
2479 6219
2480 3779
2480 3780
2480 6220
2480 6221
2481 3777
2481 3778
2481 6222
2481 6223
2482 3774
2482 3775
2482 3776
2482 6224
2482 6225
2482 6226
2483 3773
2483 3774
2483 6226
2483 6227
2484 3771
2484 3772
2484 6228
2484 6229
2485 3768
2485 3769
2485 3770
2485 6230
2485 6231
2485 6232
2486 3766
2486 3767
2486 3768
2486 6232
2486 6233
2486 6234
2487 3765
2487 3766
2487 6234
2487 6235
2488 3762
2488 3763
2488 3764
2488 6236
2488 6237
2488 6238
2489 3760
2489 3761
2489 3762
2489 6238
2489 6239
2489 6240
2490 3759
2490 3760
2490 6240
2490 6241
2491 3756
2491 3757
2491 3758
2491 6242
2491 6243
2491 6244
2492 3754
2492 3755
2492 3756
2492 6244
2492 6245
2492 6246
2493 3752
2493 3753
2493 3754
2493 6246
2493 6247
2493 6248
2494 3750
2494 3751
2494 3752
2494 6248
2494 6249
2494 6250
2495 3748
2495 3749
2495 3750
2495 6250
2495 6251
2495 6252
2496 3746
2496 3747
2496 3748
2496 6252
2496 6253
2496 6254
2497 3744
2497 3745
2497 3746
2497 6254
2497 6255
2497 6256
2498 3742
2498 3743
2498 3744
2498 6256
2498 6257
2498 6258
2499 3740
2499 3741
2499 3742
2499 6258
2499 6259
2499 6260
2500 3738
2500 3739
2500 3740
2500 6260
2500 6261
2500 6262
2501 3736
2501 3737
2501 3738
2501 6262
2501 6263
2501 6264
2502 3734
2502 3735
2502 3736
2502 6264
2502 6265
2502 6266
2503 3732
2503 3733
2503 3734
2503 6266
2503 6267
2503 6268
2504 3730
2504 3731
2504 3732
2504 6268
2504 6269
2504 6270
2505 3729
2505 3730
2505 6270
2505 6271
2506 3727
2506 3728
2506 6272
2506 6273
2507 3724
2507 3725
2507 3726
2507 6274
2507 6275
2507 6276
2508 3722
2508 3723
2508 3724
2508 6276
2508 6277
2508 6278
2509 3721
2509 3722
2509 6278
2509 6279
2510 3719
2510 3720
2510 6280
2510 6281
2511 3717
2511 3718
2511 6282
2511 6283
2512 3715
2512 3716
2512 6284
2512 6285
2513 3713
2513 3714
2513 6286
2513 6287
2514 3711
2514 3712
2514 6288
2514 6289
2515 3709
2515 3710
2515 6290
2515 6291
2516 3707
2516 3708
2516 3709
2516 6291
2516 6292
2516 6293
2517 3705
2517 3706
2517 3707
2517 6293
2517 6294
2517 6295
2518 3703
2518 3704
2518 3705
2518 6295
2518 6296
2518 6297
2519 3701
2519 3702
2519 3703
2519 6297
2519 6298
2519 6299
2520 3699
2520 3700
2520 3701
2520 6299
2520 6300
2520 6301
2521 3697
2521 3698
2521 3699
2521 6301
2521 6302
2521 6303
2522 3696
2522 3697
2522 6303
2522 6304
2523 3694
2523 3695
2523 6305
2523 6306
2524 3692
2524 3693
2524 6307
2524 6308
2525 3690
2525 3691
2525 6309
2525 6310
2526 3688
2526 3689
2526 3690
2526 6310
2526 6311
2526 6312
2527 3686
2527 3687
2527 3688
2527 6312
2527 6313
2527 6314
2528 3684
2528 3685
2528 3686
2528 6314
2528 6315
2528 6316
2529 3683
2529 3684
2529 6316
2529 6317
2530 3681
2530 3682
2530 6318
2530 6319
2531 3679
2531 3680
2531 6320
2531 6321
2532 3677
2532 3678
2532 6322
2532 6323
2533 3675
2533 3676
2533 6324
2533 6325
2534 3673
2534 3674
2534 6326
2534 6327
2535 3671
2535 3672
2535 6328
2535 6329
2536 3669
2536 3670
2536 3671
2536 6329
2536 6330
2536 6331
2537 3667
2537 3668
2537 3669
2537 6331
2537 6332
2537 6333
2538 3666
2538 3667
2538 6333
2538 6334
2539 3664
2539 3665
2539 6335
2539 6336
2540 3662
2540 3663
2540 6337
2540 6338
2541 3660
2541 3661
2541 6339
2541 6340
2542 3658
2542 3659
2542 3660
2542 6340
2542 6341
2542 6342
2543 3656
2543 3657
2543 3658
2543 6342
2543 6343
2543 6344
2544 3654
2544 3655
2544 3656
2544 6344
2544 6345
2544 6346
2545 3653
2545 3654
2545 6346
2545 6347
2546 3651
2546 3652
2546 6348
2546 6349
2547 3649
2547 3650
2547 6350
2547 6351
2548 3648
2548 3649
2548 6351
2548 6352
2549 3646
2549 3647
2549 6353
2549 6354
2550 3644
2550 3645
2550 6355
2550 6356
2551 3642
2551 3643
2551 6357
2551 6358
2552 3640
2552 3641
2552 3642
2552 6358
2552 6359
2552 6360
2553 3638
2553 3639
2553 3640
2553 6360
2553 6361
2553 6362
2554 3637
2554 3638
2554 6362
2554 6363
2555 3635
2555 3636
2555 6364
2555 6365
2556 3633
2556 3634
2556 6366
2556 6367
2557 3631
2557 3632
2557 3633
2557 6367
2557 6368
2557 6369
2558 3629
2558 3630
2558 3631
2558 6369
2558 6370
2558 6371
2559 3627
2559 3628
2559 3629
2559 6371
2559 6372
2559 6373
2560 3626
2560 3627
2560 6373
2560 6374
2561 3624
2561 3625
2561 6375
2561 6376
2562 3622
2562 3623
2562 3624
2562 6376
2562 6377
2562 6378
2563 3621
2563 3622
2563 6378
2563 6379
2564 3619
2564 3620
2564 6380
2564 6381
2565 3617
2565 3618
2565 6382
2565 6383
2566 3615
2566 3616
2566 3617
2566 6383
2566 6384
2566 6385
2567 3613
2567 3614
2567 3615
2567 6385
2567 6386
2567 6387
2568 3612
2568 3613
2568 6387
2568 6388
2569 3610
2569 3611
2569 3612
2569 6388
2569 6389
2569 6390
2570 3608
2570 3609
2570 3610
2570 6390
2570 6391
2570 6392
2571 3607
2571 3608
2571 6392
2571 6393
2572 3605
2572 3606
2572 6394
2572 6395
2573 3603
2573 3604
2573 6396
2573 6397
2574 3601
2574 3602
2574 6398
2574 6399
2575 3600
2575 3601
2575 6399
2575 6400
2576 3598
2576 3599
2576 6401
2576 6402
2577 3596
2577 3597
2577 6403
2577 6404
2578 3594
2578 3595
2578 3596
2578 6404
2578 6405
2578 6406
2579 3592
2579 3593
2579 3594
2579 6406
2579 6407
2579 6408
2580 3591
2580 3592
2580 6408
2580 6409
2581 3589
2581 3590
2581 3591
2581 6409
2581 6410
2581 6411
2582 3588
2582 3589
2582 6411
2582 6412
2583 3586
2583 3587
2583 6413
2583 6414
2584 3584
2584 3585
2584 6415
2584 6416
2585 3583
2585 6417
2586 3581
2586 3582
2586 6418
2586 6419
2587 3579
2587 3580
2587 6420
2587 6421
2588 3577
2588 3578
2588 6422
2588 6423
2589 3576
2589 3577
2589 6423
2589 6424
2590 3574
2590 3575
2590 6425
2590 6426
2591 3572
2591 3573
2591 3574
2591 6426
2591 6427
2591 6428
2592 3570
2592 3571
2592 3572
2592 6428
2592 6429
2592 6430
2593 3569
2593 3570
2593 6430
2593 6431
2594 3567
2594 3568
2594 3569
2594 6431
2594 6432
2594 6433
2595 3565
2595 3566
2595 3567
2595 6433
2595 6434
2595 6435
2596 3564
2596 3565
2596 6435
2596 6436
2597 3562
2597 3563
2597 3564
2597 6436
2597 6437
2597 6438
2598 3560
2598 3561
2598 3562
2598 6438
2598 6439
2598 6440
2599 3559
2599 3560
2599 6440
2599 6441
2600 3557
2600 3558
2600 6442
2600 6443
2601 3556
2601 3557
2601 6443
2601 6444
2602 3554
2602 3555
2602 6445
2602 6446
2603 3552
2603 3553
2603 6447
2603 6448
2604 3551
2604 3552
2604 6448
2604 6449
2605 3549
2605 3550
2605 6450
2605 6451
2606 3547
2606 3548
2606 6452
2606 6453
2607 3546
2607 3547
2607 6453
2607 6454
2608 3544
2608 3545
2608 6455
2608 6456
2609 3542
2609 3543
2609 6457
2609 6458
2610 3541
2610 3542
2610 6458
2610 6459
2611 3539
2611 3540
2611 6460
2611 6461
2612 3537
2612 3538
2612 3539
2612 6461
2612 6462
2612 6463
2613 3536
2613 3537
2613 6463
2613 6464
2614 3534
2614 3535
2614 6465
2614 6466
2615 3533
2615 3534
2615 6466
2615 6467
2616 3531
2616 3532
2616 6468
2616 6469
2617 3529
2617 3530
2617 6470
2617 6471
2618 3528
2618 3529
2618 6471
2618 6472
2619 3526
2619 3527
2619 6473
2619 6474
2620 3524
2620 3525
2620 3526
2620 6474
2620 6475
2620 6476
2621 3523
2621 3524
2621 6476
2621 6477
2622 3521
2622 3522
2622 6478
2622 6479
2623 3520
2623 3521
2623 6479
2623 6480
2624 3518
2624 3519
2624 6481
2624 6482
2625 3516
2625 3517
2625 3518
2625 6482
2625 6483
2625 6484
2626 3515
2626 3516
2626 6484
2626 6485
2627 3513
2627 3514
2627 6486
2627 6487
2628 3512
2628 3513
2628 6487
2628 6488
2629 3510
2629 3511
2629 6489
2629 6490
2630 3508
2630 3509
2630 3510
2630 6490
2630 6491
2630 6492
2631 3507
2631 3508
2631 6492
2631 6493
2632 3505
2632 3506
2632 3507
2632 6493
2632 6494
2632 6495
2633 3504
2633 3505
2633 6495
2633 6496
2634 3502
2634 3503
2634 6497
2634 6498
2635 3500
2635 3501
2635 3502
2635 6498
2635 6499
2635 6500
2636 3499
2636 3500
2636 6500
2636 6501
2637 3497
2637 3498
2637 3499
2637 6501
2637 6502
2637 6503
2638 3496
2638 3497
2638 6503
2638 6504
2639 3494
2639 3495
2639 6505
2639 6506
2640 3493
2640 3494
2640 6506
2640 6507
2641 3491
2641 3492
2641 6508
2641 6509
2642 3490
2642 3491
2642 6509
2642 6510
2643 3488
2643 3489
2643 6511
2643 6512
2644 3487
2644 3488
2644 6512
2644 6513
2645 3485
2645 3486
2645 6514
2645 6515
2646 3483
2646 3484
2646 6516
2646 6517
2647 3482
2647 3483
2647 6517
2647 6518
2648 3480
2648 3481
2648 6519
2648 6520
2649 3479
2649 3480
2649 6520
2649 6521
2650 3477
2650 3478
2650 6522
2650 6523
2651 3476
2651 3477
2651 6523
2651 6524
2652 3474
2652 3475
2652 6525
2652 6526
2653 3473
2653 6527
2654 3471
2654 3472
2654 6528
2654 6529
2655 3469
2655 3470
2655 6530
2655 6531
2656 3468
2656 3469
2656 6531
2656 6532
2657 3466
2657 3467
2657 6533
2657 6534
2658 3465
2658 3466
2658 6534
2658 6535
2659 3463
2659 3464
2659 6536
2659 6537
2660 3462
2660 3463
2660 6537
2660 6538
2661 3460
2661 3461
2661 6539
2661 6540
2662 3459
2662 3460
2662 6540
2662 6541
2663 3457
2663 3458
2663 3459
2663 6541
2663 6542
2663 6543
2664 3456
2664 3457
2664 6543
2664 6544
2665 3454
2665 3455
2665 6545
2665 6546
2666 3453
2666 3454
2666 6546
2666 6547
2667 3451
2667 3452
2667 6548
2667 6549
2668 3450
2668 3451
2668 6549
2668 6550
2669 3448
2669 3449
2669 6551
2669 6552
2670 3447
2670 3448
2670 6552
2670 6553
2671 3445
2671 3446
2671 6554
2671 6555
2672 3444
2672 3445
2672 6555
2672 6556
2673 3442
2673 3443
2673 6557
2673 6558
2674 3441
2674 3442
2674 6558
2674 6559
2675 3439
2675 3440
2675 6560
2675 6561
2676 3438
2676 3439
2676 6561
2676 6562
2677 3436
2677 3437
2677 6563
2677 6564
2678 3435
2678 3436
2678 6564
2678 6565
2679 3433
2679 3434
2679 6566
2679 6567
2680 3432
2680 3433
2680 6567
2680 6568
2681 3430
2681 3431
2681 3432
2681 6568
2681 6569
2681 6570
2682 3429
2682 3430
2682 6570
2682 6571
2683 3427
2683 3428
2683 3429
2683 6571
2683 6572
2683 6573
2684 3426
2684 3427
2684 6573
2684 6574
2685 3425
2685 6575
2686 3423
2686 3424
2686 6576
2686 6577
2687 3422
2687 6578
2688 3420
2688 3421
2688 6579
2688 6580
2689 3419
2689 6581
2690 3417
2690 3418
2690 6582
2690 6583
2691 3416
2691 3417
2691 6583
2691 6584
2692 3414
2692 3415
2692 6585
2692 6586
2693 3413
2693 3414
2693 6586
2693 6587
2694 3411
2694 3412
2694 3413
2694 6587
2694 6588
2694 6589
2695 3410
2695 3411
2695 6589
2695 6590
2696 3408
2696 3409
2696 6591
2696 6592
2697 3407
2697 3408
2697 6592
2697 6593
2698 3406
2698 6594
2699 3404
2699 3405
2699 6595
2699 6596
2700 3403
2700 6597
2701 3401
2701 3402
2701 6598
2701 6599
2702 3400
2702 3401
2702 6599
2702 6600
2703 3398
2703 3399
2703 6601
2703 6602
2704 3397
2704 3398
2704 6602
2704 6603
2705 3395
2705 3396
2705 3397
2705 6603
2705 6604
2705 6605
2706 3394
2706 3395
2706 6605
2706 6606
2707 3393
2707 3394
2707 6606
2707 6607
2708 3391
2708 3392
2708 6608
2708 6609
2709 3390
2709 3391
2709 6609
2709 6610
2710 3388
2710 3389
2710 6611
2710 6612
2711 3387
2711 3388
2711 6612
2711 6613
2712 3385
2712 3386
2712 6614
2712 6615
2713 3384
2713 3385
2713 6615
2713 6616
2714 3382
2714 3383
2714 3384
2714 6616
2714 6617
2714 6618
2715 3381
2715 3382
2715 6618
2715 6619
2716 3380
2716 3381
2716 6619
2716 6620
2717 3379
2717 6621
2718 3377
2718 3378
2718 6622
2718 6623
2719 3376
2719 6624
2720 3374
2720 3375
2720 6625
2720 6626
2721 3373
2721 3374
2721 6626
2721 6627
2722 3371
2722 3372
2722 6628
2722 6629
2723 3370
2723 3371
2723 6629
2723 6630
2724 3369
2724 3370
2724 6630
2724 6631
2725 3367
2725 3368
2725 6632
2725 6633
2726 3366
2726 3367
2726 6633
2726 6634
2727 3365
2727 6635
2728 3363
2728 3364
2728 6636
2728 6637
2729 3362
2729 6638
2730 3360
2730 3361
2730 6639
2730 6640
2731 3359
2731 3360
2731 6640
2731 6641
2732 3357
2732 3358
2732 3359
2732 6641
2732 6642
2732 6643
2733 3356
2733 3357
2733 6643
2733 6644
2734 3355
2734 3356
2734 6644
2734 6645
2735 3354
2735 6646
2736 3352
2736 3353
2736 6647
2736 6648
2737 3351
2737 6649
2738 3349
2738 3350
2738 6650
2738 6651
2739 3348
2739 3349
2739 6651
2739 6652
2740 3346
2740 3347
2740 3348
2740 6652
2740 6653
2740 6654
2741 3345
2741 3346
2741 6654
2741 6655
2742 3344
2742 3345
2742 6655
2742 6656
2743 3343
2743 6657
2744 3341
2744 3342
2744 6658
2744 6659
2745 3340
2745 3341
2745 6659
2745 6660
2746 3338
2746 3339
2746 6661
2746 6662
2747 3337
2747 3338
2747 6662
2747 6663
2748 3336
2748 3337
2748 6663
2748 6664
2749 3334
2749 3335
2749 6665
2749 6666
2750 3333
2750 3334
2750 6666
2750 6667
2751 3332
2751 6668
2752 3330
2752 3331
2752 6669
2752 6670
2753 3329
2753 3330
2753 6670
2753 6671
2754 3327
2754 3328
2754 3329
2754 6671
2754 6672
2754 6673
2755 3326
2755 3327
2755 6673
2755 6674
2756 3325
2756 3326
2756 6674
2756 6675
2757 3324
2757 6676
2758 3322
2758 3323
2758 6677
2758 6678
2759 3321
2759 3322
2759 6678
2759 6679
2760 3319
2760 3320
2760 3321
2760 6679
2760 6680
2760 6681
2761 3318
2761 3319
2761 6681
2761 6682
2762 3317
2762 3318
2762 6682
2762 6683
2763 3316
2763 6684
2764 3314
2764 3315
2764 6685
2764 6686
2765 3313
2765 3314
2765 6686
2765 6687
2766 3311
2766 3312
2766 6688
2766 6689
2767 3310
2767 3311
2767 6689
2767 6690
2768 3309
2768 3310
2768 6690
2768 6691
2769 3308
2769 3309
2769 6691
2769 6692
2770 3306
2770 3307
2770 6693
2770 6694
2771 3305
2771 3306
2771 6694
2771 6695
2772 3304
2772 6696
2773 3302
2773 3303
2773 6697
2773 6698
2774 3301
2774 3302
2774 6698
2774 6699
2775 3300
2775 3301
2775 6699
2775 6700
2776 3299
2776 6701
2777 3297
2777 3298
2777 6702
2777 6703
2778 3296
2778 3297
2778 6703
2778 6704
2779 3294
2779 3295
2779 6705
2779 6706
2780 3293
2780 3294
2780 6706
2780 6707
2781 3292
2781 3293
2781 6707
2781 6708
2782 3291
2782 6709
2783 3289
2783 3290
2783 6710
2783 6711
2784 3288
2784 3289
2784 6711
2784 6712
2785 3287
2785 3288
2785 6712
2785 6713
2786 3285
2786 3286
2786 3287
2786 6713
2786 6714
2786 6715
2787 3284
2787 3285
2787 6715
2787 6716
2788 3283
2788 3284
2788 6716
2788 6717
2789 3282
2789 6718
2790 3280
2790 3281
2790 6719
2790 6720
2791 3279
2791 3280
2791 6720
2791 6721
2792 3278
2792 3279
2792 6721
2792 6722
2793 3277
2793 6723
2794 3275
2794 3276
2794 6724
2794 6725
2795 3274
2795 3275
2795 6725
2795 6726
2796 3272
2796 3273
2796 6727
2796 6728
2797 3271
2797 3272
2797 6728
2797 6729
2798 3270
2798 3271
2798 6729
2798 6730
2799 3269
2799 3270
2799 6730
2799 6731
2800 3268
2800 6732
2801 3266
2801 3267
2801 6733
2801 6734
2802 3265
2802 3266
2802 6734
2802 6735
2803 3264
2803 3265
2803 6735
2803 6736
2804 3263
2804 6737
2805 3261
2805 3262
2805 6738
2805 6739
2806 3260
2806 3261
2806 6739
2806 6740
2807 3258
2807 3259
2807 3260
2807 6740
2807 6741
2807 6742
2808 3257
2808 3258
2808 6742
2808 6743
2809 3256
2809 3257
2809 6743
2809 6744
2810 3255
2810 3256
2810 6744
2810 6745
2811 3254
2811 6746
2812 3252
2812 3253
2812 6747
2812 6748
2813 3251
2813 3252
2813 6748
2813 6749
2814 3250
2814 3251
2814 6749
2814 6750
2815 3249
2815 6751
2816 3247
2816 3248
2816 6752
2816 6753
2817 3246
2817 3247
2817 6753
2817 6754
2818 3245
2818 3246
2818 6754
2818 6755
2819 3244
2819 3245
2819 6755
2819 6756
2820 3243
2820 6757
2821 3241
2821 3242
2821 6758
2821 6759
2822 3240
2822 3241
2822 6759
2822 6760
2823 3239
2823 3240
2823 6760
2823 6761
2824 3238
2824 6762
2825 3236
2825 3237
2825 6763
2825 6764
2826 3235
2826 3236
2826 6764
2826 6765
2827 3234
2827 3235
2827 6765
2827 6766
2828 3232
2828 3233
2828 6767
2828 6768
2829 3231
2829 3232
2829 6768
2829 6769
2830 3230
2830 3231
2830 6769
2830 6770
2831 3229
2831 3230
2831 6770
2831 6771
2832 3228
2832 6772
2833 3226
2833 3227
2833 6773
2833 6774
2834 3225
2834 3226
2834 6774
2834 6775
2835 3224
2835 3225
2835 6775
2835 6776
2836 3223
2836 6777
2837 3221
2837 3222
2837 6778
2837 6779
2838 3220
2838 3221
2838 6779
2838 6780
2839 3219
2839 3220
2839 6780
2839 6781
2840 3218
2840 3219
2840 6781
2840 6782
2841 3217
2841 6783
2842 3215
2842 3216
2842 6784
2842 6785
2843 3214
2843 3215
2843 6785
2843 6786
2844 3213
2844 3214
2844 6786
2844 6787
2845 3212
2845 3213
2845 6787
2845 6788
2846 3211
2846 6789
2847 3209
2847 3210
2847 6790
2847 6791
2848 3208
2848 3209
2848 6791
2848 6792
2849 3207
2849 3208
2849 6792
2849 6793
2850 3206
2850 3207
2850 6793
2850 6794
2851 3204
2851 3205
2851 6795
2851 6796
2852 3203
2852 3204
2852 6796
2852 6797
2853 3202
2853 3203
2853 6797
2853 6798
2854 3201
2854 3202
2854 6798
2854 6799
2855 3200
2855 6800
2856 3199
2856 3200
2856 6800
2856 6801
2857 3198
2857 6802
2858 3196
2858 3197
2858 6803
2858 6804
2859 3195
2859 3196
2859 6804
2859 6805
2860 3194
2860 3195
2860 6805
2860 6806
2861 3193
2861 3194
2861 6806
2861 6807
2862 3192
2862 6808
2863 3190
2863 3191
2863 6809
2863 6810
2864 3189
2864 3190
2864 6810
2864 6811
2865 3188
2865 3189
2865 6811
2865 6812
2866 3187
2866 3188
2866 6812
2866 6813
2867 3186
2867 6814
2868 3184
2868 3185
2868 6815
2868 6816
2869 3183
2869 3184
2869 6816
2869 6817
2870 3182
2870 3183
2870 6817
2870 6818
2871 3181
2871 3182
2871 6818
2871 6819
2872 3180
2872 3181
2872 6819
2872 6820
2873 3179
2873 6821
2874 3177
2874 3178
2874 6822
2874 6823
2875 3176
2875 3177
2875 6823
2875 6824
2876 3175
2876 3176
2876 6824
2876 6825
2877 3174
2877 3175
2877 6825
2877 6826
2878 3173
2878 3174
2878 6826
2878 6827
2879 3172
2879 3173
2879 6827
2879 6828
2880 3171
2880 6829
2881 3169
2881 3170
2881 6830
2881 6831
2882 3168
2882 3169
2882 6831
2882 6832
2883 3167
2883 3168
2883 6832
2883 6833
2884 3166
2884 3167
2884 6833
2884 6834
2885 3165
2885 6835
2886 3163
2886 3164
2886 6836
2886 6837
2887 3162
2887 3163
2887 6837
2887 6838
2888 3161
2888 3162
2888 6838
2888 6839
2889 3160
2889 3161
2889 6839
2889 6840
2890 3159
2890 3160
2890 6840
2890 6841
2891 3158
2891 3159
2891 6841
2891 6842
2892 3157
2892 3158
2892 6842
2892 6843
2893 3156
2893 6844
2894 3154
2894 3155
2894 6845
2894 6846
2895 3153
2895 3154
2895 6846
2895 6847
2896 3152
2896 3153
2896 6847
2896 6848
2897 3151
2897 3152
2897 6848
2897 6849
2898 3150
2898 6850
2899 3149
2899 3150
2899 6850
2899 6851
2900 3148
2900 6852
2901 3147
2901 6853
2902 3145
2902 3146
2902 6854
2902 6855
2903 3144
2903 3145
2903 6855
2903 6856
2904 3143
2904 3144
2904 6856
2904 6857
2905 3142
2905 3143
2905 6857
2905 6858
2906 3141
2906 6859
2907 3140
2907 6860
2908 3139
2908 6861
2909 3138
2909 6862
2910 3136
2910 3137
2910 6863
2910 6864
2911 3135
2911 3136
2911 6864
2911 6865
2912 3134
2912 3135
2912 6865
2912 6866
2913 3133
2913 3134
2913 6866
2913 6867
2914 3132
2914 6868
2915 3131
2915 3132
2915 6868
2915 6869
2916 3130
2916 6870
2917 3129
2917 6871
2918 3127
2918 3128
2918 6872
2918 6873
2919 3126
2919 3127
2919 6873
2919 6874
2920 3125
2920 3126
2920 6874
2920 6875
2921 3124
2921 3125
2921 6875
2921 6876
2922 3123
2922 3124
2922 6876
2922 6877
2923 3122
2923 3123
2923 6877
2923 6878
2924 3121
2924 3122
2924 6878
2924 6879
2925 3120
2925 6880
2926 3118
2926 3119
2926 6881
2926 6882
2927 3117
2927 3118
2927 6882
2927 6883
2928 3116
2928 3117
2928 6883
2928 6884
2929 3115
2929 3116
2929 6884
2929 6885
2930 3114
2930 3115
2930 6885
2930 6886
2931 3113
2931 3114
2931 6886
2931 6887
2932 3112
2932 3113
2932 6887
2932 6888
2933 3111
2933 6889
2934 3110
2934 6890
2935 3109
2935 3110
2935 6890
2935 6891
2936 3108
2936 6892
2937 3106
2937 3107
2937 6893
2937 6894
2938 3105
2938 3106
2938 6894
2938 6895
2939 3105
2939 6895
2940 3103
2940 3104
2940 6896
2940 6897
2941 3102
2941 3103
2941 6897
2941 6898
2942 3101
2942 3102
2942 6898
2942 6899
2943 3100
2943 3101
2943 6899
2943 6900
2944 3099
2944 3100
2944 6900
2944 6901
2945 3098
2945 6902
2946 3097
2946 3098
2946 6902
2946 6903
2947 3096
2947 6904
2948 3095
2948 6905
2949 3093
2949 3094
2949 6906
2949 6907
2950 3093
2950 6907
2951 3091
2951 3092
2951 6908
2951 6909
2952 3090
2952 3091
2952 6909
2952 6910
2953 3089
2953 3090
2953 6910
2953 6911
2954 3088
2954 3089
2954 6911
2954 6912
2955 3087
2955 3088
2955 6912
2955 6913
2956 3086
2956 3087
2956 6913
2956 6914
2957 3085
2957 3086
2957 6914
2957 6915
2958 3084
2958 3085
2958 6915
2958 6916
2959 3083
2959 6917
2960 3082
2960 6918
2961 3081
2961 3082
2961 6918
2961 6919
2962 3080
2962 6920
2963 3078
2963 3079
2963 6921
2963 6922
2964 3077
2964 3078
2964 6922
2964 6923
2965 3077
2965 6923
2966 3075
2966 3076
2966 6924
2966 6925
2967 3074
2967 3075
2967 6925
2967 6926
2968 3073
2968 3074
2968 6926
2968 6927
2969 3072
2969 3073
2969 6927
2969 6928
2970 3071
2970 3072
2970 6928
2970 6929
2971 3070
2971 3071
2971 6929
2971 6930
2972 3069
2972 3070
2972 6930
2972 6931
2973 3068
2973 3069
2973 6931
2973 6932
2974 3067
2974 3068
2974 6932
2974 6933
2975 3066
2975 3067
2975 6933
2975 6934
2976 3065
2976 3066
2976 6934
2976 6935
2977 3064
2977 6936
2978 3063
2978 6937
2979 3062
2979 3063
2979 6937
2979 6938
2980 3061
2980 6939
2981 3059
2981 3060
2981 6940
2981 6941
2982 3059
2982 6941
2983 3058
2983 6942
2984 3056
2984 3057
2984 6943
2984 6944
2985 3055
2985 3056
2985 6944
2985 6945
2986 3055
2986 6945
2987 3053
2987 3054
2987 6946
2987 6947
2988 3052
2988 3053
2988 6947
2988 6948
2989 3051
2989 3052
2989 6948
2989 6949
2990 3050
2990 3051
2990 6949
2990 6950
2991 3049
2991 3050
2991 6950
2991 6951
2992 3048
2992 3049
2992 6951
2992 6952
2993 3047
2993 3048
2993 6952
2993 6953
2994 3046
2994 3047
2994 6953
2994 6954
2995 3045
2995 3046
2995 6954
2995 6955
2996 3044
2996 3045
2996 6955
2996 6956
2997 3043
2997 3044
2997 6956
2997 6957
2998 3042
2998 3043
2998 6957
2998 6958
2999 3041
2999 3042
2999 6958
2999 6959
3000 3040
3000 3041
3000 6959
3000 6960
3001 3039
3001 3040
3001 6960
3001 6961
3002 3038
3002 3039
3002 6961
3002 6962
3003 3037
3003 3038
3003 6962
3003 6963
3004 3036
3004 3037
3004 6963
3004 6964
3005 3035
3005 6965
3006 3034
3006 3035
3006 6965
3006 6966
3007 3033
3007 3034
3007 6966
3007 6967
3008 3032
3008 6968
3009 3031
3009 3032
3009 6968
3009 6969
3010 3030
3010 3031
3010 6969
3010 6970
3011 3029
3011 3030
3011 6970
3011 6971
3012 3028
3012 6972
3013 3027
3013 3028
3013 6972
3013 6973
3014 3026
3014 3027
3014 6973
3014 6974
3015 3025
3015 6975
3016 3024
3016 3025
3016 6975
3016 6976
3017 3023
3017 3024
3017 6976
3017 6977
3018 3022
3018 6978
3019 3021
3019 6979
3020 3020
3020 3021
3020 6979
3020 6980
3021 3019
3021 6981
3022 3018
3022 6982
3023 3017
3023 3018
3023 6982
3023 6983
3024 3016
3024 3017
3024 6983
3024 6984
3025 3015
3025 6985
3026 3014
3026 3015
3026 6985
3026 6986
3027 3013
3027 3014
3027 6986
3027 6987
3028 3012
3028 6988
3029 3011
3029 6989
3030 3010
3030 3011
3030 6989
3030 6990
3031 3009
3031 3010
3031 6990
3031 6991
3032 3008
3032 6992
3033 3007
3033 3008
3033 6992
3033 6993
3034 3006
3034 3007
3034 6993
3034 6994
3035 3005
3035 6995
3036 3004
3036 3005
3036 6995
3036 6996
3037 3003
3037 3004
3037 6996
3037 6997
3038 3002
3038 3003
3038 6997
3038 6998
3039 3001
3039 3002
3039 6998
3039 6999
3040 3000
3040 3001
3040 6999
3040 7000
3041 2999
3041 3000
3041 7000
3041 7001
3042 2998
3042 2999
3042 7001
3042 7002
3043 2997
3043 2998
3043 7002
3043 7003
3044 2996
3044 2997
3044 7003
3044 7004
3045 2995
3045 2996
3045 7004
3045 7005
3046 2994
3046 2995
3046 7005
3046 7006
3047 2993
3047 2994
3047 7006
3047 7007
3048 2992
3048 2993
3048 7007
3048 7008
3049 2991
3049 2992
3049 7008
3049 7009
3050 2990
3050 2991
3050 7009
3050 7010
3051 2989
3051 2990
3051 7010
3051 7011
3052 2988
3052 2989
3052 7011
3052 7012
3053 2988
3053 7012
3054 2986
3054 2987
3054 7013
3054 7014
3055 2985
3055 2986
3055 7014
3055 7015
3056 2985
3056 7015
3057 2984
3057 7016
3058 2982
3058 2983
3058 7017
3058 7018
3059 2982
3059 7018
3060 2981
3060 7019
3061 2980
3061 7020
3062 2979
3062 7021
3063 2978
3063 7022
3064 2977
3064 7023
3065 2976
3065 2977
3065 7023
3065 7024
3066 2975
3066 2976
3066 7024
3066 7025
3067 2974
3067 2975
3067 7025
3067 7026
3068 2973
3068 2974
3068 7026
3068 7027
3069 2972
3069 2973
3069 7027
3069 7028
3070 2971
3070 2972
3070 7028
3070 7029
3071 2970
3071 2971
3071 7029
3071 7030
3072 2969
3072 2970
3072 7030
3072 7031
3073 2968
3073 2969
3073 7031
3073 7032
3074 2967
3074 2968
3074 7032
3074 7033
3075 2967
3075 7033
3076 2965
3076 2966
3076 7034
3076 7035
3077 2964
3077 2965
3077 7035
3077 7036
3078 2964
3078 7036
3079 2963
3079 7037
3080 2962
3080 7038
3081 2961
3081 7039
3082 2960
3082 7040
3083 2959
3083 7041
3084 2958
3084 2959
3084 7041
3084 7042
3085 2957
3085 2958
3085 7042
3085 7043
3086 2956
3086 2957
3086 7043
3086 7044
3087 2955
3087 2956
3087 7044
3087 7045
3088 2954
3088 2955
3088 7045
3088 7046
3089 2953
3089 2954
3089 7046
3089 7047
3090 2952
3090 2953
3090 7047
3090 7048
3091 2952
3091 7048
3092 2950
3092 2951
3092 7049
3092 7050
3093 2949
3093 2950
3093 7050
3093 7051
3094 2949
3094 7051
3095 2948
3095 7052
3096 2947
3096 7053
3097 2946
3097 2947
3097 7053
3097 7054
3098 2945
3098 7055
3099 2944
3099 7056
3100 2943
3100 2944
3100 7056
3100 7057
3101 2942
3101 2943
3101 7057
3101 7058
3102 2941
3102 2942
3102 7058
3102 7059
3103 2940
3103 2941
3103 7059
3103 7060
3104 2939
3104 2940
3104 7060
3104 7061
3105 2938
3105 2939
3105 7061
3105 7062
3106 2938
3106 7062
3107 2937
3107 7063
3108 2936
3108 7064
3109 2935
3109 7065
3110 2934
3110 7066
3111 2933
3111 7067
3112 2932
3112 2933
3112 7067
3112 7068
3113 2931
3113 2932
3113 7068
3113 7069
3114 2930
3114 2931
3114 7069
3114 7070
3115 2929
3115 2930
3115 7070
3115 7071
3116 2928
3116 2929
3116 7071
3116 7072
3117 2927
3117 2928
3117 7072
3117 7073
3118 2927
3118 7073
3119 2926
3119 7074
3120 2925
3120 7075
3121 2924
3121 7076
3122 2923
3122 2924
3122 7076
3122 7077
3123 2922
3123 7078
3124 2921
3124 2922
3124 7078
3124 7079
3125 2920
3125 2921
3125 7079
3125 7080
3126 2919
3126 2920
3126 7080
3126 7081
3127 2918
3127 2919
3127 7081
3127 7082
3128 2918
3128 7082
3129 2917
3129 7083
3130 2916
3130 7084
3131 2915
3131 7085
3132 2914
3132 7086
3133 2913
3133 2914
3133 7086
3133 7087
3134 2912
3134 2913
3134 7087
3134 7088
3135 2911
3135 2912
3135 7088
3135 7089
3136 2910
3136 2911
3136 7089
3136 7090
3137 2910
3137 7090
3138 2908
3138 2909
3138 7091
3138 7092
3139 2908
3139 7092
3140 2907
3140 7093
3141 2906
3141 7094
3142 2905
3142 2906
3142 7094
3142 7095
3143 2904
3143 2905
3143 7095
3143 7096
3144 2903
3144 2904
3144 7096
3144 7097
3145 2902
3145 2903
3145 7097
3145 7098
3146 2902
3146 7098
3147 2901
3147 7099
3148 2900
3148 7100
3149 2899
3149 7101
3150 2898
3150 7102
3151 2897
3151 2898
3151 7102
3151 7103
3152 2896
3152 2897
3152 7103
3152 7104
3153 2895
3153 2896
3153 7104
3153 7105
3154 2894
3154 2895
3154 7105
3154 7106
3155 2894
3155 7106
3156 2893
3156 7107
3157 2892
3157 7108
3158 2891
3158 2892
3158 7108
3158 7109
3159 2890
3159 7110
3160 2889
3160 2890
3160 7110
3160 7111
3161 2888
3161 2889
3161 7111
3161 7112
3162 2887
3162 2888
3162 7112
3162 7113
3163 2887
3163 7113
3164 2886
3164 7114
3165 2885
3165 7115
3166 2884
3166 2885
3166 7115
3166 7116
3167 2883
3167 2884
3167 7116
3167 7117
3168 2882
3168 2883
3168 7117
3168 7118
3169 2881
3169 2882
3169 7118
3169 7119
3170 2881
3170 7119
3171 2880
3171 7120
3172 2879
3172 7121
3173 2878
3173 7122
3174 2877
3174 7123
3175 2876
3175 2877
3175 7123
3175 7124
3176 2875
3176 2876
3176 7124
3176 7125
3177 2874
3177 2875
3177 7125
3177 7126
3178 2874
3178 7126
3179 2873
3179 7127
3180 2872
3180 7128
3181 2871
3181 2872
3181 7128
3181 7129
3182 2870
3182 2871
3182 7129
3182 7130
3183 2869
3183 2870
3183 7130
3183 7131
3184 2869
3184 7131
3185 2868
3185 7132
3186 2867
3186 7133
3187 2866
3187 2867
3187 7133
3187 7134
3188 2865
3188 2866
3188 7134
3188 7135
3189 2864
3189 2865
3189 7135
3189 7136
3190 2864
3190 7136
3191 2863
3191 7137
3192 2862
3192 7138
3193 2861
3193 7139
3194 2860
3194 7140
3195 2859
3195 2860
3195 7140
3195 7141
3196 2858
3196 2859
3196 7141
3196 7142
3197 2857
3197 2858
3197 7142
3197 7143
3198 2857
3198 7143
3199 2856
3199 7144
3200 2855
3200 7145
3201 2854
3201 2855
3201 7145
3201 7146
3202 2853
3202 2854
3202 7146
3202 7147
3203 2852
3203 2853
3203 7147
3203 7148
3204 2852
3204 7148
3205 2851
3205 7149
3206 2850
3206 7150
3207 2849
3207 2850
3207 7150
3207 7151
3208 2848
3208 2849
3208 7151
3208 7152
3209 2847
3209 2848
3209 7152
3209 7153
3210 2847
3210 7153
3211 2846
3211 7154
3212 2845
3212 7155
3213 2844
3213 2845
3213 7155
3213 7156
3214 2843
3214 2844
3214 7156
3214 7157
3215 2842
3215 2843
3215 7157
3215 7158
3216 2842
3216 7158
3217 2841
3217 7159
3218 2840
3218 7160
3219 2839
3219 2840
3219 7160
3219 7161
3220 2838
3220 2839
3220 7161
3220 7162
3221 2838
3221 7162
3222 2837
3222 7163
3223 2836
3223 7164
3224 2835
3224 2836
3224 7164
3224 7165
3225 2834
3225 2835
3225 7165
3225 7166
3226 2833
3226 2834
3226 7166
3226 7167
3227 2833
3227 7167
3228 2832
3228 7168
3229 2831
3229 7169
3230 2830
3230 2831
3230 7169
3230 7170
3231 2829
3231 2830
3231 7170
3231 7171
3232 2828
3232 2829
3232 7171
3232 7172
3233 2828
3233 7172
3234 2827
3234 7173
3235 2826
3235 2827
3235 7173
3235 7174
3236 2825
3236 2826
3236 7174
3236 7175
3237 2824
3237 2825
3237 7175
3237 7176
3238 2824
3238 7176
3239 2823
3239 7177
3240 2822
3240 7178
3241 2821
3241 2822
3241 7178
3241 7179
3242 2820
3242 2821
3242 7179
3242 7180
3243 2820
3243 7180
3244 2819
3244 7181
3245 2818
3245 2819
3245 7181
3245 7182
3246 2817
3246 2818
3246 7182
3246 7183
3247 2817
3247 7183
3248 2816
3248 7184
3249 2815
3249 7185
3250 2814
3250 2815
3250 7185
3250 7186
3251 2813
3251 2814
3251 7186
3251 7187
3252 2812
3252 2813
3252 7187
3252 7188
3253 2812
3253 7188
3254 2811
3254 7189
3255 2810
3255 7190
3256 2809
3256 2810
3256 7190
3256 7191
3257 2808
3257 2809
3257 7191
3257 7192
3258 2808
3258 7192
3259 2807
3259 7193
3260 2806
3260 7194
3261 2805
3261 2806
3261 7194
3261 7195
3262 2804
3262 2805
3262 7195
3262 7196
3263 2804
3263 7196
3264 2803
3264 7197
3265 2802
3265 2803
3265 7197
3265 7198
3266 2801
3266 2802
3266 7198
3266 7199
3267 2801
3267 7199
3268 2800
3268 7200
3269 2799
3269 7201
3270 2798
3270 2799
3270 7201
3270 7202
3271 2797
3271 2798
3271 7202
3271 7203
3272 2797
3272 7203
3273 2796
3273 7204
3274 2795
3274 7205
3275 2794
3275 2795
3275 7205
3275 7206
3276 2793
3276 2794
3276 7206
3276 7207
3277 2793
3277 7207
3278 2792
3278 2793
3278 7207
3278 7208
3279 2791
3279 2792
3279 7208
3279 7209
3280 2790
3280 2791
3280 7209
3280 7210
3281 2790
3281 7210
3282 2789
3282 7211
3283 2788
3283 7212
3284 2787
3284 2788
3284 7212
3284 7213
3285 2786
3285 2787
3285 7213
3285 7214
3286 2786
3286 7214
3287 2785
3287 7215
3288 2784
3288 7216
3289 2784
3289 7216
3290 2783
3290 7217
3291 2782
3291 7218
3292 2781
3292 2782
3292 7218
3292 7219
3293 2780
3293 2781
3293 7219
3293 7220
3294 2779
3294 2780
3294 7220
3294 7221
3295 2779
3295 7221
3296 2778
3296 7222
3297 2777
3297 2778
3297 7222
3297 7223
3298 2776
3298 2777
3298 7223
3298 7224
3299 2776
3299 7224
3300 2775
3300 7225
3301 2774
3301 2775
3301 7225
3301 7226
3302 2773
3302 2774
3302 7226
3302 7227
3303 2773
3303 7227
3304 2772
3304 7228
3305 2771
3305 7229
3306 2770
3306 2771
3306 7229
3306 7230
3307 2770
3307 7230
3308 2769
3308 7231
3309 2768
3309 2769
3309 7231
3309 7232
3310 2767
3310 2768
3310 7232
3310 7233
3311 2767
3311 7233
3312 2766
3312 7234
3313 2765
3313 7235
3314 2764
3314 2765
3314 7235
3314 7236
3315 2764
3315 7236
3316 2763
3316 7237
3317 2762
3317 2763
3317 7237
3317 7238
3318 2761
3318 2762
3318 7238
3318 7239
3319 2761
3319 7239
3320 2760
3320 7240
3321 2759
3321 7241
3322 2758
3322 2759
3322 7241
3322 7242
3323 2758
3323 7242
3324 2757
3324 7243
3325 2756
3325 2757
3325 7243
3325 7244
3326 2755
3326 2756
3326 7244
3326 7245
3327 2754
3327 2755
3327 7245
3327 7246
3328 2754
3328 7246
3329 2753
3329 7247
3330 2752
3330 2753
3330 7247
3330 7248
3331 2752
3331 7248
3332 2751
3332 7249
3333 2750
3333 2751
3333 7249
3333 7250
3334 2749
3334 2750
3334 7250
3334 7251
3335 2748
3335 2749
3335 7251
3335 7252
3336 2748
3336 7252
3337 2747
3337 2748
3337 7252
3337 7253
3338 2746
3338 2747
3338 7253
3338 7254
3339 2746
3339 7254
3340 2745
3340 7255
3341 2744
3341 2745
3341 7255
3341 7256
3342 2744
3342 7256
3343 2743
3343 7257
3344 2742
3344 7258
3345 2741
3345 2742
3345 7258
3345 7259
3346 2740
3346 2741
3346 7259
3346 7260
3347 2740
3347 7260
3348 2739
3348 7261
3349 2738
3349 2739
3349 7261
3349 7262
3350 2738
3350 7262
3351 2737
3351 7263
3352 2736
3352 2737
3352 7263
3352 7264
3353 2735
3353 2736
3353 7264
3353 7265
3354 2735
3354 7265
3355 2734
3355 7266
3356 2733
3356 2734
3356 7266
3356 7267
3357 2732
3357 2733
3357 7267
3357 7268
3358 2732
3358 7268
3359 2731
3359 7269
3360 2730
3360 2731
3360 7269
3360 7270
3361 2730
3361 7270
3362 2729
3362 7271
3363 2728
3363 2729
3363 7271
3363 7272
3364 2727
3364 2728
3364 7272
3364 7273
3365 2727
3365 7273
3366 2726
3366 2727
3366 7273
3366 7274
3367 2725
3367 2726
3367 7274
3367 7275
3368 2724
3368 2725
3368 7275
3368 7276
3369 2724
3369 7276
3370 2723
3370 2724
3370 7276
3370 7277
3371 2722
3371 2723
3371 7277
3371 7278
3372 2722
3372 7278
3373 2721
3373 7279
3374 2720
3374 2721
3374 7279
3374 7280
3375 2720
3375 7280
3376 2719
3376 7281
3377 2718
3377 2719
3377 7281
3377 7282
3378 2717
3378 2718
3378 7282
3378 7283
3379 2717
3379 7283
3380 2716
3380 2717
3380 7283
3380 7284
3381 2715
3381 2716
3381 7284
3381 7285
3382 2715
3382 7285
3383 2714
3383 7286
3384 2713
3384 2714
3384 7286
3384 7287
3385 2713
3385 7287
3386 2712
3386 7288
3387 2711
3387 7289
3388 2710
3388 2711
3388 7289
3388 7290
3389 2710
3389 7290
3390 2709
3390 7291
3391 2708
3391 2709
3391 7291
3391 7292
3392 2707
3392 2708
3392 7292
3392 7293
3393 2707
3393 7293
3394 2706
3394 2707
3394 7293
3394 7294
3395 2705
3395 2706
3395 7294
3395 7295
3396 2705
3396 7295
3397 2704
3397 7296
3398 2703
3398 2704
3398 7296
3398 7297
3399 2703
3399 7297
3400 2702
3400 7298
3401 2701
3401 2702
3401 7298
3401 7299
3402 2701
3402 7299
3403 2700
3403 7300
3404 2699
3404 2700
3404 7300
3404 7301
3405 2698
3405 2699
3405 7301
3405 7302
3406 2698
3406 7302
3407 2697
3407 2698
3407 7302
3407 7303
3408 2696
3408 2697
3408 7303
3408 7304
3409 2696
3409 7304
3410 2695
3410 2696
3410 7304
3410 7305
3411 2694
3411 2695
3411 7305
3411 7306
3412 2694
3412 7306
3413 2693
3413 7307
3414 2692
3414 2693
3414 7307
3414 7308
3415 2692
3415 7308
3416 2691
3416 7309
3417 2690
3417 2691
3417 7309
3417 7310
3418 2690
3418 7310
3419 2689
3419 7311
3420 2688
3420 2689
3420 7311
3420 7312
3421 2688
3421 7312
3422 2687
3422 7313
3423 2686
3423 2687
3423 7313
3423 7314
3424 2685
3424 2686
3424 7314
3424 7315
3425 2685
3425 7315
3426 2684
3426 2685
3426 7315
3426 7316
3427 2683
3427 2684
3427 7316
3427 7317
3428 2683
3428 7317
3429 2682
3429 2683
3429 7317
3429 7318
3430 2681
3430 2682
3430 7318
3430 7319
3431 2681
3431 7319
3432 2680
3432 7320
3433 2679
3433 2680
3433 7320
3433 7321
3434 2679
3434 7321
3435 2678
3435 7322
3436 2677
3436 2678
3436 7322
3436 7323
3437 2677
3437 7323
3438 2676
3438 7324
3439 2675
3439 2676
3439 7324
3439 7325
3440 2675
3440 7325
3441 2674
3441 7326
3442 2673
3442 2674
3442 7326
3442 7327
3443 2673
3443 7327
3444 2672
3444 7328
3445 2671
3445 2672
3445 7328
3445 7329
3446 2671
3446 7329
3447 2670
3447 7330
3448 2669
3448 2670
3448 7330
3448 7331
3449 2668
3449 2669
3449 7331
3449 7332
3450 2668
3450 7332
3451 2667
3451 2668
3451 7332
3451 7333
3452 2667
3452 7333
3453 2666
3453 7334
3454 2665
3454 2666
3454 7334
3454 7335
3455 2665
3455 7335
3456 2664
3456 7336
3457 2663
3457 2664
3457 7336
3457 7337
3458 2663
3458 7337
3459 2662
3459 7338
3460 2661
3460 2662
3460 7338
3460 7339
3461 2661
3461 7339
3462 2660
3462 7340
3463 2659
3463 2660
3463 7340
3463 7341
3464 2659
3464 7341
3465 2658
3465 7342
3466 2658
3466 7342
3467 2657
3467 7343
3468 2656
3468 7344
3469 2656
3469 7344
3470 2655
3470 7345
3471 2654
3471 7346
3472 2654
3472 7346
3473 2653
3473 7347
3474 2652
3474 2653
3474 7347
3474 7348
3475 2652
3475 7348
3476 2651
3476 7349
3477 2650
3477 2651
3477 7349
3477 7350
3478 2650
3478 7350
3479 2649
3479 7351
3480 2648
3480 2649
3480 7351
3480 7352
3481 2648
3481 7352
3482 2647
3482 7353
3483 2646
3483 2647
3483 7353
3483 7354
3484 2646
3484 7354
3485 2645
3485 2646
3485 7354
3485 7355
3486 2644
3486 2645
3486 7355
3486 7356
3487 2644
3487 7356
3488 2643
3488 2644
3488 7356
3488 7357
3489 2642
3489 2643
3489 7357
3489 7358
3490 2642
3490 7358
3491 2641
3491 2642
3491 7358
3491 7359
3492 2640
3492 2641
3492 7359
3492 7360
3493 2640
3493 7360
3494 2639
3494 2640
3494 7360
3494 7361
3495 2639
3495 7361
3496 2638
3496 2639
3496 7361
3496 7362
3497 2637
3497 2638
3497 7362
3497 7363
3498 2637
3498 7363
3499 2636
3499 2637
3499 7363
3499 7364
3500 2635
3500 2636
3500 7364
3500 7365
3501 2635
3501 7365
3502 2634
3502 2635
3502 7365
3502 7366
3503 2634
3503 7366
3504 2633
3504 7367
3505 2632
3505 2633
3505 7367
3505 7368
3506 2632
3506 7368
3507 2631
3507 7369
3508 2630
3508 2631
3508 7369
3508 7370
3509 2630
3509 7370
3510 2629
3510 2630
3510 7370
3510 7371
3511 2628
3511 2629
3511 7371
3511 7372
3512 2628
3512 7372
3513 2627
3513 2628
3513 7372
3513 7373
3514 2627
3514 7373
3515 2626
3515 7374
3516 2625
3516 2626
3516 7374
3516 7375
3517 2625
3517 7375
3518 2624
3518 2625
3518 7375
3518 7376
3519 2623
3519 2624
3519 7376
3519 7377
3520 2623
3520 7377
3521 2622
3521 2623
3521 7377
3521 7378
3522 2622
3522 7378
3523 2621
3523 7379
3524 2620
3524 2621
3524 7379
3524 7380
3525 2620
3525 7380
3526 2619
3526 2620
3526 7380
3526 7381
3527 2618
3527 2619
3527 7381
3527 7382
3528 2618
3528 7382
3529 2617
3529 2618
3529 7382
3529 7383
3530 2617
3530 7383
3531 2616
3531 2617
3531 7383
3531 7384
3532 2615
3532 2616
3532 7384
3532 7385
3533 2615
3533 7385
3534 2614
3534 2615
3534 7385
3534 7386
3535 2614
3535 7386
3536 2613
3536 2614
3536 7386
3536 7387
3537 2612
3537 2613
3537 7387
3537 7388
3538 2612
3538 7388
3539 2611
3539 2612
3539 7388
3539 7389
3540 2611
3540 7389
3541 2610
3541 7390
3542 2609
3542 2610
3542 7390
3542 7391
3543 2609
3543 7391
3544 2608
3544 2609
3544 7391
3544 7392
3545 2608
3545 7392
3546 2607
3546 7393
3547 2606
3547 2607
3547 7393
3547 7394
3548 2606
3548 7394
3549 2605
3549 7395
3550 2605
3550 7395
3551 2604
3551 7396
3552 2603
3552 2604
3552 7396
3552 7397
3553 2603
3553 7397
3554 2602
3554 7398
3555 2602
3555 7398
3556 2601
3556 7399
3557 2600
3557 2601
3557 7399
3557 7400
3558 2600
3558 7400
3559 2599
3559 7401
3560 2599
3560 7401
3561 2598
3561 7402
3562 2597
3562 2598
3562 7402
3562 7403
3563 2597
3563 7403
3564 2596
3564 7404
3565 2596
3565 7404
3566 2595
3566 7405
3567 2594
3567 2595
3567 7405
3567 7406
3568 2594
3568 7406
3569 2593
3569 7407
3570 2592
3570 2593
3570 7407
3570 7408
3571 2592
3571 7408
3572 2591
3572 2592
3572 7408
3572 7409
3573 2591
3573 7409
3574 2590
3574 2591
3574 7409
3574 7410
3575 2589
3575 2590
3575 7410
3575 7411
3576 2589
3576 7411
3577 2588
3577 2589
3577 7411
3577 7412
3578 2588
3578 7412
3579 2587
3579 2588
3579 7412
3579 7413
3580 2587
3580 7413
3581 2586
3581 7414
3582 2585
3582 2586
3582 7414
3582 7415
3583 2585
3583 7415
3584 2584
3584 2585
3584 7415
3584 7416
3585 2584
3585 7416
3586 2583
3586 7417
3587 2583
3587 7417
3588 2582
3588 7418
3589 2581
3589 2582
3589 7418
3589 7419
3590 2581
3590 7419
3591 2580
3591 7420
3592 2580
3592 7420
3593 2579
3593 7421
3594 2578
3594 2579
3594 7421
3594 7422
3595 2578
3595 7422
3596 2577
3596 2578
3596 7422
3596 7423
3597 2577
3597 7423
3598 2576
3598 2577
3598 7423
3598 7424
3599 2575
3599 2576
3599 7424
3599 7425
3600 2575
3600 7425
3601 2574
3601 2575
3601 7425
3601 7426
3602 2574
3602 7426
3603 2573
3603 2574
3603 7426
3603 7427
3604 2573
3604 7427
3605 2572
3605 7428
3606 2572
3606 7428
3607 2571
3607 7429
3608 2570
3608 2571
3608 7429
3608 7430
3609 2570
3609 7430
3610 2569
3610 7431
3611 2569
3611 7431
3612 2568
3612 7432
3613 2567
3613 2568
3613 7432
3613 7433
3614 2567
3614 7433
3615 2566
3615 2567
3615 7433
3615 7434
3616 2566
3616 7434
3617 2565
3617 2566
3617 7434
3617 7435
3618 2565
3618 7435
3619 2564
3619 7436
3620 2564
3620 7436
3621 2563
3621 7437
3622 2562
3622 2563
3622 7437
3622 7438
3623 2562
3623 7438
3624 2561
3624 7439
3625 2561
3625 7439
3626 2560
3626 7440
3627 2560
3627 7440
3628 2559
3628 7441
3629 2558
3629 2559
3629 7441
3629 7442
3630 2558
3630 7442
3631 2557
3631 2558
3631 7442
3631 7443
3632 2557
3632 7443
3633 2556
3633 2557
3633 7443
3633 7444
3634 2556
3634 7444
3635 2555
3635 7445
3636 2555
3636 7445
3637 2554
3637 7446
3638 2554
3638 7446
3639 2553
3639 7447
3640 2552
3640 2553
3640 7447
3640 7448
3641 2552
3641 7448
3642 2551
3642 7449
3643 2551
3643 7449
3644 2550
3644 7450
3645 2549
3645 2550
3645 7450
3645 7451
3646 2549
3646 7451
3647 2548
3647 2549
3647 7451
3647 7452
3648 2548
3648 7452
3649 2547
3649 2548
3649 7452
3649 7453
3650 2547
3650 7453
3651 2546
3651 7454
3652 2546
3652 7454
3653 2545
3653 7455
3654 2545
3654 7455
3655 2544
3655 7456
3656 2543
3656 2544
3656 7456
3656 7457
3657 2543
3657 7457
3658 2542
3658 2543
3658 7457
3658 7458
3659 2542
3659 7458
3660 2541
3660 2542
3660 7458
3660 7459
3661 2541
3661 7459
3662 2540
3662 2541
3662 7459
3662 7460
3663 2540
3663 7460
3664 2539
3664 7461
3665 2539
3665 7461
3666 2538
3666 7462
3667 2537
3667 2538
3667 7462
3667 7463
3668 2537
3668 7463
3669 2536
3669 2537
3669 7463
3669 7464
3670 2536
3670 7464
3671 2535
3671 2536
3671 7464
3671 7465
3672 2535
3672 7465
3673 2534
3673 2535
3673 7465
3673 7466
3674 2534
3674 7466
3675 2533
3675 7467
3676 2533
3676 7467
3677 2532
3677 7468
3678 2532
3678 7468
3679 2531
3679 7469
3680 2530
3680 2531
3680 7469
3680 7470
3681 2530
3681 7470
3682 2529
3682 2530
3682 7470
3682 7471
3683 2529
3683 7471
3684 2528
3684 2529
3684 7471
3684 7472
3685 2528
3685 7472
3686 2527
3686 7473
3687 2527
3687 7473
3688 2526
3688 2527
3688 7473
3688 7474
3689 2526
3689 7474
3690 2525
3690 2526
3690 7474
3690 7475
3691 2525
3691 7475
3692 2524
3692 7476
3693 2524
3693 7476
3694 2523
3694 7477
3695 2523
3695 7477
3696 2522
3696 7478
3697 2522
3697 7478
3698 2521
3698 7479
3699 2520
3699 2521
3699 7479
3699 7480
3700 2520
3700 7480
3701 2519
3701 2520
3701 7480
3701 7481
3702 2519
3702 7481
3703 2518
3703 2519
3703 7481
3703 7482
3704 2518
3704 7482
3705 2517
3705 7483
3706 2517
3706 7483
3707 2516
3707 2517
3707 7483
3707 7484
3708 2516
3708 7484
3709 2515
3709 2516
3709 7484
3709 7485
3710 2515
3710 7485
3711 2514
3711 2515
3711 7485
3711 7486
3712 2514
3712 7486
3713 2513
3713 7487
3714 2513
3714 7487
3715 2512
3715 7488
3716 2512
3716 7488
3717 2511
3717 7489
3718 2511
3718 7489
3719 2510
3719 7490
3720 2510
3720 7490
3721 2509
3721 7491
3722 2509
3722 7491
3723 2508
3723 7492
3724 2507
3724 2508
3724 7492
3724 7493
3725 2507
3725 7493
3726 2506
3726 2507
3726 7493
3726 7494
3727 2506
3727 7494
3728 2505
3728 2506
3728 7494
3728 7495
3729 2505
3729 7495
3730 2505
3730 7495
3731 2504
3731 7496
3732 2503
3732 2504
3732 7496
3732 7497
3733 2503
3733 7497
3734 2502
3734 2503
3734 7497
3734 7498
3735 2502
3735 7498
3736 2501
3736 2502
3736 7498
3736 7499
3737 2501
3737 7499
3738 2500
3738 2501
3738 7499
3738 7500
3739 2500
3739 7500
3740 2499
3740 2500
3740 7500
3740 7501
3741 2499
3741 7501
3742 2498
3742 2499
3742 7501
3742 7502
3743 2498
3743 7502
3744 2497
3744 2498
3744 7502
3744 7503
3745 2497
3745 7503
3746 2496
3746 2497
3746 7503
3746 7504
3747 2496
3747 7504
3748 2495
3748 2496
3748 7504
3748 7505
3749 2495
3749 7505
3750 2494
3750 2495
3750 7505
3750 7506
3751 2494
3751 7506
3752 2493
3752 2494
3752 7506
3752 7507
3753 2493
3753 7507
3754 2492
3754 2493
3754 7507
3754 7508
3755 2492
3755 7508
3756 2491
3756 2492
3756 7508
3756 7509
3757 2491
3757 7509
3758 2490
3758 2491
3758 7509
3758 7510
3759 2490
3759 7510
3760 2490
3760 7510
3761 2489
3761 7511
3762 2488
3762 2489
3762 7511
3762 7512
3763 2488
3763 7512
3764 2487
3764 2488
3764 7512
3764 7513
3765 2487
3765 7513
3766 2487
3766 7513
3767 2486
3767 7514
3768 2485
3768 2486
3768 7514
3768 7515
3769 2485
3769 7515
3770 2484
3770 2485
3770 7515
3770 7516
3771 2484
3771 7516
3772 2484
3772 7516
3773 2483
3773 7517
3774 2483
3774 7517
3775 2482
3775 7518
3776 2481
3776 2482
3776 7518
3776 7519
3777 2481
3777 7519
3778 2481
3778 7519
3779 2480
3779 7520
3780 2480
3780 7520
3781 2479
3781 7521
3782 2479
3782 7521
3783 2478
3783 7522
3784 2478
3784 7522
3785 2477
3785 2478
3785 7522
3785 7523
3786 2477
3786 7523
3787 2476
3787 7524
3788 2476
3788 7524
3789 2475
3789 2476
3789 7524
3789 7525
3790 2475
3790 7525
3791 2474
3791 2475
3791 7525
3791 7526
3792 2474
3792 7526
3793 2473
3793 2474
3793 7526
3793 7527
3794 2473
3794 7527
3795 2472
3795 2473
3795 7527
3795 7528
3796 2472
3796 7528
3797 2471
3797 2472
3797 7528
3797 7529
3798 2471
3798 7529
3799 2471
3799 7529
3800 2470
3800 7530
3801 2470
3801 7530
3802 2469
3802 7531
3803 2469
3803 7531
3804 2468
3804 7532
3805 2468
3805 7532
3806 2467
3806 7533
3807 2467
3807 7533
3808 2466
3808 2467
3808 7533
3808 7534
3809 2466
3809 7534
3810 2465
3810 2466
3810 7534
3810 7535
3811 2465
3811 7535
3812 2464
3812 2465
3812 7535
3812 7536
3813 2464
3813 7536
3814 2463
3814 2464
3814 7536
3814 7537
3815 2463
3815 7537
3816 2463
3816 7537
3817 2462
3817 7538
3818 2462
3818 7538
3819 2461
3819 7539
3820 2461
3820 7539
3821 2460
3821 7540
3822 2460
3822 7540
3823 2459
3823 7541
3824 2459
3824 7541
3825 2458
3825 2459
3825 7541
3825 7542
3826 2458
3826 7542
3827 2457
3827 2458
3827 7542
3827 7543
3828 2457
3828 7543
3829 2457
3829 7543
3830 2456
3830 7544
3831 2456
3831 7544
3832 2455
3832 7545
3833 2455
3833 7545
3834 2454
3834 7546
3835 2454
3835 7546
3836 2453
3836 2454
3836 7546
3836 7547
3837 2453
3837 7547
3838 2452
3838 2453
3838 7547
3838 7548
3839 2452
3839 7548
3840 2451
3840 2452
3840 7548
3840 7549
3841 2451
3841 7549
3842 2451
3842 7549
3843 2450
3843 7550
3844 2450
3844 7550
3845 2449
3845 7551
3846 2449
3846 7551
3847 2448
3847 2449
3847 7551
3847 7552
3848 2448
3848 7552
3849 2447
3849 2448
3849 7552
3849 7553
3850 2447
3850 7553
3851 2446
3851 2447
3851 7553
3851 7554
3852 2446
3852 7554
3853 2446
3853 7554
3854 2445
3854 7555
3855 2445
3855 7555
3856 2444
3856 7556
3857 2444
3857 7556
3858 2443
3858 2444
3858 7556
3858 7557
3859 2443
3859 7557
3860 2443
3860 7557
3861 2442
3861 7558
3862 2442
3862 7558
3863 2441
3863 7559
3864 2441
3864 7559
3865 2440
3865 7560
3866 2440
3866 7560
3867 2439
3867 2440
3867 7560
3867 7561
3868 2439
3868 7561
3869 2439
3869 7561
3870 2438
3870 7562
3871 2438
3871 7562
3872 2437
3872 7563
3873 2437
3873 7563
3874 2436
3874 7564
3875 2436
3875 7564
3876 2435
3876 2436
3876 7564
3876 7565
3877 2435
3877 7565
3878 2435
3878 7565
3879 2434
3879 7566
3880 2434
3880 7566
3881 2433
3881 7567
3882 2433
3882 7567
3883 2432
3883 2433
3883 7567
3883 7568
3884 2432
3884 7568
3885 2431
3885 2432
3885 7568
3885 7569
3886 2431
3886 7569
3887 2431
3887 7569
3888 2430
3888 7570
3889 2430
3889 7570
3890 2429
3890 2430
3890 7570
3890 7571
3891 2429
3891 7571
3892 2428
3892 2429
3892 7571
3892 7572
3893 2428
3893 7572
3894 2428
3894 7572
3895 2427
3895 7573
3896 2427
3896 7573
3897 2426
3897 7574
3898 2426
3898 7574
3899 2425
3899 2426
3899 7574
3899 7575
3900 2425
3900 7575
3901 2425
3901 7575
3902 2424
3902 7576
3903 2424
3903 7576
3904 2423
3904 2424
3904 7576
3904 7577
3905 2423
3905 7577
3906 2423
3906 7577
3907 2422
3907 7578
3908 2422
3908 7578
3909 2421
3909 7579
3910 2421
3910 7579
3911 2420
3911 7580
3912 2420
3912 7580
3913 2419
3913 2420
3913 7580
3913 7581
3914 2419
3914 7581
3915 2419
3915 7581
3916 2418
3916 7582
3917 2418
3917 7582
3918 2417
3918 2418
3918 7582
3918 7583
3919 2417
3919 7583
3920 2417
3920 7583
3921 2416
3921 7584
3922 2416
3922 7584
3923 2415
3923 2416
3923 7584
3923 7585
3924 2415
3924 7585
3925 2414
3925 2415
3925 7585
3925 7586
3926 2414
3926 7586
3927 2414
3927 7586
3928 2413
3928 7587
3929 2413
3929 7587
3930 2412
3930 2413
3930 7587
3930 7588
3931 2412
3931 7588
3932 2412
3932 7588
3933 2411
3933 7589
3934 2411
3934 7589
3935 2410
3935 2411
3935 7589
3935 7590
3936 2410
3936 7590
3937 2410
3937 7590
3938 2409
3938 7591
3939 2409
3939 7591
3940 2408
3940 7592
3941 2408
3941 7592
3942 2407
3942 2408
3942 7592
3942 7593
3943 2407
3943 7593
3944 2407
3944 7593
3945 2406
3945 7594
3946 2406
3946 7594
3947 2405
3947 2406
3947 7594
3947 7595
3948 2405
3948 7595
3949 2405
3949 7595
3950 2404
3950 7596
3951 2404
3951 7596
3952 2403
3952 2404
3952 7596
3952 7597
3953 2403
3953 7597
3954 2403
3954 7597
3955 2402
3955 2403
3955 7597
3955 7598
3956 2402
3956 7598
3957 2401
3957 2402
3957 7598
3957 7599
3958 2401
3958 7599
3959 2401
3959 7599
3960 2400
3960 7600
3961 2400
3961 7600
3962 2399
3962 2400
3962 7600
3962 7601
3963 2399
3963 7601
3964 2399
3964 7601
3965 2398
3965 7602
3966 2398
3966 7602
3967 2397
3967 2398
3967 7602
3967 7603
3968 2397
3968 7603
3969 2397
3969 7603
3970 2396
3970 7604
3971 2396
3971 7604
3972 2396
3972 7604
3973 2395
3973 7605
3974 2395
3974 7605
3975 2394
3975 7606
3976 2394
3976 7606
3977 2393
3977 2394
3977 7606
3977 7607
3978 2393
3978 7607
3979 2393
3979 7607
3980 2392
3980 7608
3981 2392
3981 7608
3982 2392
3982 7608
3983 2391
3983 7609
3984 2391
3984 7609
3985 2390
3985 2391
3985 7609
3985 7610
3986 2390
3986 7610
3987 2390
3987 7610
3988 2389
3988 7611
3989 2389
3989 7611
3990 2388
3990 2389
3990 7611
3990 7612
3991 2388
3991 7612
3992 2388
3992 7612
3993 2387
3993 2388
3993 7612
3993 7613
3994 2387
3994 7613
3995 2386
3995 2387
3995 7613
3995 7614
3996 2386
3996 7614
3997 2386
3997 7614
3998 2385
3998 7615
3999 2385
3999 7615
4000 2385
4000 7615
4001 2384
4001 7616
4002 2384
4002 7616
4003 2383
4003 2384
4003 7616
4003 7617
4004 2383
4004 7617
4005 2383
4005 7617
4006 2382
4006 7618
4007 2382
4007 7618
4008 2382
4008 7618
4009 2381
4009 7619
4010 2381
4010 7619
4011 2380
4011 2381
4011 7619
4011 7620
4012 2380
4012 7620
4013 2380
4013 7620
4014 2379
4014 2380
4014 7620
4014 7621
4015 2379
4015 7621
4016 2378
4016 2379
4016 7621
4016 7622
4017 2378
4017 7622
4018 2378
4018 7622
4019 2377
4019 7623
4020 2377
4020 7623
4021 2377
4021 7623
4022 2376
4022 7624
4023 2376
4023 7624
4024 2375
4024 2376
4024 7624
4024 7625
4025 2375
4025 7625
4026 2375
4026 7625
4027 2374
4027 2375
4027 7625
4027 7626
4028 2374
4028 7626
4029 2374
4029 7626
4030 2373
4030 7627
4031 2373
4031 7627
4032 2373
4032 7627
4033 2372
4033 7628
4034 2372
4034 7628
4035 2371
4035 2372
4035 7628
4035 7629
4036 2371
4036 7629
4037 2371
4037 7629
4038 2370
4038 2371
4038 7629
4038 7630
4039 2370
4039 7630
4040 2370
4040 7630
4041 2369
4041 2370
4041 7630
4041 7631
4042 2369
4042 7631
4043 2369
4043 7631
4044 2368
4044 7632
4045 2368
4045 7632
4046 2367
4046 2368
4046 7632
4046 7633
4047 2367
4047 7633
4048 2367
4048 7633
4049 2366
4049 7634
4050 2366
4050 7634
4051 2366
4051 7634
4052 2365
4052 7635
4053 2365
4053 7635
4054 2365
4054 7635
4055 2364
4055 7636
4056 2364
4056 7636
4057 2363
4057 2364
4057 7636
4057 7637
4058 2363
4058 7637
4059 2363
4059 7637
4060 2362
4060 2363
4060 7637
4060 7638
4061 2362
4061 7638
4062 2362
4062 7638
4063 2361
4063 2362
4063 7638
4063 7639
4064 2361
4064 7639
4065 2361
4065 7639
4066 2360
4066 7640
4067 2360
4067 7640
4068 2360
4068 7640
4069 2359
4069 7641
4070 2359
4070 7641
4071 2359
4071 7641
4072 2358
4072 7642
4073 2358
4073 7642
4074 2358
4074 7642
4075 2357
4075 7643
4076 2357
4076 7643
4077 2356
4077 2357
4077 7643
4077 7644
4078 2356
4078 7644
4079 2356
4079 7644
4080 2355
4080 2356
4080 7644
4080 7645
4081 2355
4081 7645
4082 2355
4082 7645
4083 2354
4083 7646
4084 2354
4084 7646
4085 2354
4085 7646
4086 2353
4086 7647
4087 2353
4087 7647
4088 2353
4088 7647
4089 2352
4089 7648
4090 2352
4090 7648
4091 2352
4091 7648
4092 2351
4092 7649
4093 2351
4093 7649
4094 2351
4094 7649
4095 2350
4095 7650
4096 2350
4096 7650
4097 2349
4097 2350
4097 7650
4097 7651
4098 2349
4098 7651
4099 2349
4099 7651
4100 2348
4100 2349
4100 7651
4100 7652
4101 2348
4101 7652
4102 2348
4102 7652
4103 2347
4103 2348
4103 7652
4103 7653
4104 2347
4104 7653
4105 2347
4105 7653
4106 2346
4106 2347
4106 7653
4106 7654
4107 2346
4107 7654
4108 2346
4108 7654
4109 2345
4109 2346
4109 7654
4109 7655
4110 2345
4110 7655
4111 2345
4111 7655
4112 2344
4112 2345
4112 7655
4112 7656
4113 2344
4113 7656
4114 2344
4114 7656
4115 2343
4115 2344
4115 7656
4115 7657
4116 2343
4116 7657
4117 2343
4117 7657
4118 2342
4118 2343
4118 7657
4118 7658
4119 2342
4119 7658
4120 2342
4120 7658
4121 2341
4121 2342
4121 7658
4121 7659
4122 2341
4122 7659
4123 2341
4123 7659
4124 2341
4124 7659
4125 2340
4125 7660
4126 2340
4126 7660
4127 2340
4127 7660
4128 2339
4128 7661
4129 2339
4129 7661
4130 2339
4130 7661
4131 2338
4131 7662
4132 2338
4132 7662
4133 2338
4133 7662
4134 2337
4134 7663
4135 2337
4135 7663
4136 2337
4136 7663
4137 2336
4137 7664
4138 2336
4138 7664
4139 2336
4139 7664
4140 2335
4140 7665
4141 2335
4141 7665
4142 2335
4142 7665
4143 2334
4143 2335
4143 7665
4143 7666
4144 2334
4144 7666
4145 2334
4145 7666
4146 2333
4146 2334
4146 7666
4146 7667
4147 2333
4147 7667
4148 2333
4148 7667
4149 2332
4149 2333
4149 7667
4149 7668
4150 2332
4150 7668
4151 2332
4151 7668
4152 2331
4152 2332
4152 7668
4152 7669
4153 2331
4153 7669
4154 2331
4154 7669
4155 2331
4155 7669
4156 2330
4156 7670
4157 2330
4157 7670
4158 2330
4158 7670
4159 2329
4159 7671
4160 2329
4160 7671
4161 2329
4161 7671
4162 2328
4162 7672
4163 2328
4163 7672
4164 2328
4164 7672
4165 2327
4165 2328
4165 7672
4165 7673
4166 2327
4166 7673
4167 2327
4167 7673
4168 2326
4168 2327
4168 7673
4168 7674
4169 2326
4169 7674
4170 2326
4170 7674
4171 2326
4171 7674
4172 2325
4172 7675
4173 2325
4173 7675
4174 2325
4174 7675
4175 2324
4175 7676
4176 2324
4176 7676
4177 2324
4177 7676
4178 2323
4178 2324
4178 7676
4178 7677
4179 2323
4179 7677
4180 2323
4180 7677
4181 2322
4181 2323
4181 7677
4181 7678
4182 2322
4182 7678
4183 2322
4183 7678
4184 2322
4184 7678
4185 2321
4185 7679
4186 2321
4186 7679
4187 2321
4187 7679
4188 2320
4188 7680
4189 2320
4189 7680
4190 2320
4190 7680
4191 2319
4191 2320
4191 7680
4191 7681
4192 2319
4192 7681
4193 2319
4193 7681
4194 2318
4194 2319
4194 7681
4194 7682
4195 2318
4195 7682
4196 2318
4196 7682
4197 2318
4197 7682
4198 2317
4198 7683
4199 2317
4199 7683
4200 2317
4200 7683
4201 2316
4201 2317
4201 7683
4201 7684
4202 2316
4202 7684
4203 2316
4203 7684
4204 2315
4204 2316
4204 7684
4204 7685
4205 2315
4205 7685
4206 2315
4206 7685
4207 2315
4207 7685
4208 2314
4208 7686
4209 2314
4209 7686
4210 2314
4210 7686
4211 2313
4211 2314
4211 7686
4211 7687
4212 2313
4212 7687
4213 2313
4213 7687
4214 2313
4214 7687
4215 2312
4215 7688
4216 2312
4216 7688
4217 2312
4217 7688
4218 2311
4218 2312
4218 7688
4218 7689
4219 2311
4219 7689
4220 2311
4220 7689
4221 2310
4221 2311
4221 7689
4221 7690
4222 2310
4222 7690
4223 2310
4223 7690
4224 2310
4224 7690
4225 2309
4225 7691
4226 2309
4226 7691
4227 2309
4227 7691
4228 2308
4228 2309
4228 7691
4228 7692
4229 2308
4229 7692
4230 2308
4230 7692
4231 2308
4231 7692
4232 2307
4232 7693
4233 2307
4233 7693
4234 2307
4234 7693
4235 2306
4235 2307
4235 7693
4235 7694
4236 2306
4236 7694
4237 2306
4237 7694
4238 2306
4238 7694
4239 2305
4239 7695
4240 2305
4240 7695
4241 2305
4241 7695
4242 2304
4242 2305
4242 7695
4242 7696
4243 2304
4243 7696
4244 2304
4244 7696
4245 2304
4245 7696
4246 2303
4246 7697
4247 2303
4247 7697
4248 2303
4248 7697
4249 2302
4249 2303
4249 7697
4249 7698
4250 2302
4250 7698
4251 2302
4251 7698
4252 2302
4252 7698
4253 2301
4253 2302
4253 7698
4253 7699
4254 2301
4254 7699
4255 2301
4255 7699
4256 2301
4256 7699
4257 2300
4257 7700
4258 2300
4258 7700
4259 2300
4259 7700
4260 2300
4260 7700
4261 2299
4261 7701
4262 2299
4262 7701
4263 2299
4263 7701
4264 2298
4264 2299
4264 7701
4264 7702
4265 2298
4265 7702
4266 2298
4266 7702
4267 2298
4267 7702
4268 2297
4268 7703
4269 2297
4269 7703
4270 2297
4270 7703
4271 2297
4271 7703
4272 2296
4272 7704
4273 2296
4273 7704
4274 2296
4274 7704
4275 2295
4275 2296
4275 7704
4275 7705
4276 2295
4276 7705
4277 2295
4277 7705
4278 2295
4278 7705
4279 2294
4279 2295
4279 7705
4279 7706
4280 2294
4280 7706
4281 2294
4281 7706
4282 2294
4282 7706
4283 2293
4283 7707
4284 2293
4284 7707
4285 2293
4285 7707
4286 2292
4286 2293
4286 7707
4286 7708
4287 2292
4287 7708
4288 2292
4288 7708
4289 2292
4289 7708
4290 2291
4290 2292
4290 7708
4290 7709
4291 2291
4291 7709
4292 2291
4292 7709
4293 2291
4293 7709
4294 2290
4294 7710
4295 2290
4295 7710
4296 2290
4296 7710
4297 2290
4297 7710
4298 2289
4298 7711
4299 2289
4299 7711
4300 2289
4300 7711
4301 2289
4301 7711
4302 2288
4302 7712
4303 2288
4303 7712
4304 2288
4304 7712
4305 2288
4305 7712
4306 2287
4306 7713
4307 2287
4307 7713
4308 2287
4308 7713
4309 2287
4309 7713
4310 2286
4310 7714
4311 2286
4311 7714
4312 2286
4312 7714
4313 2286
4313 7714
4314 2285
4314 7715
4315 2285
4315 7715
4316 2285
4316 7715
4317 2285
4317 7715
4318 2284
4318 7716
4319 2284
4319 7716
4320 2284
4320 7716
4321 2284
4321 7716
4322 2283
4322 7717
4323 2283
4323 7717
4324 2283
4324 7717
4325 2282
4325 2283
4325 7717
4325 7718
4326 2282
4326 7718
4327 2282
4327 7718
4328 2282
4328 7718
4329 2281
4329 2282
4329 7718
4329 7719
4330 2281
4330 7719
4331 2281
4331 7719
4332 2281
4332 7719
4333 2280
4333 2281
4333 7719
4333 7720
4334 2280
4334 7720
4335 2280
4335 7720
4336 2280
4336 7720
4337 2280
4337 7720
4338 2279
4338 7721
4339 2279
4339 7721
4340 2279
4340 7721
4341 2279
4341 7721
4342 2278
4342 2279
4342 7721
4342 7722
4343 2278
4343 7722
4344 2278
4344 7722
4345 2278
4345 7722
4346 2277
4346 2278
4346 7722
4346 7723
4347 2277
4347 7723
4348 2277
4348 7723
4349 2277
4349 7723
4350 2276
4350 2277
4350 7723
4350 7724
4351 2276
4351 7724
4352 2276
4352 7724
4353 2276
4353 7724
4354 2275
4354 2276
4354 7724
4354 7725
4355 2275
4355 7725
4356 2275
4356 7725
4357 2275
4357 7725
4358 2274
4358 2275
4358 7725
4358 7726
4359 2274
4359 7726
4360 2274
4360 7726
4361 2274
4361 7726
4362 2274
4362 7726
4363 2273
4363 2274
4363 7726
4363 7727
4364 2273
4364 7727
4365 2273
4365 7727
4366 2273
4366 7727
4367 2272
4367 2273
4367 7727
4367 7728
4368 2272
4368 7728
4369 2272
4369 7728
4370 2272
4370 7728
4371 2272
4371 7728
4372 2271
4372 7729
4373 2271
4373 7729
4374 2271
4374 7729
4375 2271
4375 7729
4376 2270
4376 7730
4377 2270
4377 7730
4378 2270
4378 7730
4379 2270
4379 7730
4380 2269
4380 2270
4380 7730
4380 7731
4381 2269
4381 7731
4382 2269
4382 7731
4383 2269
4383 7731
4384 2268
4384 2269
4384 7731
4384 7732
4385 2268
4385 7732
4386 2268
4386 7732
4387 2268
4387 7732
4388 2268
4388 7732
4389 2267
4389 2268
4389 7732
4389 7733
4390 2267
4390 7733
4391 2267
4391 7733
4392 2267
4392 7733
4393 2267
4393 7733
4394 2266
4394 7734
4395 2266
4395 7734
4396 2266
4396 7734
4397 2266
4397 7734
4398 2265
4398 2266
4398 7734
4398 7735
4399 2265
4399 7735
4400 2265
4400 7735
4401 2265
4401 7735
4402 2265
4402 7735
4403 2264
4403 7736
4404 2264
4404 7736
4405 2264
4405 7736
4406 2264
4406 7736
4407 2263
4407 2264
4407 7736
4407 7737
4408 2263
4408 7737
4409 2263
4409 7737
4410 2263
4410 7737
4411 2263
4411 7737
4412 2262
4412 2263
4412 7737
4412 7738
4413 2262
4413 7738
4414 2262
4414 7738
4415 2262
4415 7738
4416 2262
4416 7738
4417 2261
4417 7739
4418 2261
4418 7739
4419 2261
4419 7739
4420 2261
4420 7739
4421 2260
4421 2261
4421 7739
4421 7740
4422 2260
4422 7740
4423 2260
4423 7740
4424 2260
4424 7740
4425 2260
4425 7740
4426 2259
4426 7741
4427 2259
4427 7741
4428 2259
4428 7741
4429 2259
4429 7741
4430 2259
4430 7741
4431 2258
4431 2259
4431 7741
4431 7742
4432 2258
4432 7742
4433 2258
4433 7742
4434 2258
4434 7742
4435 2258
4435 7742
4436 2257
4436 7743
4437 2257
4437 7743
4438 2257
4438 7743
4439 2257
4439 7743
4440 2257
4440 7743
4441 2256
4441 7744
4442 2256
4442 7744
4443 2256
4443 7744
4444 2256
4444 7744
4445 2255
4445 2256
4445 7744
4445 7745
4446 2255
4446 7745
4447 2255
4447 7745
4448 2255
4448 7745
4449 2255
4449 7745
4450 2255
4450 7745
4451 2254
4451 7746
4452 2254
4452 7746
4453 2254
4453 7746
4454 2254
4454 7746
4455 2254
4455 7746
4456 2253
4456 7747
4457 2253
4457 7747
4458 2253
4458 7747
4459 2253
4459 7747
4460 2253
4460 7747
4461 2252
4461 7748
4462 2252
4462 7748
4463 2252
4463 7748
4464 2252
4464 7748
4465 2252
4465 7748
4466 2251
4466 7749
4467 2251
4467 7749
4468 2251
4468 7749
4469 2251
4469 7749
4470 2251
4470 7749
4471 2250
4471 2251
4471 7749
4471 7750
4472 2250
4472 7750
4473 2250
4473 7750
4474 2250
4474 7750
4475 2250
4475 7750
4476 2249
4476 2250
4476 7750
4476 7751
4477 2249
4477 7751
4478 2249
4478 7751
4479 2249
4479 7751
4480 2249
4480 7751
4481 2248
4481 2249
4481 7751
4481 7752
4482 2248
4482 7752
4483 2248
4483 7752
4484 2248
4484 7752
4485 2248
4485 7752
4486 2248
4486 7752
4487 2247
4487 7753
4488 2247
4488 7753
4489 2247
4489 7753
4490 2247
4490 7753
4491 2247
4491 7753
4492 2246
4492 2247
4492 7753
4492 7754
4493 2246
4493 7754
4494 2246
4494 7754
4495 2246
4495 7754
4496 2246
4496 7754
4497 2245
4497 2246
4497 7754
4497 7755
4498 2245
4498 7755
4499 2245
4499 7755
4500 2245
4500 7755
4501 2245
4501 7755
4502 2245
4502 7755
4503 2244
4503 7756
4504 2244
4504 7756
4505 2244
4505 7756
4506 2244
4506 7756
4507 2244
4507 7756
4508 2244
4508 7756
4509 2243
4509 7757
4510 2243
4510 7757
4511 2243
4511 7757
4512 2243
4512 7757
4513 2243
4513 7757
4514 2242
4514 2243
4514 7757
4514 7758
4515 2242
4515 7758
4516 2242
4516 7758
4517 2242
4517 7758
4518 2242
4518 7758
4519 2242
4519 7758
4520 2241
4520 7759
4521 2241
4521 7759
4522 2241
4522 7759
4523 2241
4523 7759
4524 2241
4524 7759
4525 2241
4525 7759
4526 2240
4526 7760
4527 2240
4527 7760
4528 2240
4528 7760
4529 2240
4529 7760
4530 2240
4530 7760
4531 2239
4531 2240
4531 7760
4531 7761
4532 2239
4532 7761
4533 2239
4533 7761
4534 2239
4534 7761
4535 2239
4535 7761
4536 2239
4536 7761
4537 2239
4537 7761
4538 2238
4538 7762
4539 2238
4539 7762
4540 2238
4540 7762
4541 2238
4541 7762
4542 2238
4542 7762
4543 2238
4543 7762
4544 2237
4544 7763
4545 2237
4545 7763
4546 2237
4546 7763
4547 2237
4547 7763
4548 2237
4548 7763
4549 2236
4549 2237
4549 7763
4549 7764
4550 2236
4550 7764
4551 2236
4551 7764
4552 2236
4552 7764
4553 2236
4553 7764
4554 2236
4554 7764
4555 2236
4555 7764
4556 2235
4556 7765
4557 2235
4557 7765
4558 2235
4558 7765
4559 2235
4559 7765
4560 2235
4560 7765
4561 2235
4561 7765
4562 2234
4562 7766
4563 2234
4563 7766
4564 2234
4564 7766
4565 2234
4565 7766
4566 2234
4566 7766
4567 2234
4567 7766
4568 2234
4568 7766
4569 2233
4569 7767
4570 2233
4570 7767
4571 2233
4571 7767
4572 2233
4572 7767
4573 2233
4573 7767
4574 2233
4574 7767
4575 2232
4575 7768
4576 2232
4576 7768
4577 2232
4577 7768
4578 2232
4578 7768
4579 2232
4579 7768
4580 2232
4580 7768
4581 2232
4581 7768
4582 2231
4582 7769
4583 2231
4583 7769
4584 2231
4584 7769
4585 2231
4585 7769
4586 2231
4586 7769
4587 2231
4587 7769
4588 2230
4588 2231
4588 7769
4588 7770
4589 2230
4589 7770
4590 2230
4590 7770
4591 2230
4591 7770
4592 2230
4592 7770
4593 2230
4593 7770
4594 2230
4594 7770
4595 2229
4595 7771
4596 2229
4596 7771
4597 2229
4597 7771
4598 2229
4598 7771
4599 2229
4599 7771
4600 2229
4600 7771
4601 2229
4601 7771
4602 2228
4602 7772
4603 2228
4603 7772
4604 2228
4604 7772
4605 2228
4605 7772
4606 2228
4606 7772
4607 2228
4607 7772
4608 2228
4608 7772
4609 2227
4609 7773
4610 2227
4610 7773
4611 2227
4611 7773
4612 2227
4612 7773
4613 2227
4613 7773
4614 2227
4614 7773
4615 2227
4615 7773
4616 2226
4616 7774
4617 2226
4617 7774
4618 2226
4618 7774
4619 2226
4619 7774
4620 2226
4620 7774
4621 2226
4621 7774
4622 2226
4622 7774
4623 2225
4623 2226
4623 7774
4623 7775
4624 2225
4624 7775
4625 2225
4625 7775
4626 2225
4626 7775
4627 2225
4627 7775
4628 2225
4628 7775
4629 2225
4629 7775
4630 2225
4630 7775
4631 2224
4631 7776
4632 2224
4632 7776
4633 2224
4633 7776
4634 2224
4634 7776
4635 2224
4635 7776
4636 2224
4636 7776
4637 2224
4637 7776
4638 2223
4638 2224
4638 7776
4638 7777
4639 2223
4639 7777
4640 2223
4640 7777
4641 2223
4641 7777
4642 2223
4642 7777
4643 2223
4643 7777
4644 2223
4644 7777
4645 2223
4645 7777
4646 2222
4646 7778
4647 2222
4647 7778
4648 2222
4648 7778
4649 2222
4649 7778
4650 2222
4650 7778
4651 2222
4651 7778
4652 2222
4652 7778
4653 2222
4653 7778
4654 2221
4654 2222
4654 7778
4654 7779
4655 2221
4655 7779
4656 2221
4656 7779
4657 2221
4657 7779
4658 2221
4658 7779
4659 2221
4659 7779
4660 2221
4660 7779
4661 2221
4661 7779
4662 2220
4662 7780
4663 2220
4663 7780
4664 2220
4664 7780
4665 2220
4665 7780
4666 2220
4666 7780
4667 2220
4667 7780
4668 2220
4668 7780
4669 2220
4669 7780
4670 2219
4670 2220
4670 7780
4670 7781
4671 2219
4671 7781
4672 2219
4672 7781
4673 2219
4673 7781
4674 2219
4674 7781
4675 2219
4675 7781
4676 2219
4676 7781
4677 2219
4677 7781
4678 2219
4678 7781
4679 2218
4679 2219
4679 7781
4679 7782
4680 2218
4680 7782
4681 2218
4681 7782
4682 2218
4682 7782
4683 2218
4683 7782
4684 2218
4684 7782
4685 2218
4685 7782
4686 2218
4686 7782
4687 2218
4687 7782
4688 2217
4688 7783
4689 2217
4689 7783
4690 2217
4690 7783
4691 2217
4691 7783
4692 2217
4692 7783
4693 2217
4693 7783
4694 2217
4694 7783
4695 2217
4695 7783
4696 2217
4696 7783
4697 2216
4697 7784
4698 2216
4698 7784
4699 2216
4699 7784
4700 2216
4700 7784
4701 2216
4701 7784
4702 2216
4702 7784
4703 2216
4703 7784
4704 2216
4704 7784
4705 2216
4705 7784
4706 2215
4706 2216
4706 7784
4706 7785
4707 2215
4707 7785
4708 2215
4708 7785
4709 2215
4709 7785
4710 2215
4710 7785
4711 2215
4711 7785
4712 2215
4712 7785
4713 2215
4713 7785
4714 2215
4714 7785
4715 2215
4715 7785
4716 2214
4716 7786
4717 2214
4717 7786
4718 2214
4718 7786
4719 2214
4719 7786
4720 2214
4720 7786
4721 2214
4721 7786
4722 2214
4722 7786
4723 2214
4723 7786
4724 2214
4724 7786
4725 2213
4725 2214
4725 7786
4725 7787
4726 2213
4726 7787
4727 2213
4727 7787
4728 2213
4728 7787
4729 2213
4729 7787
4730 2213
4730 7787
4731 2213
4731 7787
4732 2213
4732 7787
4733 2213
4733 7787
4734 2213
4734 7787
4735 2213
4735 7787
4736 2212
4736 7788
4737 2212
4737 7788
4738 2212
4738 7788
4739 2212
4739 7788
4740 2212
4740 7788
4741 2212
4741 7788
4742 2212
4742 7788
4743 2212
4743 7788
4744 2212
4744 7788
4745 2212
4745 7788
4746 2212
4746 7788
4747 2211
4747 7789
4748 2211
4748 7789
4749 2211
4749 7789
4750 2211
4750 7789
4751 2211
4751 7789
4752 2211
4752 7789
4753 2211
4753 7789
4754 2211
4754 7789
4755 2211
4755 7789
4756 2211
4756 7789
4757 2211
4757 7789
4758 2210
4758 2211
4758 7789
4758 7790
4759 2210
4759 7790
4760 2210
4760 7790
4761 2210
4761 7790
4762 2210
4762 7790
4763 2210
4763 7790
4764 2210
4764 7790
4765 2210
4765 7790
4766 2210
4766 7790
4767 2210
4767 7790
4768 2210
4768 7790
4769 2210
4769 7790
4770 2209
4770 7791
4771 2209
4771 7791
4772 2209
4772 7791
4773 2209
4773 7791
4774 2209
4774 7791
4775 2209
4775 7791
4776 2209
4776 7791
4777 2209
4777 7791
4778 2209
4778 7791
4779 2209
4779 7791
4780 2209
4780 7791
4781 2209
4781 7791
4782 2208
4782 2209
4782 7791
4782 7792
4783 2208
4783 7792
4784 2208
4784 7792
4785 2208
4785 7792
4786 2208
4786 7792
4787 2208
4787 7792
4788 2208
4788 7792
4789 2208
4789 7792
4790 2208
4790 7792
4791 2208
4791 7792
4792 2208
4792 7792
4793 2208
4793 7792
4794 2208
4794 7792
4795 2207
4795 2208
4795 7792
4795 7793
4796 2207
4796 7793
4797 2207
4797 7793
4798 2207
4798 7793
4799 2207
4799 7793
4800 2207
4800 7793
4801 2207
4801 7793
4802 2207
4802 7793
4803 2207
4803 7793
4804 2207
4804 7793
4805 2207
4805 7793
4806 2207
4806 7793
4807 2207
4807 7793
4808 2207
4808 7793
4809 2206
4809 2207
4809 7793
4809 7794
4810 2206
4810 7794
4811 2206
4811 7794
4812 2206
4812 7794
4813 2206
4813 7794
4814 2206
4814 7794
4815 2206
4815 7794
4816 2206
4816 7794
4817 2206
4817 7794
4818 2206
4818 7794
4819 2206
4819 7794
4820 2206
4820 7794
4821 2206
4821 7794
4822 2206
4822 7794
4823 2206
4823 7794
4824 2206
4824 7794
4825 2205
4825 2206
4825 7794
4825 7795
4826 2205
4826 7795
4827 2205
4827 7795
4828 2205
4828 7795
4829 2205
4829 7795
4830 2205
4830 7795
4831 2205
4831 7795
4832 2205
4832 7795
4833 2205
4833 7795
4834 2205
4834 7795
4835 2205
4835 7795
4836 2205
4836 7795
4837 2205
4837 7795
4838 2205
4838 7795
4839 2205
4839 7795
4840 2205
4840 7795
4841 2205
4841 7795
4842 2204
4842 7796
4843 2204
4843 7796
4844 2204
4844 7796
4845 2204
4845 7796
4846 2204
4846 7796
4847 2204
4847 7796
4848 2204
4848 7796
4849 2204
4849 7796
4850 2204
4850 7796
4851 2204
4851 7796
4852 2204
4852 7796
4853 2204
4853 7796
4854 2204
4854 7796
4855 2204
4855 7796
4856 2204
4856 7796
4857 2204
4857 7796
4858 2204
4858 7796
4859 2204
4859 7796
4860 2203
4860 2204
4860 7796
4860 7797
4861 2203
4861 7797
4862 2203
4862 7797
4863 2203
4863 7797
4864 2203
4864 7797
4865 2203
4865 7797
4866 2203
4866 7797
4867 2203
4867 7797
4868 2203
4868 7797
4869 2203
4869 7797
4870 2203
4870 7797
4871 2203
4871 7797
4872 2203
4872 7797
4873 2203
4873 7797
4874 2203
4874 7797
4875 2203
4875 7797
4876 2203
4876 7797
4877 2203
4877 7797
4878 2203
4878 7797
4879 2203
4879 7797
4880 2203
4880 7797
4881 2203
4881 7797
4882 2202
4882 2203
4882 7797
4882 7798
4883 2202
4883 7798
4884 2202
4884 7798
4885 2202
4885 7798
4886 2202
4886 7798
4887 2202
4887 7798
4888 2202
4888 7798
4889 2202
4889 7798
4890 2202
4890 7798
4891 2202
4891 7798
4892 2202
4892 7798
4893 2202
4893 7798
4894 2202
4894 7798
4895 2202
4895 7798
4896 2202
4896 7798
4897 2202
4897 7798
4898 2202
4898 7798
4899 2202
4899 7798
4900 2202
4900 7798
4901 2202
4901 7798
4902 2202
4902 7798
4903 2202
4903 7798
4904 2202
4904 7798
4905 2202
4905 7798
4906 2202
4906 7798
4907 2202
4907 7798
4908 2202
4908 7798
4909 2201
4909 7799
4910 2201
4910 7799
4911 2201
4911 7799
4912 2201
4912 7799
4913 2201
4913 7799
4914 2201
4914 7799
4915 2201
4915 7799
4916 2201
4916 7799
4917 2201
4917 7799
4918 2201
4918 7799
4919 2201
4919 7799
4920 2201
4920 7799
4921 2201
4921 7799
4922 2201
4922 7799
4923 2201
4923 7799
4924 2201
4924 7799
4925 2201
4925 7799
4926 2201
4926 7799
4927 2201
4927 7799
4928 2201
4928 7799
4929 2201
4929 7799
4930 2201
4930 7799
4931 2201
4931 7799
4932 2201
4932 7799
4933 2201
4933 7799
4934 2201
4934 7799
4935 2201
4935 7799
4936 2201
4936 7799
4937 2201
4937 7799
4938 2201
4938 7799
4939 2201
4939 7799
4940 2201
4940 7799
4941 2201
4941 7799
4942 2201
4942 7799
4943 2201
4943 7799
4944 2201
4944 7799
4945 2201
4945 7799
4946 2201
4946 7799
4947 2201
4947 7799
4948 2200
4948 7800
4949 2200
4949 7800
4950 2200
4950 7800
4951 2200
4951 7800
4952 2200
4952 7800
4953 2200
4953 7800
4954 2200
4954 7800
4955 2200
4955 7800
4956 2200
4956 7800
4957 2200
4957 7800
4958 2200
4958 7800
4959 2200
4959 7800
4960 2200
4960 7800
4961 2200
4961 7800
4962 2200
4962 7800
4963 2200
4963 7800
4964 2200
4964 7800
4965 2200
4965 7800
4966 2200
4966 7800
4967 2200
4967 7800
4968 2200
4968 7800
4969 2200
4969 7800
4970 2200
4970 7800
4971 2200
4971 7800
4972 2200
4972 7800
4973 2200
4973 7800
4974 2200
4974 7800
4975 2200
4975 7800
4976 2200
4976 7800
4977 2200
4977 7800
4978 2200
4978 7800
4979 2200
4979 7800
4980 2200
4980 7800
4981 2200
4981 7800
4982 2200
4982 7800
4983 2200
4983 7800
4984 2200
4984 7800
4985 2200
4985 7800
4986 2200
4986 7800
4987 2200
4987 7800
4988 2200
4988 7800
4989 2200
4989 7800
4990 2200
4990 7800
4991 2200
4991 7800
4992 2200
4992 7800
4993 2200
4993 7800
4994 2200
4994 7800
4995 2200
4995 7800
4996 2200
4996 7800
4997 2200
4997 7800
4998 2200
4998 7800
4999 2200
4999 7800
5000 2200
5000 7800
5001 2200
5001 7800
5002 2200
5002 7800
5003 2200
5003 7800
5004 2200
5004 7800
5005 2200
5005 7800
5006 2200
5006 7800
5007 2200
5007 7800
5008 2200
5008 7800
5009 2200
5009 7800
5010 2200
5010 7800
5011 2200
5011 7800
5012 2200
5012 7800
5013 2200
5013 7800
5014 2200
5014 7800
5015 2200
5015 7800
5016 2200
5016 7800
5017 2200
5017 7800
5018 2200
5018 7800
5019 2200
5019 7800
5020 2200
5020 7800
5021 2200
5021 7800
5022 2200
5022 7800
5023 2200
5023 7800
5024 2200
5024 7800
5025 2200
5025 7800
5026 2200
5026 7800
5027 2200
5027 7800
5028 2200
5028 7800
5029 2200
5029 7800
5030 2200
5030 7800
5031 2200
5031 7800
5032 2200
5032 7800
5033 2200
5033 7800
5034 2200
5034 7800
5035 2200
5035 7800
5036 2200
5036 7800
5037 2200
5037 7800
5038 2200
5038 7800
5039 2200
5039 7800
5040 2200
5040 7800
5041 2200
5041 7800
5042 2200
5042 7800
5043 2200
5043 7800
5044 2200
5044 7800
5045 2200
5045 7800
5046 2200
5046 7800
5047 2200
5047 7800
5048 2200
5048 7800
5049 2200
5049 7800
5050 2200
5050 7800
5051 2200
5051 7800
5052 2200
5052 7800
5053 2200
5053 2201
5053 7799
5053 7800
5054 2201
5054 7799
5055 2201
5055 7799
5056 2201
5056 7799
5057 2201
5057 7799
5058 2201
5058 7799
5059 2201
5059 7799
5060 2201
5060 7799
5061 2201
5061 7799
5062 2201
5062 7799
5063 2201
5063 7799
5064 2201
5064 7799
5065 2201
5065 7799
5066 2201
5066 7799
5067 2201
5067 7799
5068 2201
5068 7799
5069 2201
5069 7799
5070 2201
5070 7799
5071 2201
5071 7799
5072 2201
5072 7799
5073 2201
5073 7799
5074 2201
5074 7799
5075 2201
5075 7799
5076 2201
5076 7799
5077 2201
5077 7799
5078 2201
5078 7799
5079 2201
5079 7799
5080 2201
5080 7799
5081 2201
5081 7799
5082 2201
5082 7799
5083 2201
5083 7799
5084 2201
5084 7799
5085 2201
5085 7799
5086 2201
5086 7799
5087 2201
5087 7799
5088 2201
5088 7799
5089 2201
5089 7799
5090 2201
5090 7799
5091 2201
5091 7799
5092 2202
5092 7798
5093 2202
5093 7798
5094 2202
5094 7798
5095 2202
5095 7798
5096 2202
5096 7798
5097 2202
5097 7798
5098 2202
5098 7798
5099 2202
5099 7798
5100 2202
5100 7798
5101 2202
5101 7798
5102 2202
5102 7798
5103 2202
5103 7798
5104 2202
5104 7798
5105 2202
5105 7798
5106 2202
5106 7798
5107 2202
5107 7798
5108 2202
5108 7798
5109 2202
5109 7798
5110 2202
5110 7798
5111 2202
5111 7798
5112 2202
5112 7798
5113 2202
5113 7798
5114 2202
5114 7798
5115 2202
5115 7798
5116 2202
5116 7798
5117 2202
5117 7798
5118 2202
5118 7798
5119 2203
5119 7797
5120 2203
5120 7797
5121 2203
5121 7797
5122 2203
5122 7797
5123 2203
5123 7797
5124 2203
5124 7797
5125 2203
5125 7797
5126 2203
5126 7797
5127 2203
5127 7797
5128 2203
5128 7797
5129 2203
5129 7797
5130 2203
5130 7797
5131 2203
5131 7797
5132 2203
5132 7797
5133 2203
5133 7797
5134 2203
5134 7797
5135 2203
5135 7797
5136 2203
5136 7797
5137 2203
5137 7797
5138 2203
5138 7797
5139 2203
5139 7797
5140 2203
5140 2204
5140 7796
5140 7797
5141 2204
5141 7796
5142 2204
5142 7796
5143 2204
5143 7796
5144 2204
5144 7796
5145 2204
5145 7796
5146 2204
5146 7796
5147 2204
5147 7796
5148 2204
5148 7796
5149 2204
5149 7796
5150 2204
5150 7796
5151 2204
5151 7796
5152 2204
5152 7796
5153 2204
5153 7796
5154 2204
5154 7796
5155 2204
5155 7796
5156 2204
5156 7796
5157 2204
5157 7796
5158 2204
5158 7796
5159 2205
5159 7795
5160 2205
5160 7795
5161 2205
5161 7795
5162 2205
5162 7795
5163 2205
5163 7795
5164 2205
5164 7795
5165 2205
5165 7795
5166 2205
5166 7795
5167 2205
5167 7795
5168 2205
5168 7795
5169 2205
5169 7795
5170 2205
5170 7795
5171 2205
5171 7795
5172 2205
5172 7795
5173 2205
5173 7795
5174 2205
5174 7795
5175 2205
5175 7795
5176 2206
5176 7794
5177 2206
5177 7794
5178 2206
5178 7794
5179 2206
5179 7794
5180 2206
5180 7794
5181 2206
5181 7794
5182 2206
5182 7794
5183 2206
5183 7794
5184 2206
5184 7794
5185 2206
5185 7794
5186 2206
5186 7794
5187 2206
5187 7794
5188 2206
5188 7794
5189 2206
5189 7794
5190 2206
5190 7794
5191 2207
5191 7793
5192 2207
5192 7793
5193 2207
5193 7793
5194 2207
5194 7793
5195 2207
5195 7793
5196 2207
5196 7793
5197 2207
5197 7793
5198 2207
5198 7793
5199 2207
5199 7793
5200 2207
5200 7793
5201 2207
5201 7793
5202 2207
5202 7793
5203 2207
5203 7793
5204 2207
5204 7793
5205 2208
5205 7792
5206 2208
5206 7792
5207 2208
5207 7792
5208 2208
5208 7792
5209 2208
5209 7792
5210 2208
5210 7792
5211 2208
5211 7792
5212 2208
5212 7792
5213 2208
5213 7792
5214 2208
5214 7792
5215 2208
5215 7792
5216 2208
5216 7792
5217 2208
5217 7792
5218 2208
5218 7792
5219 2209
5219 7791
5220 2209
5220 7791
5221 2209
5221 7791
5222 2209
5222 7791
5223 2209
5223 7791
5224 2209
5224 7791
5225 2209
5225 7791
5226 2209
5226 7791
5227 2209
5227 7791
5228 2209
5228 7791
5229 2209
5229 7791
5230 2209
5230 7791
5231 2210
5231 7790
5232 2210
5232 7790
5233 2210
5233 7790
5234 2210
5234 7790
5235 2210
5235 7790
5236 2210
5236 7790
5237 2210
5237 7790
5238 2210
5238 7790
5239 2210
5239 7790
5240 2210
5240 7790
5241 2210
5241 7790
5242 2210
5242 7790
5243 2211
5243 7789
5244 2211
5244 7789
5245 2211
5245 7789
5246 2211
5246 7789
5247 2211
5247 7789
5248 2211
5248 7789
5249 2211
5249 7789
5250 2211
5250 7789
5251 2211
5251 7789
5252 2211
5252 7789
5253 2211
5253 7789
5254 2212
5254 7788
5255 2212
5255 7788
5256 2212
5256 7788
5257 2212
5257 7788
5258 2212
5258 7788
5259 2212
5259 7788
5260 2212
5260 7788
5261 2212
5261 7788
5262 2212
5262 7788
5263 2212
5263 7788
5264 2212
5264 2213
5264 7787
5264 7788
5265 2213
5265 7787
5266 2213
5266 7787
5267 2213
5267 7787
5268 2213
5268 7787
5269 2213
5269 7787
5270 2213
5270 7787
5271 2213
5271 7787
5272 2213
5272 7787
5273 2213
5273 7787
5274 2213
5274 7787
5275 2214
5275 7786
5276 2214
5276 7786
5277 2214
5277 7786
5278 2214
5278 7786
5279 2214
5279 7786
5280 2214
5280 7786
5281 2214
5281 7786
5282 2214
5282 7786
5283 2214
5283 7786
5284 2214
5284 7786
5285 2215
5285 7785
5286 2215
5286 7785
5287 2215
5287 7785
5288 2215
5288 7785
5289 2215
5289 7785
5290 2215
5290 7785
5291 2215
5291 7785
5292 2215
5292 7785
5293 2215
5293 7785
5294 2215
5294 7785
5295 2216
5295 7784
5296 2216
5296 7784
5297 2216
5297 7784
5298 2216
5298 7784
5299 2216
5299 7784
5300 2216
5300 7784
5301 2216
5301 7784
5302 2216
5302 7784
5303 2216
5303 7784
5304 2217
5304 7783
5305 2217
5305 7783
5306 2217
5306 7783
5307 2217
5307 7783
5308 2217
5308 7783
5309 2217
5309 7783
5310 2217
5310 7783
5311 2217
5311 7783
5312 2217
5312 7783
5313 2218
5313 7782
5314 2218
5314 7782
5315 2218
5315 7782
5316 2218
5316 7782
5317 2218
5317 7782
5318 2218
5318 7782
5319 2218
5319 7782
5320 2218
5320 7782
5321 2218
5321 7782
5322 2219
5322 7781
5323 2219
5323 7781
5324 2219
5324 7781
5325 2219
5325 7781
5326 2219
5326 7781
5327 2219
5327 7781
5328 2219
5328 7781
5329 2219
5329 7781
5330 2219
5330 2220
5330 7780
5330 7781
5331 2220
5331 7780
5332 2220
5332 7780
5333 2220
5333 7780
5334 2220
5334 7780
5335 2220
5335 7780
5336 2220
5336 7780
5337 2220
5337 7780
5338 2220
5338 2221
5338 7779
5338 7780
5339 2221
5339 7779
5340 2221
5340 7779
5341 2221
5341 7779
5342 2221
5342 7779
5343 2221
5343 7779
5344 2221
5344 7779
5345 2221
5345 7779
5346 2221
5346 7779
5347 2222
5347 7778
5348 2222
5348 7778
5349 2222
5349 7778
5350 2222
5350 7778
5351 2222
5351 7778
5352 2222
5352 7778
5353 2222
5353 7778
5354 2222
5354 2223
5354 7777
5354 7778
5355 2223
5355 7777
5356 2223
5356 7777
5357 2223
5357 7777
5358 2223
5358 7777
5359 2223
5359 7777
5360 2223
5360 7777
5361 2223
5361 7777
5362 2223
5362 2224
5362 7776
5362 7777
5363 2224
5363 7776
5364 2224
5364 7776
5365 2224
5365 7776
5366 2224
5366 7776
5367 2224
5367 7776
5368 2224
5368 7776
5369 2224
5369 7776
5370 2224
5370 2225
5370 7775
5370 7776
5371 2225
5371 7775
5372 2225
5372 7775
5373 2225
5373 7775
5374 2225
5374 7775
5375 2225
5375 7775
5376 2225
5376 7775
5377 2225
5377 2226
5377 7774
5377 7775
5378 2226
5378 7774
5379 2226
5379 7774
5380 2226
5380 7774
5381 2226
5381 7774
5382 2226
5382 7774
5383 2226
5383 7774
5384 2226
5384 7774
5385 2227
5385 7773
5386 2227
5386 7773
5387 2227
5387 7773
5388 2227
5388 7773
5389 2227
5389 7773
5390 2227
5390 7773
5391 2227
5391 7773
5392 2228
5392 7772
5393 2228
5393 7772
5394 2228
5394 7772
5395 2228
5395 7772
5396 2228
5396 7772
5397 2228
5397 7772
5398 2228
5398 7772
5399 2229
5399 7771
5400 2229
5400 7771
5401 2229
5401 7771
5402 2229
5402 7771
5403 2229
5403 7771
5404 2229
5404 7771
5405 2229
5405 7771
5406 2230
5406 7770
5407 2230
5407 7770
5408 2230
5408 7770
5409 2230
5409 7770
5410 2230
5410 7770
5411 2230
5411 7770
5412 2230
5412 7770
5413 2231
5413 7769
5414 2231
5414 7769
5415 2231
5415 7769
5416 2231
5416 7769
5417 2231
5417 7769
5418 2231
5418 7769
5419 2231
5419 2232
5419 7768
5419 7769
5420 2232
5420 7768
5421 2232
5421 7768
5422 2232
5422 7768
5423 2232
5423 7768
5424 2232
5424 7768
5425 2232
5425 2233
5425 7767
5425 7768
5426 2233
5426 7767
5427 2233
5427 7767
5428 2233
5428 7767
5429 2233
5429 7767
5430 2233
5430 7767
5431 2233
5431 7767
5432 2233
5432 2234
5432 7766
5432 7767
5433 2234
5433 7766
5434 2234
5434 7766
5435 2234
5435 7766
5436 2234
5436 7766
5437 2234
5437 7766
5438 2234
5438 2235
5438 7765
5438 7766
5439 2235
5439 7765
5440 2235
5440 7765
5441 2235
5441 7765
5442 2235
5442 7765
5443 2235
5443 7765
5444 2235
5444 7765
5445 2236
5445 7764
5446 2236
5446 7764
5447 2236
5447 7764
5448 2236
5448 7764
5449 2236
5449 7764
5450 2236
5450 7764
5451 2237
5451 7763
5452 2237
5452 7763
5453 2237
5453 7763
5454 2237
5454 7763
5455 2237
5455 7763
5456 2237
5456 7763
5457 2237
5457 2238
5457 7762
5457 7763
5458 2238
5458 7762
5459 2238
5459 7762
5460 2238
5460 7762
5461 2238
5461 7762
5462 2238
5462 7762
5463 2238
5463 2239
5463 7761
5463 7762
5464 2239
5464 7761
5465 2239
5465 7761
5466 2239
5466 7761
5467 2239
5467 7761
5468 2239
5468 7761
5469 2240
5469 7760
5470 2240
5470 7760
5471 2240
5471 7760
5472 2240
5472 7760
5473 2240
5473 7760
5474 2240
5474 7760
5475 2241
5475 7759
5476 2241
5476 7759
5477 2241
5477 7759
5478 2241
5478 7759
5479 2241
5479 7759
5480 2241
5480 7759
5481 2242
5481 7758
5482 2242
5482 7758
5483 2242
5483 7758
5484 2242
5484 7758
5485 2242
5485 7758
5486 2242
5486 2243
5486 7757
5486 7758
5487 2243
5487 7757
5488 2243
5488 7757
5489 2243
5489 7757
5490 2243
5490 7757
5491 2243
5491 7757
5492 2243
5492 2244
5492 7756
5492 7757
5493 2244
5493 7756
5494 2244
5494 7756
5495 2244
5495 7756
5496 2244
5496 7756
5497 2244
5497 2245
5497 7755
5497 7756
5498 2245
5498 7755
5499 2245
5499 7755
5500 2245
5500 7755
5501 2245
5501 7755
5502 2245
5502 7755
5503 2246
5503 7754
5504 2246
5504 7754
5505 2246
5505 7754
5506 2246
5506 7754
5507 2246
5507 7754
5508 2246
5508 7754
5509 2247
5509 7753
5510 2247
5510 7753
5511 2247
5511 7753
5512 2247
5512 7753
5513 2247
5513 7753
5514 2248
5514 7752
5515 2248
5515 7752
5516 2248
5516 7752
5517 2248
5517 7752
5518 2248
5518 7752
5519 2249
5519 7751
5520 2249
5520 7751
5521 2249
5521 7751
5522 2249
5522 7751
5523 2249
5523 7751
5524 2249
5524 7751
5525 2250
5525 7750
5526 2250
5526 7750
5527 2250
5527 7750
5528 2250
5528 7750
5529 2250
5529 7750
5530 2251
5530 7749
5531 2251
5531 7749
5532 2251
5532 7749
5533 2251
5533 7749
5534 2251
5534 7749
5535 2252
5535 7748
5536 2252
5536 7748
5537 2252
5537 7748
5538 2252
5538 7748
5539 2252
5539 7748
5540 2253
5540 7747
5541 2253
5541 7747
5542 2253
5542 7747
5543 2253
5543 7747
5544 2253
5544 7747
5545 2253
5545 2254
5545 7746
5545 7747
5546 2254
5546 7746
5547 2254
5547 7746
5548 2254
5548 7746
5549 2254
5549 7746
5550 2254
5550 2255
5550 7745
5550 7746
5551 2255
5551 7745
5552 2255
5552 7745
5553 2255
5553 7745
5554 2255
5554 7745
5555 2256
5555 7744
5556 2256
5556 7744
5557 2256
5557 7744
5558 2256
5558 7744
5559 2256
5559 7744
5560 2257
5560 7743
5561 2257
5561 7743
5562 2257
5562 7743
5563 2257
5563 7743
5564 2257
5564 7743
5565 2258
5565 7742
5566 2258
5566 7742
5567 2258
5567 7742
5568 2258
5568 7742
5569 2258
5569 7742
5570 2259
5570 7741
5571 2259
5571 7741
5572 2259
5572 7741
5573 2259
5573 7741
5574 2259
5574 2260
5574 7740
5574 7741
5575 2260
5575 7740
5576 2260
5576 7740
5577 2260
5577 7740
5578 2260
5578 7740
5579 2261
5579 7739
5580 2261
5580 7739
5581 2261
5581 7739
5582 2261
5582 7739
5583 2261
5583 7739
5584 2261
5584 2262
5584 7738
5584 7739
5585 2262
5585 7738
5586 2262
5586 7738
5587 2262
5587 7738
5588 2262
5588 7738
5589 2263
5589 7737
5590 2263
5590 7737
5591 2263
5591 7737
5592 2263
5592 7737
5593 2263
5593 2264
5593 7736
5593 7737
5594 2264
5594 7736
5595 2264
5595 7736
5596 2264
5596 7736
5597 2264
5597 7736
5598 2265
5598 7735
5599 2265
5599 7735
5600 2265
5600 7735
5601 2265
5601 7735
5602 2265
5602 7735
5603 2266
5603 7734
5604 2266
5604 7734
5605 2266
5605 7734
5606 2266
5606 7734
5607 2266
5607 2267
5607 7733
5607 7734
5608 2267
5608 7733
5609 2267
5609 7733
5610 2267
5610 7733
5611 2267
5611 2268
5611 7732
5611 7733
5612 2268
5612 7732
5613 2268
5613 7732
5614 2268
5614 7732
5615 2268
5615 7732
5616 2269
5616 7731
5617 2269
5617 7731
5618 2269
5618 7731
5619 2269
5619 7731
5620 2269
5620 2270
5620 7730
5620 7731
5621 2270
5621 7730
5622 2270
5622 7730
5623 2270
5623 7730
5624 2270
5624 2271
5624 7729
5624 7730
5625 2271
5625 7729
5626 2271
5626 7729
5627 2271
5627 7729
5628 2271
5628 7729
5629 2271
5629 2272
5629 7728
5629 7729
5630 2272
5630 7728
5631 2272
5631 7728
5632 2272
5632 7728
5633 2272
5633 2273
5633 7727
5633 7728
5634 2273
5634 7727
5635 2273
5635 7727
5636 2273
5636 7727
5637 2273
5637 7727
5638 2274
5638 7726
5639 2274
5639 7726
5640 2274
5640 7726
5641 2274
5641 7726
5642 2275
5642 7725
5643 2275
5643 7725
5644 2275
5644 7725
5645 2275
5645 7725
5646 2276
5646 7724
5647 2276
5647 7724
5648 2276
5648 7724
5649 2276
5649 7724
5650 2276
5650 2277
5650 7723
5650 7724
5651 2277
5651 7723
5652 2277
5652 7723
5653 2277
5653 7723
5654 2277
5654 7723
5655 2278
5655 7722
5656 2278
5656 7722
5657 2278
5657 7722
5658 2278
5658 7722
5659 2279
5659 7721
5660 2279
5660 7721
5661 2279
5661 7721
5662 2279
5662 7721
5663 2280
5663 7720
5664 2280
5664 7720
5665 2280
5665 7720
5666 2280
5666 7720
5667 2281
5667 7719
5668 2281
5668 7719
5669 2281
5669 7719
5670 2281
5670 7719
5671 2282
5671 7718
5672 2282
5672 7718
5673 2282
5673 7718
5674 2282
5674 7718
5675 2283
5675 7717
5676 2283
5676 7717
5677 2283
5677 7717
5678 2283
5678 7717
5679 2284
5679 7716
5680 2284
5680 7716
5681 2284
5681 7716
5682 2284
5682 7716
5683 2284
5683 2285
5683 7715
5683 7716
5684 2285
5684 7715
5685 2285
5685 7715
5686 2285
5686 7715
5687 2285
5687 2286
5687 7714
5687 7715
5688 2286
5688 7714
5689 2286
5689 7714
5690 2286
5690 7714
5691 2287
5691 7713
5692 2287
5692 7713
5693 2287
5693 7713
5694 2287
5694 7713
5695 2288
5695 7712
5696 2288
5696 7712
5697 2288
5697 7712
5698 2288
5698 7712
5699 2289
5699 7711
5700 2289
5700 7711
5701 2289
5701 7711
5702 2289
5702 2290
5702 7710
5702 7711
5703 2290
5703 7710
5704 2290
5704 7710
5705 2290
5705 7710
5706 2290
5706 2291
5706 7709
5706 7710
5707 2291
5707 7709
5708 2291
5708 7709
5709 2291
5709 7709
5710 2291
5710 2292
5710 7708
5710 7709
5711 2292
5711 7708
5712 2292
5712 7708
5713 2292
5713 7708
5714 2293
5714 7707
5715 2293
5715 7707
5716 2293
5716 7707
5717 2293
5717 7707
5718 2293
5718 2294
5718 7706
5718 7707
5719 2294
5719 7706
5720 2294
5720 7706
5721 2294
5721 7706
5722 2295
5722 7705
5723 2295
5723 7705
5724 2295
5724 7705
5725 2295
5725 2296
5725 7704
5725 7705
5726 2296
5726 7704
5727 2296
5727 7704
5728 2296
5728 7704
5729 2296
5729 2297
5729 7703
5729 7704
5730 2297
5730 7703
5731 2297
5731 7703
5732 2297
5732 7703
5733 2298
5733 7702
5734 2298
5734 7702
5735 2298
5735 7702
5736 2298
5736 2299
5736 7701
5736 7702
5737 2299
5737 7701
5738 2299
5738 7701
5739 2299
5739 7701
5740 2299
5740 2300
5740 7700
5740 7701
5741 2300
5741 7700
5742 2300
5742 7700
5743 2300
5743 7700
5744 2301
5744 7699
5745 2301
5745 7699
5746 2301
5746 7699
5747 2301
5747 2302
5747 7698
5747 7699
5748 2302
5748 7698
5749 2302
5749 7698
5750 2302
5750 7698
5751 2303
5751 7697
5752 2303
5752 7697
5753 2303
5753 7697
5754 2303
5754 2304
5754 7696
5754 7697
5755 2304
5755 7696
5756 2304
5756 7696
5757 2304
5757 7696
5758 2305
5758 7695
5759 2305
5759 7695
5760 2305
5760 7695
5761 2305
5761 2306
5761 7694
5761 7695
5762 2306
5762 7694
5763 2306
5763 7694
5764 2306
5764 7694
5765 2307
5765 7693
5766 2307
5766 7693
5767 2307
5767 7693
5768 2307
5768 2308
5768 7692
5768 7693
5769 2308
5769 7692
5770 2308
5770 7692
5771 2308
5771 7692
5772 2308
5772 2309
5772 7691
5772 7692
5773 2309
5773 7691
5774 2309
5774 7691
5775 2309
5775 7691
5776 2310
5776 7690
5777 2310
5777 7690
5778 2310
5778 7690
5779 2310
5779 2311
5779 7689
5779 7690
5780 2311
5780 7689
5781 2311
5781 7689
5782 2311
5782 7689
5783 2312
5783 7688
5784 2312
5784 7688
5785 2312
5785 7688
5786 2312
5786 2313
5786 7687
5786 7688
5787 2313
5787 7687
5788 2313
5788 7687
5789 2313
5789 7687
5790 2314
5790 7686
5791 2314
5791 7686
5792 2314
5792 7686
5793 2315
5793 7685
5794 2315
5794 7685
5795 2315
5795 7685
5796 2315
5796 2316
5796 7684
5796 7685
5797 2316
5797 7684
5798 2316
5798 7684
5799 2316
5799 7684
5800 2317
5800 7683
5801 2317
5801 7683
5802 2317
5802 7683
5803 2318
5803 7682
5804 2318
5804 7682
5805 2318
5805 7682
5806 2318
5806 2319
5806 7681
5806 7682
5807 2319
5807 7681
5808 2319
5808 7681
5809 2319
5809 7681
5810 2320
5810 7680
5811 2320
5811 7680
5812 2320
5812 7680
5813 2321
5813 7679
5814 2321
5814 7679
5815 2321
5815 7679
5816 2321
5816 2322
5816 7678
5816 7679
5817 2322
5817 7678
5818 2322
5818 7678
5819 2322
5819 2323
5819 7677
5819 7678
5820 2323
5820 7677
5821 2323
5821 7677
5822 2323
5822 7677
5823 2324
5823 7676
5824 2324
5824 7676
5825 2324
5825 7676
5826 2325
5826 7675
5827 2325
5827 7675
5828 2325
5828 7675
5829 2325
5829 2326
5829 7674
5829 7675
5830 2326
5830 7674
5831 2326
5831 7674
5832 2326
5832 2327
5832 7673
5832 7674
5833 2327
5833 7673
5834 2327
5834 7673
5835 2327
5835 7673
5836 2328
5836 7672
5837 2328
5837 7672
5838 2328
5838 7672
5839 2329
5839 7671
5840 2329
5840 7671
5841 2329
5841 7671
5842 2330
5842 7670
5843 2330
5843 7670
5844 2330
5844 7670
5845 2330
5845 2331
5845 7669
5845 7670
5846 2331
5846 7669
5847 2331
5847 7669
5848 2331
5848 2332
5848 7668
5848 7669
5849 2332
5849 7668
5850 2332
5850 7668
5851 2332
5851 2333
5851 7667
5851 7668
5852 2333
5852 7667
5853 2333
5853 7667
5854 2333
5854 7667
5855 2334
5855 7666
5856 2334
5856 7666
5857 2334
5857 7666
5858 2335
5858 7665
5859 2335
5859 7665
5860 2335
5860 7665
5861 2336
5861 7664
5862 2336
5862 7664
5863 2336
5863 7664
5864 2337
5864 7663
5865 2337
5865 7663
5866 2337
5866 7663
5867 2337
5867 2338
5867 7662
5867 7663
5868 2338
5868 7662
5869 2338
5869 7662
5870 2338
5870 2339
5870 7661
5870 7662
5871 2339
5871 7661
5872 2339
5872 7661
5873 2339
5873 2340
5873 7660
5873 7661
5874 2340
5874 7660
5875 2340
5875 7660
5876 2340
5876 2341
5876 7659
5876 7660
5877 2341
5877 7659
5878 2341
5878 7659
5879 2341
5879 2342
5879 7658
5879 7659
5880 2342
5880 7658
5881 2342
5881 7658
5882 2342
5882 2343
5882 7657
5882 7658
5883 2343
5883 7657
5884 2343
5884 7657
5885 2343
5885 2344
5885 7656
5885 7657
5886 2344
5886 7656
5887 2344
5887 7656
5888 2344
5888 2345
5888 7655
5888 7656
5889 2345
5889 7655
5890 2345
5890 7655
5891 2345
5891 2346
5891 7654
5891 7655
5892 2346
5892 7654
5893 2346
5893 7654
5894 2347
5894 7653
5895 2347
5895 7653
5896 2347
5896 7653
5897 2348
5897 7652
5898 2348
5898 7652
5899 2348
5899 7652
5900 2349
5900 7651
5901 2349
5901 7651
5902 2349
5902 7651
5903 2350
5903 7650
5904 2350
5904 7650
5905 2350
5905 7650
5906 2351
5906 7649
5907 2351
5907 7649
5908 2351
5908 7649
5909 2352
5909 7648
5910 2352
5910 7648
5911 2352
5911 7648
5912 2353
5912 7647
5913 2353
5913 7647
5914 2353
5914 7647
5915 2354
5915 7646
5916 2354
5916 7646
5917 2354
5917 2355
5917 7645
5917 7646
5918 2355
5918 7645
5919 2355
5919 7645
5920 2355
5920 2356
5920 7644
5920 7645
5921 2356
5921 7644
5922 2356
5922 7644
5923 2356
5923 2357
5923 7643
5923 7644
5924 2357
5924 7643
5925 2357
5925 7643
5926 2357
5926 2358
5926 7642
5926 7643
5927 2358
5927 7642
5928 2358
5928 7642
5929 2358
5929 2359
5929 7641
5929 7642
5930 2359
5930 7641
5931 2359
5931 7641
5932 2360
5932 7640
5933 2360
5933 7640
5934 2360
5934 7640
5935 2361
5935 7639
5936 2361
5936 7639
5937 2361
5937 7639
5938 2362
5938 7638
5939 2362
5939 7638
5940 2362
5940 2363
5940 7637
5940 7638
5941 2363
5941 7637
5942 2363
5942 7637
5943 2364
5943 7636
5944 2364
5944 7636
5945 2364
5945 7636
5946 2365
5946 7635
5947 2365
5947 7635
5948 2365
5948 7635
5949 2366
5949 7634
5950 2366
5950 7634
5951 2366
5951 2367
5951 7633
5951 7634
5952 2367
5952 7633
5953 2367
5953 7633
5954 2367
5954 2368
5954 7632
5954 7633
5955 2368
5955 7632
5956 2368
5956 7632
5957 2369
5957 7631
5958 2369
5958 7631
5959 2369
5959 7631
5960 2370
5960 7630
5961 2370
5961 7630
5962 2370
5962 2371
5962 7629
5962 7630
5963 2371
5963 7629
5964 2371
5964 7629
5965 2371
5965 2372
5965 7628
5965 7629
5966 2372
5966 7628
5967 2372
5967 7628
5968 2372
5968 2373
5968 7627
5968 7628
5969 2373
5969 7627
5970 2373
5970 7627
5971 2374
5971 7626
5972 2374
5972 7626
5973 2374
5973 2375
5973 7625
5973 7626
5974 2375
5974 7625
5975 2375
5975 7625
5976 2376
5976 7624
5977 2376
5977 7624
5978 2376
5978 7624
5979 2377
5979 7623
5980 2377
5980 7623
5981 2377
5981 2378
5981 7622
5981 7623
5982 2378
5982 7622
5983 2378
5983 7622
5984 2379
5984 7621
5985 2379
5985 7621
5986 2379
5986 7621
5987 2380
5987 7620
5988 2380
5988 7620
5989 2380
5989 2381
5989 7619
5989 7620
5990 2381
5990 7619
5991 2381
5991 7619
5992 2381
5992 2382
5992 7618
5992 7619
5993 2382
5993 7618
5994 2382
5994 7618
5995 2383
5995 7617
5996 2383
5996 7617
5997 2384
5997 7616
5998 2384
5998 7616
5999 2384
5999 7616
6000 2385
6000 7615
6001 2385
6001 7615
6002 2385
6002 2386
6002 7614
6002 7615
6003 2386
6003 7614
6004 2386
6004 7614
6005 2387
6005 7613
6006 2387
6006 7613
6007 2387
6007 7613
6008 2388
6008 7612
6009 2388
6009 7612
6010 2388
6010 2389
6010 7611
6010 7612
6011 2389
6011 7611
6012 2389
6012 7611
6013 2390
6013 7610
6014 2390
6014 7610
6015 2390
6015 7610
6016 2391
6016 7609
6017 2391
6017 7609
6018 2392
6018 7608
6019 2392
6019 7608
6020 2392
6020 2393
6020 7607
6020 7608
6021 2393
6021 7607
6022 2393
6022 7607
6023 2394
6023 7606
6024 2394
6024 7606
6025 2394
6025 7606
6026 2395
6026 7605
6027 2395
6027 7605
6028 2395
6028 2396
6028 7604
6028 7605
6029 2396
6029 7604
6030 2396
6030 7604
6031 2397
6031 7603
6032 2397
6032 7603
6033 2397
6033 2398
6033 7602
6033 7603
6034 2398
6034 7602
6035 2398
6035 7602
6036 2399
6036 7601
6037 2399
6037 7601
6038 2399
6038 2400
6038 7600
6038 7601
6039 2400
6039 7600
6040 2400
6040 7600
6041 2401
6041 7599
6042 2401
6042 7599
6043 2401
6043 2402
6043 7598
6043 7599
6044 2402
6044 7598
6045 2402
6045 7598
6046 2403
6046 7597
6047 2403
6047 7597
6048 2403
6048 2404
6048 7596
6048 7597
6049 2404
6049 7596
6050 2404
6050 7596
6051 2405
6051 7595
6052 2405
6052 7595
6053 2405
6053 2406
6053 7594
6053 7595
6054 2406
6054 7594
6055 2406
6055 2407
6055 7593
6055 7594
6056 2407
6056 7593
6057 2407
6057 7593
6058 2408
6058 7592
6059 2408
6059 7592
6060 2408
6060 2409
6060 7591
6060 7592
6061 2409
6061 7591
6062 2409
6062 7591
6063 2410
6063 7590
6064 2410
6064 7590
6065 2410
6065 2411
6065 7589
6065 7590
6066 2411
6066 7589
6067 2411
6067 7589
6068 2411
6068 2412
6068 7588
6068 7589
6069 2412
6069 7588
6070 2412
6070 2413
6070 7587
6070 7588
6071 2413
6071 7587
6072 2413
6072 2414
6072 7586
6072 7587
6073 2414
6073 7586
6074 2414
6074 7586
6075 2415
6075 7585
6076 2415
6076 7585
6077 2415
6077 2416
6077 7584
6077 7585
6078 2416
6078 7584
6079 2416
6079 7584
6080 2417
6080 7583
6081 2417
6081 7583
6082 2417
6082 2418
6082 7582
6082 7583
6083 2418
6083 7582
6084 2418
6084 2419
6084 7581
6084 7582
6085 2419
6085 7581
6086 2419
6086 7581
6087 2420
6087 7580
6088 2420
6088 7580
6089 2420
6089 2421
6089 7579
6089 7580
6090 2421
6090 7579
6091 2421
6091 7579
6092 2422
6092 7578
6093 2422
6093 7578
6094 2422
6094 2423
6094 7577
6094 7578
6095 2423
6095 7577
6096 2423
6096 7577
6097 2424
6097 7576
6098 2424
6098 7576
6099 2425
6099 7575
6100 2425
6100 7575
6101 2425
6101 2426
6101 7574
6101 7575
6102 2426
6102 7574
6103 2426
6103 2427
6103 7573
6103 7574
6104 2427
6104 7573
6105 2427
6105 7573
6106 2428
6106 7572
6107 2428
6107 7572
6108 2428
6108 2429
6108 7571
6108 7572
6109 2429
6109 7571
6110 2429
6110 2430
6110 7570
6110 7571
6111 2430
6111 7570
6112 2430
6112 7570
6113 2431
6113 7569
6114 2431
6114 7569
6115 2431
6115 2432
6115 7568
6115 7569
6116 2432
6116 7568
6117 2432
6117 2433
6117 7567
6117 7568
6118 2433
6118 7567
6119 2433
6119 7567
6120 2434
6120 7566
6121 2434
6121 7566
6122 2434
6122 2435
6122 7565
6122 7566
6123 2435
6123 7565
6124 2435
6124 2436
6124 7564
6124 7565
6125 2436
6125 7564
6126 2436
6126 2437
6126 7563
6126 7564
6127 2437
6127 7563
6128 2437
6128 7563
6129 2438
6129 7562
6130 2438
6130 7562
6131 2438
6131 2439
6131 7561
6131 7562
6132 2439
6132 7561
6133 2439
6133 7561
6134 2440
6134 7560
6135 2440
6135 2441
6135 7559
6135 7560
6136 2441
6136 7559
6137 2441
6137 7559
6138 2442
6138 7558
6139 2442
6139 7558
6140 2442
6140 2443
6140 7557
6140 7558
6141 2443
6141 7557
6142 2443
6142 2444
6142 7556
6142 7557
6143 2444
6143 7556
6144 2444
6144 7556
6145 2445
6145 7555
6146 2445
6146 7555
6147 2446
6147 7554
6148 2446
6148 7554
6149 2447
6149 7553
6150 2447
6150 7553
6151 2447
6151 2448
6151 7552
6151 7553
6152 2448
6152 7552
6153 2448
6153 7552
6154 2449
6154 7551
6155 2449
6155 2450
6155 7550
6155 7551
6156 2450
6156 7550
6157 2450
6157 7550
6158 2451
6158 7549
6159 2451
6159 7549
6160 2451
6160 2452
6160 7548
6160 7549
6161 2452
6161 7548
6162 2452
6162 2453
6162 7547
6162 7548
6163 2453
6163 7547
6164 2453
6164 7547
6165 2454
6165 7546
6166 2454
6166 2455
6166 7545
6166 7546
6167 2455
6167 7545
6168 2455
6168 7545
6169 2456
6169 7544
6170 2456
6170 7544
6171 2457
6171 7543
6172 2457
6172 7543
6173 2457
6173 2458
6173 7542
6173 7543
6174 2458
6174 7542
6175 2458
6175 2459
6175 7541
6175 7542
6176 2459
6176 7541
6177 2459
6177 2460
6177 7540
6177 7541
6178 2460
6178 7540
6179 2460
6179 7540
6180 2461
6180 7539
6181 2461
6181 7539
6182 2462
6182 7538
6183 2462
6183 7538
6184 2462
6184 2463
6184 7537
6184 7538
6185 2463
6185 7537
6186 2464
6186 7536
6187 2464
6187 7536
6188 2464
6188 2465
6188 7535
6188 7536
6189 2465
6189 7535
6190 2465
6190 2466
6190 7534
6190 7535
6191 2466
6191 7534
6192 2466
6192 7534
6193 2467
6193 7533
6194 2467
6194 2468
6194 7532
6194 7533
6195 2468
6195 7532
6196 2468
6196 7532
6197 2469
6197 7531
6198 2469
6198 7531
6199 2470
6199 7530
6200 2470
6200 7530
6201 2470
6201 2471
6201 7529
6201 7530
6202 2471
6202 7529
6203 2471
6203 2472
6203 7528
6203 7529
6204 2472
6204 7528
6205 2472
6205 2473
6205 7527
6205 7528
6206 2473
6206 7527
6207 2473
6207 2474
6207 7526
6207 7527
6208 2474
6208 7526
6209 2474
6209 2475
6209 7525
6209 7526
6210 2475
6210 7525
6211 2475
6211 2476
6211 7524
6211 7525
6212 2476
6212 7524
6213 2476
6213 2477
6213 7523
6213 7524
6214 2477
6214 7523
6215 2477
6215 7523
6216 2478
6216 7522
6217 2478
6217 7522
6218 2479
6218 7521
6219 2479
6219 7521
6220 2480
6220 7520
6221 2480
6221 7520
6222 2481
6222 7519
6223 2481
6223 7519
6224 2482
6224 7518
6225 2482
6225 7518
6226 2482
6226 2483
6226 7517
6226 7518
6227 2483
6227 7517
6228 2483
6228 2484
6228 7516
6228 7517
6229 2484
6229 7516
6230 2485
6230 7515
6231 2485
6231 7515
6232 2485
6232 2486
6232 7514
6232 7515
6233 2486
6233 7514
6234 2486
6234 2487
6234 7513
6234 7514
6235 2487
6235 7513
6236 2487
6236 2488
6236 7512
6236 7513
6237 2488
6237 7512
6238 2488
6238 2489
6238 7511
6238 7512
6239 2489
6239 7511
6240 2489
6240 2490
6240 7510
6240 7511
6241 2490
6241 7510
6242 2490
6242 2491
6242 7509
6242 7510
6243 2491
6243 7509
6244 2492
6244 7508
6245 2492
6245 7508
6246 2492
6246 2493
6246 7507
6246 7508
6247 2493
6247 7507
6248 2493
6248 2494
6248 7506
6248 7507
6249 2494
6249 7506
6250 2494
6250 2495
6250 7505
6250 7506
6251 2495
6251 7505
6252 2495
6252 2496
6252 7504
6252 7505
6253 2496
6253 7504
6254 2496
6254 2497
6254 7503
6254 7504
6255 2497
6255 7503
6256 2497
6256 2498
6256 7502
6256 7503
6257 2498
6257 7502
6258 2498
6258 2499
6258 7501
6258 7502
6259 2499
6259 7501
6260 2499
6260 2500
6260 7500
6260 7501
6261 2500
6261 7500
6262 2500
6262 2501
6262 7499
6262 7500
6263 2501
6263 7499
6264 2501
6264 2502
6264 7498
6264 7499
6265 2502
6265 7498
6266 2503
6266 7497
6267 2503
6267 7497
6268 2503
6268 2504
6268 7496
6268 7497
6269 2504
6269 7496
6270 2504
6270 2505
6270 7495
6270 7496
6271 2505
6271 7495
6272 2505
6272 2506
6272 7494
6272 7495
6273 2506
6273 7494
6274 2507
6274 7493
6275 2507
6275 7493
6276 2508
6276 7492
6277 2508
6277 7492
6278 2508
6278 2509
6278 7491
6278 7492
6279 2509
6279 7491
6280 2510
6280 7490
6281 2510
6281 7490
6282 2511
6282 7489
6283 2511
6283 7489
6284 2512
6284 7488
6285 2512
6285 7488
6286 2513
6286 7487
6287 2513
6287 2514
6287 7486
6287 7487
6288 2514
6288 7486
6289 2514
6289 7486
6290 2515
6290 7485
6291 2515
6291 7485
6292 2516
6292 7484
6293 2516
6293 2517
6293 7483
6293 7484
6294 2517
6294 7483
6295 2517
6295 2518
6295 7482
6295 7483
6296 2518
6296 7482
6297 2518
6297 2519
6297 7481
6297 7482
6298 2519
6298 7481
6299 2519
6299 2520
6299 7480
6299 7481
6300 2520
6300 7480
6301 2521
6301 7479
6302 2521
6302 7479
6303 2522
6303 7478
6304 2522
6304 7478
6305 2522
6305 2523
6305 7477
6305 7478
6306 2523
6306 7477
6307 2524
6307 7476
6308 2524
6308 7476
6309 2525
6309 7475
6310 2525
6310 7475
6311 2526
6311 7474
6312 2526
6312 2527
6312 7473
6312 7474
6313 2527
6313 7473
6314 2527
6314 2528
6314 7472
6314 7473
6315 2528
6315 7472
6316 2528
6316 2529
6316 7471
6316 7472
6317 2529
6317 7471
6318 2529
6318 2530
6318 7470
6318 7471
6319 2530
6319 7470
6320 2531
6320 7469
6321 2531
6321 7469
6322 2532
6322 7468
6323 2532
6323 7468
6324 2533
6324 7467
6325 2533
6325 2534
6325 7466
6325 7467
6326 2534
6326 7466
6327 2534
6327 2535
6327 7465
6327 7466
6328 2535
6328 7465
6329 2535
6329 2536
6329 7464
6329 7465
6330 2536
6330 7464
6331 2537
6331 7463
6332 2537
6332 7463
6333 2538
6333 7462
6334 2538
6334 7462
6335 2539
6335 7461
6336 2539
6336 2540
6336 7460
6336 7461
6337 2540
6337 7460
6338 2540
6338 2541
6338 7459
6338 7460
6339 2541
6339 7459
6340 2541
6340 2542
6340 7458
6340 7459
6341 2542
6341 7458
6342 2543
6342 7457
6343 2543
6343 7457
6344 2544
6344 7456
6345 2544
6345 7456
6346 2545
6346 7455
6347 2545
6347 2546
6347 7454
6347 7455
6348 2546
6348 7454
6349 2546
6349 2547
6349 7453
6349 7454
6350 2547
6350 7453
6351 2547
6351 2548
6351 7452
6351 7453
6352 2548
6352 7452
6353 2548
6353 2549
6353 7451
6353 7452
6354 2549
6354 7451
6355 2550
6355 7450
6356 2550
6356 7450
6357 2551
6357 7449
6358 2551
6358 2552
6358 7448
6358 7449
6359 2552
6359 7448
6360 2552
6360 2553
6360 7447
6360 7448
6361 2553
6361 7447
6362 2553
6362 2554
6362 7446
6362 7447
6363 2554
6363 7446
6364 2555
6364 7445
6365 2555
6365 7445
6366 2556
6366 7444
6367 2556
6367 7444
6368 2557
6368 7443
6369 2557
6369 2558
6369 7442
6369 7443
6370 2558
6370 7442
6371 2559
6371 7441
6372 2559
6372 7441
6373 2560
6373 7440
6374 2560
6374 2561
6374 7439
6374 7440
6375 2561
6375 7439
6376 2561
6376 2562
6376 7438
6376 7439
6377 2562
6377 7438
6378 2562
6378 2563
6378 7437
6378 7438
6379 2563
6379 7437
6380 2564
6380 7436
6381 2564
6381 7436
6382 2565
6382 7435
6383 2565
6383 7435
6384 2566
6384 7434
6385 2566
6385 2567
6385 7433
6385 7434
6386 2567
6386 7433
6387 2568
6387 7432
6388 2568
6388 7432
6389 2569
6389 7431
6390 2569
6390 2570
6390 7430
6390 7431
6391 2570
6391 7430
6392 2570
6392 2571
6392 7429
6392 7430
6393 2571
6393 7429
6394 2571
6394 2572
6394 7428
6394 7429
6395 2572
6395 7428
6396 2573
6396 7427
6397 2573
6397 2574
6397 7426
6397 7427
6398 2574
6398 7426
6399 2574
6399 2575
6399 7425
6399 7426
6400 2575
6400 7425
6401 2576
6401 7424
6402 2576
6402 7424
6403 2577
6403 7423
6404 2577
6404 2578
6404 7422
6404 7423
6405 2578
6405 7422
6406 2578
6406 2579
6406 7421
6406 7422
6407 2579
6407 7421
6408 2580
6408 7420
6409 2580
6409 2581
6409 7419
6409 7420
6410 2581
6410 7419
6411 2581
6411 2582
6411 7418
6411 7419
6412 2582
6412 7418
6413 2582
6413 2583
6413 7417
6413 7418
6414 2583
6414 2584
6414 7416
6414 7417
6415 2584
6415 7416
6416 2584
6416 2585
6416 7415
6416 7416
6417 2585
6417 7415
6418 2585
6418 2586
6418 7414
6418 7415
6419 2586
6419 7414
6420 2587
6420 7413
6421 2587
6421 7413
6422 2588
6422 7412
6423 2588
6423 2589
6423 7411
6423 7412
6424 2589
6424 7411
6425 2590
6425 7410
6426 2590
6426 7410
6427 2591
6427 7409
6428 2591
6428 2592
6428 7408
6428 7409
6429 2592
6429 7408
6430 2593
6430 7407
6431 2593
6431 7407
6432 2594
6432 7406
6433 2594
6433 2595
6433 7405
6433 7406
6434 2595
6434 7405
6435 2595
6435 2596
6435 7404
6435 7405
6436 2596
6436 2597
6436 7403
6436 7404
6437 2597
6437 7403
6438 2597
6438 2598
6438 7402
6438 7403
6439 2598
6439 7402
6440 2598
6440 2599
6440 7401
6440 7402
6441 2599
6441 2600
6441 7400
6441 7401
6442 2600
6442 7400
6443 2600
6443 2601
6443 7399
6443 7400
6444 2601
6444 7399
6445 2601
6445 2602
6445 7398
6445 7399
6446 2602
6446 7398
6447 2603
6447 7397
6448 2603
6448 2604
6448 7396
6448 7397
6449 2604
6449 7396
6450 2604
6450 2605
6450 7395
6450 7396
6451 2605
6451 7395
6452 2606
6452 7394
6453 2606
6453 2607
6453 7393
6453 7394
6454 2607
6454 7393
6455 2608
6455 7392
6456 2608
6456 7392
6457 2609
6457 7391
6458 2609
6458 2610
6458 7390
6458 7391
6459 2610
6459 7390
6460 2611
6460 7389
6461 2611
6461 7389
6462 2612
6462 7388
6463 2613
6463 7387
6464 2613
6464 7387
6465 2614
6465 7386
6466 2614
6466 2615
6466 7385
6466 7386
6467 2615
6467 7385
6468 2616
6468 7384
6469 2616
6469 7384
6470 2617
6470 7383
6471 2617
6471 2618
6471 7382
6471 7383
6472 2618
6472 7382
6473 2619
6473 7381
6474 2619
6474 7381
6475 2620
6475 7380
6476 2621
6476 7379
6477 2621
6477 7379
6478 2622
6478 7378
6479 2622
6479 2623
6479 7377
6479 7378
6480 2623
6480 7377
6481 2624
6481 7376
6482 2624
6482 7376
6483 2625
6483 7375
6484 2626
6484 7374
6485 2626
6485 7374
6486 2627
6486 7373
6487 2627
6487 2628
6487 7372
6487 7373
6488 2628
6488 7372
6489 2629
6489 7371
6490 2629
6490 7371
6491 2630
6491 7370
6492 2631
6492 7369
6493 2631
6493 7369
6494 2632
6494 7368
6495 2632
6495 2633
6495 7367
6495 7368
6496 2633
6496 7367
6497 2634
6497 7366
6498 2634
6498 2635
6498 7365
6498 7366
6499 2635
6499 7365
6500 2636
6500 7364
6501 2636
6501 7364
6502 2637
6502 7363
6503 2638
6503 7362
6504 2638
6504 7362
6505 2639
6505 7361
6506 2639
6506 2640
6506 7360
6506 7361
6507 2640
6507 7360
6508 2641
6508 7359
6509 2641
6509 7359
6510 2642
6510 7358
6511 2643
6511 7357
6512 2643
6512 7357
6513 2644
6513 7356
6514 2645
6514 7355
6515 2645
6515 7355
6516 2646
6516 7354
6517 2646
6517 2647
6517 7353
6517 7354
6518 2647
6518 7353
6519 2648
6519 7352
6520 2648
6520 2649
6520 7351
6520 7352
6521 2649
6521 7351
6522 2650
6522 7350
6523 2650
6523 2651
6523 7349
6523 7350
6524 2651
6524 7349
6525 2652
6525 7348
6526 2652
6526 2653
6526 7347
6526 7348
6527 2653
6527 7347
6528 2653
6528 2654
6528 7346
6528 7347
6529 2654
6529 2655
6529 7345
6529 7346
6530 2655
6530 7345
6531 2655
6531 2656
6531 7344
6531 7345
6532 2656
6532 2657
6532 7343
6532 7344
6533 2657
6533 7343
6534 2657
6534 2658
6534 7342
6534 7343
6535 2658
6535 2659
6535 7341
6535 7342
6536 2659
6536 7341
6537 2659
6537 2660
6537 7340
6537 7341
6538 2660
6538 7340
6539 2661
6539 7339
6540 2661
6540 2662
6540 7338
6540 7339
6541 2662
6541 7338
6542 2663
6542 7337
6543 2663
6543 2664
6543 7336
6543 7337
6544 2664
6544 7336
6545 2665
6545 7335
6546 2665
6546 2666
6546 7334
6546 7335
6547 2666
6547 7334
6548 2667
6548 7333
6549 2667
6549 2668
6549 7332
6549 7333
6550 2668
6550 7332
6551 2669
6551 7331
6552 2669
6552 2670
6552 7330
6552 7331
6553 2670
6553 7330
6554 2671
6554 7329
6555 2671
6555 2672
6555 7328
6555 7329
6556 2672
6556 7328
6557 2673
6557 7327
6558 2673
6558 2674
6558 7326
6558 7327
6559 2674
6559 7326
6560 2675
6560 7325
6561 2675
6561 2676
6561 7324
6561 7325
6562 2676
6562 2677
6562 7323
6562 7324
6563 2677
6563 7323
6564 2677
6564 2678
6564 7322
6564 7323
6565 2678
6565 7322
6566 2679
6566 7321
6567 2679
6567 2680
6567 7320
6567 7321
6568 2680
6568 7320
6569 2681
6569 7319
6570 2681
6570 2682
6570 7318
6570 7319
6571 2682
6571 7318
6572 2683
6572 7317
6573 2684
6573 7316
6574 2684
6574 7316
6575 2685
6575 7315
6576 2686
6576 7314
6577 2686
6577 7314
6578 2687
6578 7313
6579 2687
6579 2688
6579 7312
6579 7313
6580 2688
6580 2689
6580 7311
6580 7312
6581 2689
6581 7311
6582 2689
6582 2690
6582 7310
6582 7311
6583 2690
6583 2691
6583 7309
6583 7310
6584 2691
6584 7309
6585 2692
6585 7308
6586 2692
6586 2693
6586 7307
6586 7308
6587 2693
6587 7307
6588 2694
6588 7306
6589 2694
6589 2695
6589 7305
6589 7306
6590 2695
6590 7305
6591 2696
6591 7304
6592 2697
6592 7303
6593 2697
6593 7303
6594 2698
6594 7302
6595 2699
6595 7301
6596 2699
6596 2700
6596 7300
6596 7301
6597 2700
6597 7300
6598 2700
6598 2701
6598 7299
6598 7300
6599 2701
6599 2702
6599 7298
6599 7299
6600 2702
6600 7298
6601 2703
6601 7297
6602 2703
6602 2704
6602 7296
6602 7297
6603 2704
6603 7296
6604 2705
6604 7295
6605 2706
6605 7294
6606 2706
6606 7294
6607 2707
6607 7293
6608 2708
6608 7292
6609 2708
6609 2709
6609 7291
6609 7292
6610 2709
6610 7291
6611 2710
6611 7290
6612 2710
6612 2711
6612 7289
6612 7290
6613 2711
6613 2712
6613 7288
6613 7289
6614 2712
6614 7288
6615 2712
6615 2713
6615 7287
6615 7288
6616 2713
6616 2714
6616 7286
6616 7287
6617 2714
6617 7286
6618 2715
6618 7285
6619 2715
6619 2716
6619 7284
6619 7285
6620 2716
6620 7284
6621 2717
6621 7283
6622 2718
6622 7282
6623 2718
6623 2719
6623 7281
6623 7282
6624 2719
6624 7281
6625 2720
6625 7280
6626 2720
6626 2721
6626 7279
6626 7280
6627 2721
6627 2722
6627 7278
6627 7279
6628 2722
6628 7278
6629 2722
6629 2723
6629 7277
6629 7278
6630 2723
6630 2724
6630 7276
6630 7277
6631 2724
6631 7276
6632 2725
6632 7275
6633 2725
6633 2726
6633 7274
6633 7275
6634 2726
6634 7274
6635 2727
6635 7273
6636 2727
6636 2728
6636 7272
6636 7273
6637 2728
6637 2729
6637 7271
6637 7272
6638 2729
6638 7271
6639 2729
6639 2730
6639 7270
6639 7271
6640 2730
6640 2731
6640 7269
6640 7270
6641 2731
6641 2732
6641 7268
6641 7269
6642 2732
6642 7268
6643 2733
6643 7267
6644 2733
6644 2734
6644 7266
6644 7267
6645 2734
6645 7266
6646 2735
6646 7265
6647 2735
6647 2736
6647 7264
6647 7265
6648 2736
6648 2737
6648 7263
6648 7264
6649 2737
6649 7263
6650 2737
6650 2738
6650 7262
6650 7263
6651 2738
6651 2739
6651 7261
6651 7262
6652 2739
6652 7261
6653 2740
6653 7260
6654 2741
6654 7259
6655 2741
6655 2742
6655 7258
6655 7259
6656 2742
6656 7258
6657 2743
6657 7257
6658 2743
6658 2744
6658 7256
6658 7257
6659 2744
6659 2745
6659 7255
6659 7256
6660 2745
6660 7255
6661 2746
6661 7254
6662 2746
6662 2747
6662 7253
6662 7254
6663 2747
6663 2748
6663 7252
6663 7253
6664 2748
6664 7252
6665 2749
6665 7251
6666 2749
6666 2750
6666 7250
6666 7251
6667 2750
6667 2751
6667 7249
6667 7250
6668 2751
6668 7249
6669 2751
6669 2752
6669 7248
6669 7249
6670 2752
6670 2753
6670 7247
6670 7248
6671 2753
6671 2754
6671 7246
6671 7247
6672 2754
6672 7246
6673 2755
6673 7245
6674 2755
6674 2756
6674 7244
6674 7245
6675 2756
6675 7244
6676 2757
6676 7243
6677 2757
6677 2758
6677 7242
6677 7243
6678 2758
6678 2759
6678 7241
6678 7242
6679 2759
6679 2760
6679 7240
6679 7241
6680 2760
6680 7240
6681 2761
6681 7239
6682 2761
6682 2762
6682 7238
6682 7239
6683 2762
6683 7238
6684 2763
6684 7237
6685 2764
6685 7236
6686 2764
6686 2765
6686 7235
6686 7236
6687 2765
6687 2766
6687 7234
6687 7235
6688 2766
6688 7234
6689 2767
6689 7233
6690 2767
6690 2768
6690 7232
6690 7233
6691 2768
6691 7232
6692 2769
6692 7231
6693 2770
6693 7230
6694 2770
6694 2771
6694 7229
6694 7230
6695 2771
6695 2772
6695 7228
6695 7229
6696 2772
6696 7228
6697 2773
6697 7227
6698 2773
6698 2774
6698 7226
6698 7227
6699 2774
6699 2775
6699 7225
6699 7226
6700 2775
6700 7225
6701 2776
6701 7224
6702 2776
6702 2777
6702 7223
6702 7224
6703 2777
6703 2778
6703 7222
6703 7223
6704 2778
6704 2779
6704 7221
6704 7222
6705 2779
6705 7221
6706 2780
6706 7220
6707 2780
6707 2781
6707 7219
6707 7220
6708 2781
6708 7219
6709 2782
6709 7218
6710 2783
6710 7217
6711 2783
6711 2784
6711 7216
6711 7217
6712 2784
6712 2785
6712 7215
6712 7216
6713 2785
6713 7215
6714 2786
6714 7214
6715 2787
6715 7213
6716 2787
6716 2788
6716 7212
6716 7213
6717 2788
6717 7212
6718 2789
6718 7211
6719 2789
6719 2790
6719 7210
6719 7211
6720 2790
6720 2791
6720 7209
6720 7210
6721 2791
6721 2792
6721 7208
6721 7209
6722 2792
6722 7208
6723 2793
6723 7207
6724 2793
6724 2794
6724 7206
6724 7207
6725 2794
6725 2795
6725 7205
6725 7206
6726 2795
6726 2796
6726 7204
6726 7205
6727 2796
6727 7204
6728 2797
6728 7203
6729 2798
6729 7202
6730 2798
6730 7202
6731 2799
6731 7201
6732 2800
6732 7200
6733 2800
6733 2801
6733 7199
6733 7200
6734 2801
6734 2802
6734 7198
6734 7199
6735 2802
6735 2803
6735 7197
6735 7198
6736 2803
6736 7197
6737 2804
6737 7196
6738 2804
6738 2805
6738 7195
6738 7196
6739 2805
6739 2806
6739 7194
6739 7195
6740 2806
6740 2807
6740 7193
6740 7194
6741 2807
6741 7193
6742 2808
6742 7192
6743 2809
6743 7191
6744 2809
6744 2810
6744 7190
6744 7191
6745 2810
6745 7190
6746 2811
6746 7189
6747 2811
6747 2812
6747 7188
6747 7189
6748 2812
6748 2813
6748 7187
6748 7188
6749 2813
6749 2814
6749 7186
6749 7187
6750 2814
6750 7186
6751 2815
6751 7185
6752 2816
6752 7184
6753 2816
6753 2817
6753 7183
6753 7184
6754 2817
6754 2818
6754 7182
6754 7183
6755 2818
6755 7182
6756 2819
6756 7181
6757 2820
6757 7180
6758 2820
6758 2821
6758 7179
6758 7180
6759 2821
6759 2822
6759 7178
6759 7179
6760 2822
6760 2823
6760 7177
6760 7178
6761 2823
6761 7177
6762 2824
6762 7176
6763 2825
6763 7175
6764 2825
6764 2826
6764 7174
6764 7175
6765 2826
6765 2827
6765 7173
6765 7174
6766 2827
6766 7173
6767 2828
6767 7172
6768 2829
6768 7171
6769 2829
6769 2830
6769 7170
6769 7171
6770 2830
6770 2831
6770 7169
6770 7170
6771 2831
6771 2832
6771 7168
6771 7169
6772 2832
6772 7168
6773 2833
6773 7167
6774 2834
6774 7166
6775 2834
6775 2835
6775 7165
6775 7166
6776 2835
6776 2836
6776 7164
6776 7165
6777 2836
6777 2837
6777 7163
6777 7164
6778 2837
6778 7163
6779 2838
6779 7162
6780 2839
6780 7161
6781 2839
6781 2840
6781 7160
6781 7161
6782 2840
6782 2841
6782 7159
6782 7160
6783 2841
6783 7159
6784 2842
6784 7158
6785 2843
6785 7157
6786 2843
6786 2844
6786 7156
6786 7157
6787 2844
6787 2845
6787 7155
6787 7156
6788 2845
6788 2846
6788 7154
6788 7155
6789 2846
6789 7154
6790 2847
6790 7153
6791 2848
6791 7152
6792 2848
6792 2849
6792 7151
6792 7152
6793 2849
6793 2850
6793 7150
6793 7151
6794 2850
6794 2851
6794 7149
6794 7150
6795 2851
6795 7149
6796 2852
6796 7148
6797 2853
6797 7147
6798 2853
6798 2854
6798 7146
6798 7147
6799 2854
6799 2855
6799 7145
6799 7146
6800 2855
6800 2856
6800 7144
6800 7145
6801 2856
6801 7144
6802 2857
6802 7143
6803 2858
6803 7142
6804 2858
6804 2859
6804 7141
6804 7142
6805 2859
6805 2860
6805 7140
6805 7141
6806 2860
6806 2861
6806 7139
6806 7140
6807 2861
6807 7139
6808 2862
6808 7138
6809 2863
6809 7137
6810 2863
6810 2864
6810 7136
6810 7137
6811 2864
6811 2865
6811 7135
6811 7136
6812 2865
6812 2866
6812 7134
6812 7135
6813 2866
6813 7134
6814 2867
6814 7133
6815 2868
6815 7132
6816 2868
6816 2869
6816 7131
6816 7132
6817 2869
6817 2870
6817 7130
6817 7131
6818 2870
6818 2871
6818 7129
6818 7130
6819 2871
6819 7129
6820 2872
6820 2873
6820 7127
6820 7128
6821 2873
6821 7127
6822 2874
6822 7126
6823 2875
6823 7125
6824 2875
6824 2876
6824 7124
6824 7125
6825 2876
6825 2877
6825 7123
6825 7124
6826 2877
6826 2878
6826 7122
6826 7123
6827 2878
6827 7122
6828 2879
6828 7121
6829 2880
6829 7120
6830 2880
6830 2881
6830 7119
6830 7120
6831 2881
6831 2882
6831 7118
6831 7119
6832 2882
6832 2883
6832 7117
6832 7118
6833 2883
6833 2884
6833 7116
6833 7117
6834 2884
6834 7116
6835 2885
6835 2886
6835 7114
6835 7115
6836 2886
6836 7114
6837 2887
6837 7113
6838 2888
6838 7112
6839 2888
6839 2889
6839 7111
6839 7112
6840 2889
6840 2890
6840 7110
6840 7111
6841 2890
6841 2891
6841 7109
6841 7110
6842 2891
6842 7109
6843 2892
6843 7108
6844 2893
6844 7107
6845 2893
6845 2894
6845 7106
6845 7107
6846 2894
6846 2895
6846 7105
6846 7106
6847 2895
6847 2896
6847 7104
6847 7105
6848 2896
6848 2897
6848 7103
6848 7104
6849 2897
6849 2898
6849 7102
6849 7103
6850 2898
6850 2899
6850 7101
6850 7102
6851 2899
6851 7101
6852 2900
6852 7100
6853 2901
6853 7099
6854 2901
6854 2902
6854 7098
6854 7099
6855 2902
6855 2903
6855 7097
6855 7098
6856 2903
6856 2904
6856 7096
6856 7097
6857 2904
6857 7096
6858 2905
6858 2906
6858 7094
6858 7095
6859 2906
6859 2907
6859 7093
6859 7094
6860 2907
6860 7093
6861 2908
6861 7092
6862 2909
6862 7091
6863 2909
6863 2910
6863 7090
6863 7091
6864 2910
6864 2911
6864 7089
6864 7090
6865 2911
6865 2912
6865 7088
6865 7089
6866 2912
6866 2913
6866 7087
6866 7088
6867 2913
6867 2914
6867 7086
6867 7087
6868 2914
6868 2915
6868 7085
6868 7086
6869 2915
6869 7085
6870 2916
6870 7084
6871 2917
6871 7083
6872 2917
6872 2918
6872 7082
6872 7083
6873 2918
6873 2919
6873 7081
6873 7082
6874 2919
6874 2920
6874 7080
6874 7081
6875 2920
6875 2921
6875 7079
6875 7080
6876 2921
6876 2922
6876 7078
6876 7079
6877 2922
6877 2923
6877 7077
6877 7078
6878 2923
6878 7077
6879 2924
6879 7076
6880 2925
6880 7075
6881 2925
6881 2926
6881 7074
6881 7075
6882 2927
6882 7073
6883 2928
6883 7072
6884 2928
6884 2929
6884 7071
6884 7072
6885 2929
6885 2930
6885 7070
6885 7071
6886 2930
6886 2931
6886 7069
6886 7070
6887 2931
6887 2932
6887 7068
6887 7069
6888 2932
6888 2933
6888 7067
6888 7068
6889 2933
6889 2934
6889 7066
6889 7067
6890 2934
6890 7066
6891 2935
6891 7065
6892 2936
6892 7064
6893 2936
6893 2937
6893 7063
6893 7064
6894 2937
6894 2938
6894 7062
6894 7063
6895 2939
6895 7061
6896 2939
6896 2940
6896 7060
6896 7061
6897 2940
6897 2941
6897 7059
6897 7060
6898 2941
6898 2942
6898 7058
6898 7059
6899 2942
6899 2943
6899 7057
6899 7058
6900 2943
6900 7057
6901 2944
6901 2945
6901 7055
6901 7056
6902 2945
6902 7055
6903 2946
6903 7054
6904 2947
6904 7053
6905 2948
6905 7052
6906 2948
6906 2949
6906 7051
6906 7052
6907 2950
6907 7050
6908 2950
6908 2951
6908 7049
6908 7050
6909 2951
6909 2952
6909 7048
6909 7049
6910 2952
6910 2953
6910 7047
6910 7048
6911 2953
6911 2954
6911 7046
6911 7047
6912 2954
6912 2955
6912 7045
6912 7046
6913 2955
6913 2956
6913 7044
6913 7045
6914 2956
6914 2957
6914 7043
6914 7044
6915 2957
6915 7043
6916 2958
6916 7042
6917 2959
6917 2960
6917 7040
6917 7041
6918 2960
6918 7040
6919 2961
6919 7039
6920 2962
6920 7038
6921 2963
6921 7037
6922 2964
6922 7036
6923 2965
6923 7035
6924 2965
6924 2966
6924 7034
6924 7035
6925 2966
6925 2967
6925 7033
6925 7034
6926 2967
6926 2968
6926 7032
6926 7033
6927 2968
6927 2969
6927 7031
6927 7032
6928 2969
6928 2970
6928 7030
6928 7031
6929 2970
6929 2971
6929 7029
6929 7030
6930 2971
6930 2972
6930 7028
6930 7029
6931 2972
6931 2973
6931 7027
6931 7028
6932 2973
6932 2974
6932 7026
6932 7027
6933 2974
6933 2975
6933 7025
6933 7026
6934 2975
6934 7025
6935 2976
6935 7024
6936 2977
6936 2978
6936 7022
6936 7023
6937 2978
6937 7022
6938 2979
6938 7021
6939 2980
6939 7020
6940 2981
6940 7019
6941 2982
6941 7018
6942 2983
6942 7017
6943 2984
6943 7016
6944 2984
6944 2985
6944 7015
6944 7016
6945 2986
6945 7014
6946 2987
6946 7013
6947 2987
6947 2988
6947 7012
6947 7013
6948 2988
6948 2989
6948 7011
6948 7012
6949 2989
6949 2990
6949 7010
6949 7011
6950 2990
6950 2991
6950 7009
6950 7010
6951 2991
6951 2992
6951 7008
6951 7009
6952 2992
6952 2993
6952 7007
6952 7008
6953 2993
6953 2994
6953 7006
6953 7007
6954 2994
6954 2995
6954 7005
6954 7006
6955 2995
6955 2996
6955 7004
6955 7005
6956 2996
6956 2997
6956 7003
6956 7004
6957 2997
6957 2998
6957 7002
6957 7003
6958 2998
6958 2999
6958 7001
6958 7002
6959 2999
6959 3000
6959 7000
6959 7001
6960 3000
6960 3001
6960 6999
6960 7000
6961 3001
6961 3002
6961 6998
6961 6999
6962 3002
6962 3003
6962 6997
6962 6998
6963 3003
6963 3004
6963 6996
6963 6997
6964 3004
6964 3005
6964 6995
6964 6996
6965 3005
6965 3006
6965 6994
6965 6995
6966 3006
6966 3007
6966 6993
6966 6994
6967 3007
6967 3008
6967 6992
6967 6993
6968 3008
6968 3009
6968 6991
6968 6992
6969 3009
6969 3010
6969 6990
6969 6991
6970 3010
6970 6990
6971 3011
6971 3012
6971 6988
6971 6989
6972 3012
6972 3013
6972 6987
6972 6988
6973 3013
6973 6987
6974 3014
6974 3015
6974 6985
6974 6986
6975 3015
6975 3016
6975 6984
6975 6985
6976 3016
6976 6984
6977 3017
6977 6983
6978 3018
6978 3019
6978 6981
6978 6982
6979 3019
6979 3020
6979 6980
6979 6981
6980 3020
6980 6980
6981 3021
6981 3022
6981 6978
6981 6979
6982 3022
6982 3023
6982 6977
6982 6978
6983 3023
6983 6977
6984 3024
6984 3025
6984 6975
6984 6976
6985 3025
6985 3026
6985 6974
6985 6975
6986 3026
6986 6974
6987 3027
6987 6973
6988 3028
6988 3029
6988 6971
6988 6972
6989 3029
6989 3030
6989 6970
6989 6971
6990 3030
6990 6970
6991 3031
6991 3032
6991 6968
6991 6969
6992 3032
6992 3033
6992 6967
6992 6968
6993 3033
6993 6967
6994 3034
6994 3035
6994 6965
6994 6966
6995 3035
6995 3036
6995 6964
6995 6965
6996 3036
6996 3037
6996 6963
6996 6964
6997 3037
6997 3038
6997 6962
6997 6963
6998 3038
6998 3039
6998 6961
6998 6962
6999 3039
6999 3040
6999 6960
6999 6961
7000 3040
7000 3041
7000 6959
7000 6960
7001 3041
7001 3042
7001 6958
7001 6959
7002 3042
7002 3043
7002 6957
7002 6958
7003 3043
7003 3044
7003 6956
7003 6957
7004 3044
7004 3045
7004 6955
7004 6956
7005 3045
7005 3046
7005 6954
7005 6955
7006 3046
7006 3047
7006 6953
7006 6954
7007 3047
7007 3048
7007 6952
7007 6953
7008 3048
7008 3049
7008 6951
7008 6952
7009 3049
7009 3050
7009 6950
7009 6951
7010 3050
7010 3051
7010 6949
7010 6950
7011 3051
7011 3052
7011 6948
7011 6949
7012 3053
7012 6947
7013 3053
7013 3054
7013 6946
7013 6947
7014 3054
7014 3055
7014 6945
7014 6946
7015 3056
7015 6944
7016 3057
7016 6943
7017 3057
7017 3058
7017 6942
7017 6943
7018 3059
7018 6941
7019 3060
7019 6940
7020 3061
7020 6939
7021 3062
7021 6938
7022 3063
7022 6937
7023 3064
7023 3065
7023 6935
7023 6936
7024 3065
7024 6935
7025 3066
7025 6934
7026 3067
7026 3068
7026 6932
7026 6933
7027 3068
7027 3069
7027 6931
7027 6932
7028 3069
7028 3070
7028 6930
7028 6931
7029 3070
7029 3071
7029 6929
7029 6930
7030 3071
7030 3072
7030 6928
7030 6929
7031 3072
7031 3073
7031 6927
7031 6928
7032 3073
7032 3074
7032 6926
7032 6927
7033 3074
7033 3075
7033 6925
7033 6926
7034 3075
7034 3076
7034 6924
7034 6925
7035 3076
7035 3077
7035 6923
7035 6924
7036 3078
7036 6922
7037 3079
7037 6921
7038 3080
7038 6920
7039 3081
7039 6919
7040 3082
7040 6918
7041 3083
7041 3084
7041 6916
7041 6917
7042 3084
7042 6916
7043 3085
7043 3086
7043 6914
7043 6915
7044 3086
7044 3087
7044 6913
7044 6914
7045 3087
7045 3088
7045 6912
7045 6913
7046 3088
7046 3089
7046 6911
7046 6912
7047 3089
7047 3090
7047 6910
7047 6911
7048 3090
7048 3091
7048 6909
7048 6910
7049 3091
7049 3092
7049 6908
7049 6909
7050 3092
7050 3093
7050 6907
7050 6908
7051 3094
7051 6906
7052 3095
7052 6905
7053 3095
7053 3096
7053 6904
7053 6905
7054 3097
7054 6903
7055 3098
7055 3099
7055 6901
7055 6902
7056 3099
7056 3100
7056 6900
7056 6901
7057 3100
7057 3101
7057 6899
7057 6900
7058 3101
7058 3102
7058 6898
7058 6899
7059 3102
7059 3103
7059 6897
7059 6898
7060 3103
7060 3104
7060 6896
7060 6897
7061 3104
7061 3105
7061 6895
7061 6896
7062 3105
7062 3106
7062 6894
7062 6895
7063 3107
7063 6893
7064 3107
7064 3108
7064 6892
7064 6893
7065 3109
7065 6891
7066 3110
7066 6890
7067 3111
7067 3112
7067 6888
7067 6889
7068 3112
7068 3113
7068 6887
7068 6888
7069 3113
7069 3114
7069 6886
7069 6887
7070 3114
7070 3115
7070 6885
7070 6886
7071 3115
7071 3116
7071 6884
7071 6885
7072 3116
7072 3117
7072 6883
7072 6884
7073 3117
7073 3118
7073 6882
7073 6883
7074 3119
7074 6881
7075 3120
7075 6880
7076 3121
7076 6879
7077 3122
7077 3123
7077 6877
7077 6878
7078 3123
7078 3124
7078 6876
7078 6877
7079 3124
7079 3125
7079 6875
7079 6876
7080 3125
7080 3126
7080 6874
7080 6875
7081 3126
7081 3127
7081 6873
7081 6874
7082 3128
7082 6872
7083 3128
7083 3129
7083 6871
7083 6872
7084 3130
7084 6870
7085 3131
7085 6869
7086 3132
7086 3133
7086 6867
7086 6868
7087 3133
7087 3134
7087 6866
7087 6867
7088 3134
7088 3135
7088 6865
7088 6866
7089 3135
7089 3136
7089 6864
7089 6865
7090 3136
7090 3137
7090 6863
7090 6864
7091 3137
7091 3138
7091 6862
7091 6863
7092 3138
7092 3139
7092 6861
7092 6862
7093 3140
7093 6860
7094 3141
7094 3142
7094 6858
7094 6859
7095 3142
7095 3143
7095 6857
7095 6858
7096 3143
7096 3144
7096 6856
7096 6857
7097 3144
7097 3145
7097 6855
7097 6856
7098 3146
7098 6854
7099 3146
7099 3147
7099 6853
7099 6854
7100 3147
7100 3148
7100 6852
7100 6853
7101 3149
7101 6851
7102 3150
7102 3151
7102 6849
7102 6850
7103 3151
7103 3152
7103 6848
7103 6849
7104 3152
7104 3153
7104 6847
7104 6848
7105 3153
7105 3154
7105 6846
7105 6847
7106 3155
7106 6845
7107 3156
7107 6844
7108 3157
7108 6843
7109 3158
7109 3159
7109 6841
7109 6842
7110 3159
7110 3160
7110 6840
7110 6841
7111 3160
7111 3161
7111 6839
7111 6840
7112 3161
7112 3162
7112 6838
7112 6839
7113 3162
7113 3163
7113 6837
7113 6838
7114 3164
7114 6836
7115 3165
7115 3166
7115 6834
7115 6835
7116 3166
7116 3167
7116 6833
7116 6834
7117 3167
7117 3168
7117 6832
7117 6833
7118 3168
7118 3169
7118 6831
7118 6832
7119 3169
7119 3170
7119 6830
7119 6831
7120 3170
7120 3171
7120 6829
7120 6830
7121 3172
7121 6828
7122 3173
7122 3174
7122 6826
7122 6827
7123 3174
7123 3175
7123 6825
7123 6826
7124 3175
7124 3176
7124 6824
7124 6825
7125 3176
7125 3177
7125 6823
7125 6824
7126 3178
7126 6822
7127 3179
7127 3180
7127 6820
7127 6821
7128 3180
7128 3181
7128 6819
7128 6820
7129 3181
7129 3182
7129 6818
7129 6819
7130 3182
7130 3183
7130 6817
7130 6818
7131 3183
7131 3184
7131 6816
7131 6817
7132 3185
7132 6815
7133 3186
7133 6814
7134 3187
7134 6813
7135 3188
7135 3189
7135 6811
7135 6812
7136 3189
7136 3190
7136 6810
7136 6811
7137 3190
7137 3191
7137 6809
7137 6810
7138 3191
7138 3192
7138 6808
7138 6809
7139 3193
7139 6807
7140 3194
7140 3195
7140 6805
7140 6806
7141 3195
7141 3196
7141 6804
7141 6805
7142 3196
7142 3197
7142 6803
7142 6804
7143 3197
7143 3198
7143 6802
7143 6803
7144 3199
7144 6801
7145 3200
7145 3201
7145 6799
7145 6800
7146 3201
7146 3202
7146 6798
7146 6799
7147 3202
7147 3203
7147 6797
7147 6798
7148 3203
7148 3204
7148 6796
7148 6797
7149 3205
7149 3206
7149 6794
7149 6795
7150 3206
7150 3207
7150 6793
7150 6794
7151 3207
7151 3208
7151 6792
7151 6793
7152 3208
7152 3209
7152 6791
7152 6792
7153 3210
7153 6790
7154 3211
7154 3212
7154 6788
7154 6789
7155 3212
7155 3213
7155 6787
7155 6788
7156 3213
7156 3214
7156 6786
7156 6787
7157 3214
7157 3215
7157 6785
7157 6786
7158 3216
7158 6784
7159 3217
7159 3218
7159 6782
7159 6783
7160 3218
7160 3219
7160 6781
7160 6782
7161 3219
7161 3220
7161 6780
7161 6781
7162 3220
7162 3221
7162 6779
7162 6780
7163 3222
7163 6778
7164 3223
7164 3224
7164 6776
7164 6777
7165 3224
7165 3225
7165 6775
7165 6776
7166 3225
7166 3226
7166 6774
7166 6775
7167 3226
7167 3227
7167 6773
7167 6774
7168 3228
7168 3229
7168 6771
7168 6772
7169 3229
7169 3230
7169 6770
7169 6771
7170 3230
7170 3231
7170 6769
7170 6770
7171 3231
7171 3232
7171 6768
7171 6769
7172 3233
7172 6767
7173 3234
7173 3235
7173 6765
7173 6766
7174 3235
7174 3236
7174 6764
7174 6765
7175 3236
7175 3237
7175 6763
7175 6764
7176 3237
7176 3238
7176 6762
7176 6763
7177 3239
7177 6761
7178 3240
7178 3241
7178 6759
7178 6760
7179 3241
7179 3242
7179 6758
7179 6759
7180 3242
7180 3243
7180 6757
7180 6758
7181 3244
7181 6756
7182 3245
7182 3246
7182 6754
7182 6755
7183 3246
7183 3247
7183 6753
7183 6754
7184 3247
7184 3248
7184 6752
7184 6753
7185 3248
7185 3249
7185 3250
7185 6750
7185 6751
7185 6752
7186 3250
7186 3251
7186 6749
7186 6750
7187 3251
7187 3252
7187 6748
7187 6749
7188 3253
7188 6747
7189 3254
7189 3255
7189 6745
7189 6746
7190 3255
7190 3256
7190 6744
7190 6745
7191 3256
7191 3257
7191 6743
7191 6744
7192 3257
7192 3258
7192 6742
7192 6743
7193 3259
7193 3260
7193 6740
7193 6741
7194 3260
7194 3261
7194 6739
7194 6740
7195 3261
7195 3262
7195 6738
7195 6739
7196 3262
7196 3263
7196 6737
7196 6738
7197 3264
7197 6736
7198 3265
7198 3266
7198 6734
7198 6735
7199 3266
7199 3267
7199 6733
7199 6734
7200 3267
7200 3268
7200 3269
7200 6731
7200 6732
7200 6733
7201 3269
7201 3270
7201 6730
7201 6731
7202 3270
7202 3271
7202 6729
7202 6730
7203 3271
7203 3272
7203 6728
7203 6729
7204 3273
7204 6727
7205 3274
7205 3275
7205 6725
7205 6726
7206 3275
7206 3276
7206 6724
7206 6725
7207 3276
7207 3277
7207 6723
7207 6724
7208 3278
7208 6722
7209 3279
7209 3280
7209 6720
7209 6721
7210 3280
7210 3281
7210 6719
7210 6720
7211 3282
7211 3283
7211 6717
7211 6718
7212 3283
7212 3284
7212 6716
7212 6717
7213 3284
7213 3285
7213 6715
7213 6716
7214 3285
7214 3286
7214 6714
7214 6715
7215 3287
7215 3288
7215 6712
7215 6713
7216 3288
7216 3289
7216 6711
7216 6712
7217 3289
7217 3290
7217 6710
7217 6711
7218 3290
7218 3291
7218 3292
7218 6708
7218 6709
7218 6710
7219 3292
7219 3293
7219 6707
7219 6708
7220 3293
7220 3294
7220 6706
7220 6707
7221 3295
7221 6705
7222 3296
7222 3297
7222 6703
7222 6704
7223 3297
7223 3298
7223 6702
7223 6703
7224 3298
7224 3299
7224 6701
7224 6702
7225 3300
7225 3301
7225 6699
7225 6700
7226 3301
7226 3302
7226 6698
7226 6699
7227 3302
7227 3303
7227 6697
7227 6698
7228 3304
7228 3305
7228 6695
7228 6696
7229 3305
7229 3306
7229 6694
7229 6695
7230 3306
7230 3307
7230 6693
7230 6694
7231 3307
7231 3308
7231 6692
7231 6693
7232 3309
7232 3310
7232 6690
7232 6691
7233 3310
7233 3311
7233 6689
7233 6690
7234 3312
7234 3313
7234 6687
7234 6688
7235 3313
7235 3314
7235 6686
7235 6687
7236 3314
7236 3315
7236 6685
7236 6686
7237 3315
7237 3316
7237 6684
7237 6685
7238 3317
7238 3318
7238 6682
7238 6683
7239 3318
7239 3319
7239 6681
7239 6682
7240 3320
7240 6680
7241 3321
7241 3322
7241 6678
7241 6679
7242 3322
7242 3323
7242 6677
7242 6678
7243 3323
7243 3324
7243 3325
7243 6675
7243 6676
7243 6677
7244 3325
7244 3326
7244 6674
7244 6675
7245 3326
7245 3327
7245 6673
7245 6674
7246 3328
7246 6672
7247 3329
7247 3330
7247 6670
7247 6671
7248 3330
7248 3331
7248 6669
7248 6670
7249 3332
7249 3333
7249 6667
7249 6668
7250 3333
7250 3334
7250 6666
7250 6667
7251 3334
7251 3335
7251 6665
7251 6666
7252 3336
7252 6664
7253 3337
7253 3338
7253 6662
7253 6663
7254 3339
7254 6661
7255 3340
7255 3341
7255 6659
7255 6660
7256 3341
7256 3342
7256 6658
7256 6659
7257 3342
7257 3343
7257 3344
7257 6656
7257 6657
7257 6658
7258 3344
7258 3345
7258 6655
7258 6656
7259 3345
7259 3346
7259 6654
7259 6655
7260 3347
7260 6653
7261 3348
7261 3349
7261 6651
7261 6652
7262 3349
7262 3350
7262 6650
7262 6651
7263 3351
7263 3352
7263 6648
7263 6649
7264 3352
7264 3353
7264 6647
7264 6648
7265 3353
7265 3354
7265 6646
7265 6647
7266 3355
7266 3356
7266 6644
7266 6645
7267 3356
7267 3357
7267 6643
7267 6644
7268 3358
7268 6642
7269 3359
7269 3360
7269 6640
7269 6641
7270 3360
7270 3361
7270 6639
7270 6640
7271 3362
7271 3363
7271 6637
7271 6638
7272 3363
7272 3364
7272 6636
7272 6637
7273 3364
7273 3365
7273 3366
7273 6634
7273 6635
7273 6636
7274 3366
7274 3367
7274 6633
7274 6634
7275 3367
7275 3368
7275 6632
7275 6633
7276 3369
7276 6631
7277 3370
7277 3371
7277 6629
7277 6630
7278 3372
7278 6628
7279 3373
7279 3374
7279 6626
7279 6627
7280 3374
7280 3375
7280 6625
7280 6626
7281 3375
7281 3376
7281 3377
7281 6623
7281 6624
7281 6625
7282 3377
7282 3378
7282 6622
7282 6623
7283 3378
7283 3379
7283 6621
7283 6622
7284 3380
7284 3381
7284 6619
7284 6620
7285 3381
7285 3382
7285 6618
7285 6619
7286 3383
7286 3384
7286 6616
7286 6617
7287 3384
7287 3385
7287 6615
7287 6616
7288 3386
7288 3387
7288 6613
7288 6614
7289 3387
7289 3388
7289 6612
7289 6613
7290 3388
7290 3389
7290 3390
7290 6610
7290 6611
7290 6612
7291 3390
7291 3391
7291 6609
7291 6610
7292 3391
7292 3392
7292 6608
7292 6609
7293 3393
7293 3394
7293 6606
7293 6607
7294 3394
7294 3395
7294 6605
7294 6606
7295 3396
7295 6604
7296 3397
7296 3398
7296 6602
7296 6603
7297 3399
7297 6601
7298 3400
7298 3401
7298 6599
7298 6600
7299 3401
7299 3402
7299 6598
7299 6599
7300 3403
7300 3404
7300 6596
7300 6597
7301 3404
7301 3405
7301 6595
7301 6596
7302 3405
7302 3406
7302 3407
7302 6593
7302 6594
7302 6595
7303 3407
7303 3408
7303 6592
7303 6593
7304 3408
7304 3409
7304 6591
7304 6592
7305 3410
7305 3411
7305 6589
7305 6590
7306 3411
7306 3412
7306 6588
7306 6589
7307 3413
7307 3414
7307 6586
7307 6587
7308 3414
7308 3415
7308 6585
7308 6586
7309 3416
7309 3417
7309 6583
7309 6584
7310 3417
7310 3418
7310 6582
7310 6583
7311 3419
7311 3420
7311 6580
7311 6581
7312 3420
7312 3421
7312 6579
7312 6580
7313 3421
7313 3422
7313 3423
7313 6577
7313 6578
7313 6579
7314 3423
7314 3424
7314 6576
7314 6577
7315 3424
7315 3425
7315 6575
7315 6576
7316 3426
7316 3427
7316 6573
7316 6574
7317 3427
7317 3428
7317 6572
7317 6573
7318 3429
7318 3430
7318 6570
7318 6571
7319 3430
7319 3431
7319 6569
7319 6570
7320 3432
7320 3433
7320 6567
7320 6568
7321 3433
7321 3434
7321 6566
7321 6567
7322 3435
7322 3436
7322 6564
7322 6565
7323 3436
7323 3437
7323 6563
7323 6564
7324 3438
7324 3439
7324 6561
7324 6562
7325 3439
7325 3440
7325 6560
7325 6561
7326 3441
7326 3442
7326 6558
7326 6559
7327 3442
7327 3443
7327 6557
7327 6558
7328 3443
7328 3444
7328 3445
7328 6555
7328 6556
7328 6557
7329 3445
7329 3446
7329 6554
7329 6555
7330 3447
7330 3448
7330 6552
7330 6553
7331 3448
7331 3449
7331 6551
7331 6552
7332 3450
7332 3451
7332 6549
7332 6550
7333 3451
7333 3452
7333 6548
7333 6549
7334 3453
7334 3454
7334 6546
7334 6547
7335 3454
7335 3455
7335 6545
7335 6546
7336 3456
7336 3457
7336 6543
7336 6544
7337 3457
7337 3458
7337 6542
7337 6543
7338 3459
7338 3460
7338 6540
7338 6541
7339 3460
7339 3461
7339 6539
7339 6540
7340 3462
7340 3463
7340 6537
7340 6538
7341 3463
7341 3464
7341 6536
7341 6537
7342 3465
7342 3466
7342 6534
7342 6535
7343 3466
7343 3467
7343 3468
7343 6532
7343 6533
7343 6534
7344 3468
7344 3469
7344 6531
7344 6532
7345 3469
7345 3470
7345 3471
7345 6529
7345 6530
7345 6531
7346 3471
7346 3472
7346 6528
7346 6529
7347 3472
7347 3473
7347 3474
7347 6526
7347 6527
7347 6528
7348 3474
7348 3475
7348 6525
7348 6526
7349 3475
7349 3476
7349 3477
7349 6523
7349 6524
7349 6525
7350 3477
7350 3478
7350 6522
7350 6523
7351 3478
7351 3479
7351 3480
7351 6520
7351 6521
7351 6522
7352 3480
7352 3481
7352 6519
7352 6520
7353 3482
7353 3483
7353 6517
7353 6518
7354 3483
7354 3484
7354 6516
7354 6517
7355 3485
7355 3486
7355 6514
7355 6515
7356 3486
7356 3487
7356 3488
7356 6512
7356 6513
7356 6514
7357 3488
7357 3489
7357 6511
7357 6512
7358 3489
7358 3490
7358 3491
7358 6509
7358 6510
7358 6511
7359 3491
7359 3492
7359 6508
7359 6509
7360 3493
7360 3494
7360 6506
7360 6507
7361 3494
7361 3495
7361 6505
7361 6506
7362 3496
7362 3497
7362 6503
7362 6504
7363 3497
7363 3498
7363 6502
7363 6503
7364 3499
7364 3500
7364 6500
7364 6501
7365 3501
7365 3502
7365 6498
7365 6499
7366 3502
7366 3503
7366 6497
7366 6498
7367 3504
7367 3505
7367 6495
7367 6496
7368 3505
7368 3506
7368 6494
7368 6495
7369 3507
7369 3508
7369 6492
7369 6493
7370 3508
7370 3509
7370 6491
7370 6492
7371 3510
7371 3511
7371 6489
7371 6490
7372 3512
7372 3513
7372 6487
7372 6488
7373 3513
7373 3514
7373 6486
7373 6487
7374 3515
7374 3516
7374 6484
7374 6485
7375 3516
7375 3517
7375 6483
7375 6484
7376 3518
7376 3519
7376 6481
7376 6482
7377 3520
7377 3521
7377 6479
7377 6480
7378 3521
7378 3522
7378 6478
7378 6479
7379 3523
7379 3524
7379 6476
7379 6477
7380 3524
7380 3525
7380 6475
7380 6476
7381 3526
7381 3527
7381 6473
7381 6474
7382 3528
7382 3529
7382 6471
7382 6472
7383 3529
7383 3530
7383 6470
7383 6471
7384 3531
7384 3532
7384 6468
7384 6469
7385 3533
7385 3534
7385 6466
7385 6467
7386 3534
7386 3535
7386 6465
7386 6466
7387 3536
7387 3537
7387 6463
7387 6464
7388 3537
7388 3538
7388 3539
7388 6461
7388 6462
7388 6463
7389 3539
7389 3540
7389 6460
7389 6461
7390 3541
7390 3542
7390 6458
7390 6459
7391 3542
7391 3543
7391 3544
7391 6456
7391 6457
7391 6458
7392 3544
7392 3545
7392 6455
7392 6456
7393 3545
7393 3546
7393 3547
7393 6453
7393 6454
7393 6455
7394 3547
7394 3548
7394 3549
7394 6451
7394 6452
7394 6453
7395 3549
7395 3550
7395 6450
7395 6451
7396 3550
7396 3551
7396 3552
7396 6448
7396 6449
7396 6450
7397 3552
7397 3553
7397 3554
7397 6446
7397 6447
7397 6448
7398 3554
7398 3555
7398 6445
7398 6446
7399 3555
7399 3556
7399 3557
7399 6443
7399 6444
7399 6445
7400 3557
7400 3558
7400 6442
7400 6443
7401 3559
7401 3560
7401 6440
7401 6441
7402 3561
7402 3562
7402 6438
7402 6439
7403 3562
7403 3563
7403 6437
7403 6438
7404 3564
7404 3565
7404 6435
7404 6436
7405 3566
7405 3567
7405 6433
7405 6434
7406 3567
7406 3568
7406 6432
7406 6433
7407 3569
7407 3570
7407 6430
7407 6431
7408 3571
7408 3572
7408 6428
7408 6429
7409 3572
7409 3573
7409 6427
7409 6428
7410 3574
7410 3575
7410 6425
7410 6426
7411 3576
7411 3577
7411 6423
7411 6424
7412 3577
7412 3578
7412 3579
7412 6421
7412 6422
7412 6423
7413 3579
7413 3580
7413 6420
7413 6421
7414 3581
7414 3582
7414 6418
7414 6419
7415 3582
7415 3583
7415 3584
7415 6416
7415 6417
7415 6418
7416 3584
7416 3585
7416 6415
7416 6416
7417 3586
7417 3587
7417 6413
7417 6414
7418 3588
7418 3589
7418 6411
7418 6412
7419 3589
7419 3590
7419 6410
7419 6411
7420 3591
7420 3592
7420 6408
7420 6409
7421 3593
7421 3594
7421 6406
7421 6407
7422 3595
7422 3596
7422 6404
7422 6405
7423 3596
7423 3597
7423 6403
7423 6404
7424 3598
7424 3599
7424 6401
7424 6402
7425 3600
7425 3601
7425 6399
7425 6400
7426 3601
7426 3602
7426 3603
7426 6397
7426 6398
7426 6399
7427 3603
7427 3604
7427 6396
7427 6397
7428 3605
7428 3606
7428 6394
7428 6395
7429 3606
7429 3607
7429 3608
7429 6392
7429 6393
7429 6394
7430 3608
7430 3609
7430 6391
7430 6392
7431 3610
7431 3611
7431 6389
7431 6390
7432 3612
7432 3613
7432 6387
7432 6388
7433 3614
7433 3615
7433 6385
7433 6386
7434 3615
7434 3616
7434 3617
7434 6383
7434 6384
7434 6385
7435 3617
7435 3618
7435 6382
7435 6383
7436 3619
7436 3620
7436 6380
7436 6381
7437 3620
7437 3621
7437 3622
7437 6378
7437 6379
7437 6380
7438 3622
7438 3623
7438 3624
7438 6376
7438 6377
7438 6378
7439 3624
7439 3625
7439 6375
7439 6376
7440 3626
7440 3627
7440 6373
7440 6374
7441 3628
7441 3629
7441 6371
7441 6372
7442 3630
7442 3631
7442 6369
7442 6370
7443 3631
7443 3632
7443 3633
7443 6367
7443 6368
7443 6369
7444 3633
7444 3634
7444 6366
7444 6367
7445 3635
7445 3636
7445 6364
7445 6365
7446 3636
7446 3637
7446 3638
7446 6362
7446 6363
7446 6364
7447 3638
7447 3639
7447 3640
7447 6360
7447 6361
7447 6362
7448 3640
7448 3641
7448 6359
7448 6360
7449 3642
7449 3643
7449 6357
7449 6358
7450 3644
7450 3645
7450 6355
7450 6356
7451 3646
7451 3647
7451 6353
7451 6354
7452 3647
7452 3648
7452 3649
7452 6351
7452 6352
7452 6353
7453 3649
7453 3650
7453 3651
7453 6349
7453 6350
7453 6351
7454 3651
7454 3652
7454 6348
7454 6349
7455 3653
7455 3654
7455 6346
7455 6347
7456 3655
7456 3656
7456 6344
7456 6345
7457 3657
7457 3658
7457 6342
7457 6343
7458 3658
7458 3659
7458 3660
7458 6340
7458 6341
7458 6342
7459 3660
7459 3661
7459 3662
7459 6338
7459 6339
7459 6340
7460 3662
7460 3663
7460 6337
7460 6338
7461 3664
7461 3665
7461 6335
7461 6336
7462 3666
7462 3667
7462 6333
7462 6334
7463 3668
7463 3669
7463 6331
7463 6332
7464 3669
7464 3670
7464 3671
7464 6329
7464 6330
7464 6331
7465 3671
7465 3672
7465 3673
7465 6327
7465 6328
7465 6329
7466 3673
7466 3674
7466 3675
7466 6325
7466 6326
7466 6327
7467 3675
7467 3676
7467 6324
7467 6325
7468 3677
7468 3678
7468 6322
7468 6323
7469 3679
7469 3680
7469 6320
7469 6321
7470 3681
7470 3682
7470 6318
7470 6319
7471 3682
7471 3683
7471 3684
7471 6316
7471 6317
7471 6318
7472 3684
7472 3685
7472 3686
7472 6314
7472 6315
7472 6316
7473 3686
7473 3687
7473 6313
7473 6314
7474 3688
7474 3689
7474 6311
7474 6312
7475 3690
7475 3691
7475 6309
7475 6310
7476 3692
7476 3693
7476 6307
7476 6308
7477 3694
7477 3695
7477 6305
7477 6306
7478 3696
7478 3697
7478 6303
7478 6304
7479 3698
7479 3699
7479 6301
7479 6302
7480 3699
7480 3700
7480 3701
7480 6299
7480 6300
7480 6301
7481 3701
7481 3702
7481 3703
7481 6297
7481 6298
7481 6299
7482 3703
7482 3704
7482 3705
7482 6295
7482 6296
7482 6297
7483 3705
7483 3706
7483 6294
7483 6295
7484 3707
7484 3708
7484 3709
7484 6291
7484 6292
7484 6293
7485 3709
7485 3710
7485 3711
7485 6289
7485 6290
7485 6291
7486 3711
7486 3712
7486 6288
7486 6289
7487 3713
7487 3714
7487 6286
7487 6287
7488 3715
7488 3716
7488 6284
7488 6285
7489 3717
7489 3718
7489 6282
7489 6283
7490 3719
7490 3720
7490 6280
7490 6281
7491 3720
7491 3721
7491 3722
7491 6278
7491 6279
7491 6280
7492 3723
7492 3724
7492 6276
7492 6277
7493 3725
7493 3726
7493 6274
7493 6275
7494 3726
7494 3727
7494 3728
7494 6272
7494 6273
7494 6274
7495 3728
7495 3729
7495 3730
7495 6270
7495 6271
7495 6272
7496 3730
7496 3731
7496 3732
7496 6268
7496 6269
7496 6270
7497 3733
7497 3734
7497 6266
7497 6267
7498 3734
7498 3735
7498 3736
7498 6264
7498 6265
7498 6266
7499 3736
7499 3737
7499 3738
7499 6262
7499 6263
7499 6264
7500 3738
7500 3739
7500 3740
7500 6260
7500 6261
7500 6262
7501 3740
7501 3741
7501 3742
7501 6258
7501 6259
7501 6260
7502 3742
7502 3743
7502 3744
7502 6256
7502 6257
7502 6258
7503 3744
7503 3745
7503 3746
7503 6254
7503 6255
7503 6256
7504 3746
7504 3747
7504 3748
7504 6252
7504 6253
7504 6254
7505 3748
7505 3749
7505 3750
7505 6250
7505 6251
7505 6252
7506 3750
7506 3751
7506 3752
7506 6248
7506 6249
7506 6250
7507 3752
7507 3753
7507 3754
7507 6246
7507 6247
7507 6248
7508 3754
7508 3755
7508 3756
7508 6244
7508 6245
7508 6246
7509 3756
7509 3757
7509 3758
7509 6242
7509 6243
7509 6244
7510 3758
7510 3759
7510 3760
7510 6240
7510 6241
7510 6242
7511 3760
7511 3761
7511 3762
7511 6238
7511 6239
7511 6240
7512 3762
7512 3763
7512 3764
7512 6236
7512 6237
7512 6238
7513 3764
7513 3765
7513 3766
7513 6234
7513 6235
7513 6236
7514 3766
7514 3767
7514 3768
7514 6232
7514 6233
7514 6234
7515 3769
7515 3770
7515 6230
7515 6231
7516 3770
7516 3771
7516 3772
7516 6228
7516 6229
7516 6230
7517 3772
7517 3773
7517 3774
7517 6226
7517 6227
7517 6228
7518 3775
7518 3776
7518 6224
7518 6225
7519 3777
7519 3778
7519 6222
7519 6223
7520 3778
7520 3779
7520 3780
7520 6220
7520 6221
7520 6222
7521 3781
7521 3782
7521 6218
7521 6219
7522 3783
7522 3784
7522 3785
7522 6215
7522 6216
7522 6217
7523 3785
7523 3786
7523 3787
7523 6213
7523 6214
7523 6215
7524 3787
7524 3788
7524 6212
7524 6213
7525 3789
7525 3790
7525 3791
7525 6209
7525 6210
7525 6211
7526 3791
7526 3792
7526 3793
7526 6207
7526 6208
7526 6209
7527 3793
7527 3794
7527 3795
7527 6205
7527 6206
7527 6207
7528 3795
7528 3796
7528 3797
7528 6203
7528 6204
7528 6205
7529 3797
7529 3798
7529 3799
7529 6201
7529 6202
7529 6203
7530 3800
7530 3801
7530 6199
7530 6200
7531 3802
7531 3803
7531 3804
7531 6196
7531 6197
7531 6198
7532 3804
7532 3805
7532 6195
7532 6196
7533 3806
7533 3807
7533 6193
7533 6194
7534 3808
7534 3809
7534 3810
7534 6190
7534 6191
7534 6192
7535 3810
7535 3811
7535 3812
7535 6188
7535 6189
7535 6190
7536 3812
7536 3813
7536 3814
7536 6186
7536 6187
7536 6188
7537 3814
7537 3815
7537 3816
7537 6184
7537 6185
7537 6186
7538 3817
7538 3818
7538 6182
7538 6183
7539 3819
7539 3820
7539 3821
7539 6179
7539 6180
7539 6181
7540 3821
7540 3822
7540 6178
7540 6179
7541 3823
7541 3824
7541 3825
7541 6175
7541 6176
7541 6177
7542 3825
7542 3826
7542 3827
7542 6173
7542 6174
7542 6175
7543 3827
7543 3828
7543 3829
7543 6171
7543 6172
7543 6173
7544 3830
7544 3831
7544 6169
7544 6170
7545 3832
7545 3833
7545 6167
7545 6168
7546 3834
7546 3835
7546 3836
7546 6164
7546 6165
7546 6166
7547 3836
7547 3837
7547 3838
7547 6162
7547 6163
7547 6164
7548 3838
7548 3839
7548 3840
7548 6160
7548 6161
7548 6162
7549 3841
7549 3842
7549 6158
7549 6159
7550 3842
7550 3843
7550 3844
7550 6156
7550 6157
7550 6158
7551 3845
7551 3846
7551 3847
7551 6153
7551 6154
7551 6155
7552 3847
7552 3848
7552 3849
7552 6151
7552 6152
7552 6153
7553 3849
7553 3850
7553 3851
7553 6149
7553 6150
7553 6151
7554 3852
7554 3853
7554 6147
7554 6148
7555 3854
7555 3855
7555 6145
7555 6146
7556 3856
7556 3857
7556 3858
7556 6142
7556 6143
7556 6144
7557 3858
7557 3859
7557 3860
7557 6140
7557 6141
7557 6142
7558 3861
7558 3862
7558 6138
7558 6139
7559 3863
7559 3864
7559 6136
7559 6137
7560 3865
7560 3866
7560 3867
7560 6133
7560 6134
7560 6135
7561 3867
7561 3868
7561 3869
7561 6131
7561 6132
7561 6133
7562 3869
7562 3870
7562 3871
7562 6129
7562 6130
7562 6131
7563 3872
7563 3873
7563 3874
7563 6126
7563 6127
7563 6128
7564 3874
7564 3875
7564 3876
7564 6124
7564 6125
7564 6126
7565 3876
7565 3877
7565 3878
7565 6122
7565 6123
7565 6124
7566 3878
7566 3879
7566 3880
7566 6120
7566 6121
7566 6122
7567 3881
7567 3882
7567 3883
7567 6117
7567 6118
7567 6119
7568 3883
7568 3884
7568 3885
7568 6115
7568 6116
7568 6117
7569 3886
7569 3887
7569 6113
7569 6114
7570 3888
7570 3889
7570 6111
7570 6112
7571 3890
7571 3891
7571 3892
7571 6108
7571 6109
7571 6110
7572 3892
7572 3893
7572 3894
7572 6106
7572 6107
7572 6108
7573 3895
7573 3896
7573 3897
7573 6103
7573 6104
7573 6105
7574 3897
7574 3898
7574 3899
7574 6101
7574 6102
7574 6103
7575 3899
7575 3900
7575 3901
7575 6099
7575 6100
7575 6101
7576 3902
7576 3903
7576 6097
7576 6098
7577 3904
7577 3905
7577 3906
7577 6094
7577 6095
7577 6096
7578 3906
7578 3907
7578 3908
7578 6092
7578 6093
7578 6094
7579 3909
7579 3910
7579 3911
7579 6089
7579 6090
7579 6091
7580 3911
7580 3912
7580 3913
7580 6087
7580 6088
7580 6089
7581 3913
7581 3914
7581 3915
7581 6085
7581 6086
7581 6087
7582 3916
7582 3917
7582 3918
7582 6082
7582 6083
7582 6084
7583 3918
7583 3919
7583 3920
7583 6080
7583 6081
7583 6082
7584 3921
7584 3922
7584 3923
7584 6077
7584 6078
7584 6079
7585 3923
7585 3924
7585 3925
7585 6075
7585 6076
7585 6077
7586 3926
7586 3927
7586 6073
7586 6074
7587 3928
7587 3929
7587 3930
7587 6070
7587 6071
7587 6072
7588 3930
7588 3931
7588 3932
7588 6068
7588 6069
7588 6070
7589 3933
7589 3934
7589 3935
7589 6065
7589 6066
7589 6067
7590 3935
7590 3936
7590 3937
7590 6063
7590 6064
7590 6065
7591 3938
7591 3939
7591 3940
7591 6060
7591 6061
7591 6062
7592 3940
7592 3941
7592 3942
7592 6058
7592 6059
7592 6060
7593 3943
7593 3944
7593 6056
7593 6057
7594 3945
7594 3946
7594 3947
7594 6053
7594 6054
7594 6055
7595 3947
7595 3948
7595 3949
7595 6051
7595 6052
7595 6053
7596 3950
7596 3951
7596 3952
7596 6048
7596 6049
7596 6050
7597 3952
7597 3953
7597 3954
7597 6046
7597 6047
7597 6048
7598 3955
7598 3956
7598 3957
7598 6043
7598 6044
7598 6045
7599 3957
7599 3958
7599 3959
7599 6041
7599 6042
7599 6043
7600 3960
7600 3961
7600 3962
7600 6038
7600 6039
7600 6040
7601 3962
7601 3963
7601 3964
7601 6036
7601 6037
7601 6038
7602 3965
7602 3966
7602 3967
7602 6033
7602 6034
7602 6035
7603 3967
7603 3968
7603 3969
7603 6031
7603 6032
7603 6033
7604 3970
7604 3971
7604 3972
7604 6028
7604 6029
7604 6030
7605 3972
7605 3973
7605 3974
7605 3975
7605 6025
7605 6026
7605 6027
7605 6028
7606 3975
7606 3976
7606 3977
7606 6023
7606 6024
7606 6025
7607 3978
7607 3979
7607 6021
7607 6022
7608 3980
7608 3981
7608 3982
7608 6018
7608 6019
7608 6020
7609 3982
7609 3983
7609 3984
7609 3985
7609 6015
7609 6016
7609 6017
7609 6018
7610 3985
7610 3986
7610 3987
7610 6013
7610 6014
7610 6015
7611 3988
7611 3989
7611 3990
7611 6010
7611 6011
7611 6012
7612 3990
7612 3991
7612 3992
7612 6008
7612 6009
7612 6010
7613 3993
7613 3994
7613 3995
7613 6005
7613 6006
7613 6007
7614 3996
7614 3997
7614 3998
7614 6002
7614 6003
7614 6004
7615 3998
7615 3999
7615 4000
7615 6000
7615 6001
7615 6002
7616 4000
7616 4001
7616 4002
7616 4003
7616 5997
7616 5998
7616 5999
7616 6000
7617 4003
7617 4004
7617 4005
7617 5995
7617 5996
7617 5997
7618 4006
7618 4007
7618 4008
7618 5992
7618 5993
7618 5994
7619 4009
7619 4010
7619 4011
7619 5989
7619 5990
7619 5991
7620 4011
7620 4012
7620 4013
7620 5987
7620 5988
7620 5989
7621 4014
7621 4015
7621 4016
7621 5984
7621 5985
7621 5986
7622 4017
7622 4018
7622 4019
7622 5981
7622 5982
7622 5983
7623 4019
7623 4020
7623 4021
7623 4022
7623 5978
7623 5979
7623 5980
7623 5981
7624 4022
7624 4023
7624 4024
7624 5976
7624 5977
7624 5978
7625 4024
7625 4025
7625 4026
7625 4027
7625 5973
7625 5974
7625 5975
7625 5976
7626 4027
7626 4028
7626 4029
7626 5971
7626 5972
7626 5973
7627 4030
7627 4031
7627 4032
7627 5968
7627 5969
7627 5970
7628 4033
7628 4034
7628 4035
7628 5965
7628 5966
7628 5967
7629 4035
7629 4036
7629 4037
7629 4038
7629 5962
7629 5963
7629 5964
7629 5965
7630 4038
7630 4039
7630 4040
7630 5960
7630 5961
7630 5962
7631 4041
7631 4042
7631 4043
7631 5957
7631 5958
7631 5959
7632 4044
7632 4045
7632 4046
7632 5954
7632 5955
7632 5956
7633 4047
7633 4048
7633 4049
7633 5951
7633 5952
7633 5953
7634 4049
7634 4050
7634 4051
7634 4052
7634 5948
7634 5949
7634 5950
7634 5951
7635 4052
7635 4053
7635 4054
7635 5946
7635 5947
7635 5948
7636 4054
7636 4055
7636 4056
7636 4057
7636 5943
7636 5944
7636 5945
7636 5946
7637 4057
7637 4058
7637 4059
7637 4060
7637 5940
7637 5941
7637 5942
7637 5943
7638 4060
7638 4061
7638 4062
7638 5938
7638 5939
7638 5940
7639 4063
7639 4064
7639 4065
7639 5935
7639 5936
7639 5937
7640 4066
7640 4067
7640 4068
7640 5932
7640 5933
7640 5934
7641 4069
7641 4070
7641 4071
7641 5929
7641 5930
7641 5931
7642 4072
7642 4073
7642 4074
7642 5926
7642 5927
7642 5928
7643 4074
7643 4075
7643 4076
7643 4077
7643 5923
7643 5924
7643 5925
7643 5926
7644 4077
7644 4078
7644 4079
7644 4080
7644 5920
7644 5921
7644 5922
7644 5923
7645 4080
7645 4081
7645 4082
7645 4083
7645 5917
7645 5918
7645 5919
7645 5920
7646 4083
7646 4084
7646 4085
7646 4086
7646 5914
7646 5915
7646 5916
7646 5917
7647 4086
7647 4087
7647 4088
7647 4089
7647 5911
7647 5912
7647 5913
7647 5914
7648 4089
7648 4090
7648 4091
7648 5909
7648 5910
7648 5911
7649 4092
7649 4093
7649 4094
7649 5906
7649 5907
7649 5908
7650 4094
7650 4095
7650 4096
7650 4097
7650 5903
7650 5904
7650 5905
7650 5906
7651 4097
7651 4098
7651 4099
7651 4100
7651 5900
7651 5901
7651 5902
7651 5903
7652 4100
7652 4101
7652 4102
7652 4103
7652 5897
7652 5898
7652 5899
7652 5900
7653 4103
7653 4104
7653 4105
7653 4106
7653 5894
7653 5895
7653 5896
7653 5897
7654 4106
7654 4107
7654 4108
7654 4109
7654 5891
7654 5892
7654 5893
7654 5894
7655 4109
7655 4110
7655 4111
7655 4112
7655 5888
7655 5889
7655 5890
7655 5891
7656 4112
7656 4113
7656 4114
7656 4115
7656 5885
7656 5886
7656 5887
7656 5888
7657 4115
7657 4116
7657 4117
7657 4118
7657 5882
7657 5883
7657 5884
7657 5885
7658 4118
7658 4119
7658 4120
7658 4121
7658 5879
7658 5880
7658 5881
7658 5882
7659 4121
7659 4122
7659 4123
7659 4124
7659 5876
7659 5877
7659 5878
7659 5879
7660 4124
7660 4125
7660 4126
7660 4127
7660 5873
7660 5874
7660 5875
7660 5876
7661 4127
7661 4128
7661 4129
7661 4130
7661 5870
7661 5871
7661 5872
7661 5873
7662 4131
7662 4132
7662 4133
7662 5867
7662 5868
7662 5869
7663 4134
7663 4135
7663 4136
7663 5864
7663 5865
7663 5866
7664 4137
7664 4138
7664 4139
7664 5861
7664 5862
7664 5863
7665 4140
7665 4141
7665 4142
7665 5858
7665 5859
7665 5860
7666 4143
7666 4144
7666 4145
7666 4146
7666 5854
7666 5855
7666 5856
7666 5857
7667 4146
7667 4147
7667 4148
7667 4149
7667 5851
7667 5852
7667 5853
7667 5854
7668 4149
7668 4150
7668 4151
7668 4152
7668 5848
7668 5849
7668 5850
7668 5851
7669 4152
7669 4153
7669 4154
7669 4155
7669 5845
7669 5846
7669 5847
7669 5848
7670 4155
7670 4156
7670 4157
7670 4158
7670 5842
7670 5843
7670 5844
7670 5845
7671 4159
7671 4160
7671 4161
7671 5839
7671 5840
7671 5841
7672 4162
7672 4163
7672 4164
7672 4165
7672 5835
7672 5836
7672 5837
7672 5838
7673 4165
7673 4166
7673 4167
7673 4168
7673 5832
7673 5833
7673 5834
7673 5835
7674 4168
7674 4169
7674 4170
7674 4171
7674 5829
7674 5830
7674 5831
7674 5832
7675 4171
7675 4172
7675 4173
7675 4174
7675 5826
7675 5827
7675 5828
7675 5829
7676 4175
7676 4176
7676 4177
7676 5823
7676 5824
7676 5825
7677 4178
7677 4179
7677 4180
7677 4181
7677 5819
7677 5820
7677 5821
7677 5822
7678 4181
7678 4182
7678 4183
7678 4184
7678 5816
7678 5817
7678 5818
7678 5819
7679 4184
7679 4185
7679 4186
7679 4187
7679 5813
7679 5814
7679 5815
7679 5816
7680 4188
7680 4189
7680 4190
7680 4191
7680 5809
7680 5810
7680 5811
7680 5812
7681 4191
7681 4192
7681 4193
7681 4194
7681 5806
7681 5807
7681 5808
7681 5809
7682 4194
7682 4195
7682 4196
7682 4197
7682 5803
7682 5804
7682 5805
7682 5806
7683 4198
7683 4199
7683 4200
7683 4201
7683 5799
7683 5800
7683 5801
7683 5802
7684 4201
7684 4202
7684 4203
7684 4204
7684 5796
7684 5797
7684 5798
7684 5799
7685 4204
7685 4205
7685 4206
7685 4207
7685 5793
7685 5794
7685 5795
7685 5796
7686 4208
7686 4209
7686 4210
7686 4211
7686 5789
7686 5790
7686 5791
7686 5792
7687 4211
7687 4212
7687 4213
7687 4214
7687 5786
7687 5787
7687 5788
7687 5789
7688 4215
7688 4216
7688 4217
7688 5783
7688 5784
7688 5785
7689 4218
7689 4219
7689 4220
7689 4221
7689 5779
7689 5780
7689 5781
7689 5782
7690 4221
7690 4222
7690 4223
7690 4224
7690 5776
7690 5777
7690 5778
7690 5779
7691 4225
7691 4226
7691 4227
7691 4228
7691 5772
7691 5773
7691 5774
7691 5775
7692 4228
7692 4229
7692 4230
7692 4231
7692 5769
7692 5770
7692 5771
7692 5772
7693 4232
7693 4233
7693 4234
7693 4235
7693 5765
7693 5766
7693 5767
7693 5768
7694 4235
7694 4236
7694 4237
7694 4238
7694 5762
7694 5763
7694 5764
7694 5765
7695 4239
7695 4240
7695 4241
7695 4242
7695 5758
7695 5759
7695 5760
7695 5761
7696 4242
7696 4243
7696 4244
7696 4245
7696 5755
7696 5756
7696 5757
7696 5758
7697 4246
7697 4247
7697 4248
7697 4249
7697 5751
7697 5752
7697 5753
7697 5754
7698 4250
7698 4251
7698 4252
7698 4253
7698 5747
7698 5748
7698 5749
7698 5750
7699 4253
7699 4254
7699 4255
7699 4256
7699 5744
7699 5745
7699 5746
7699 5747
7700 4257
7700 4258
7700 4259
7700 4260
7700 5740
7700 5741
7700 5742
7700 5743
7701 4261
7701 4262
7701 4263
7701 4264
7701 5736
7701 5737
7701 5738
7701 5739
7702 4264
7702 4265
7702 4266
7702 4267
7702 5733
7702 5734
7702 5735
7702 5736
7703 4268
7703 4269
7703 4270
7703 4271
7703 5729
7703 5730
7703 5731
7703 5732
7704 4272
7704 4273
7704 4274
7704 4275
7704 5725
7704 5726
7704 5727
7704 5728
7705 4275
7705 4276
7705 4277
7705 4278
7705 5722
7705 5723
7705 5724
7705 5725
7706 4279
7706 4280
7706 4281
7706 4282
7706 5718
7706 5719
7706 5720
7706 5721
7707 4283
7707 4284
7707 4285
7707 4286
7707 5714
7707 5715
7707 5716
7707 5717
7708 4286
7708 4287
7708 4288
7708 4289
7708 4290
7708 5710
7708 5711
7708 5712
7708 5713
7708 5714
7709 4290
7709 4291
7709 4292
7709 4293
7709 4294
7709 5706
7709 5707
7709 5708
7709 5709
7709 5710
7710 4294
7710 4295
7710 4296
7710 4297
7710 4298
7710 5702
7710 5703
7710 5704
7710 5705
7710 5706
7711 4298
7711 4299
7711 4300
7711 4301
7711 5699
7711 5700
7711 5701
7711 5702
7712 4302
7712 4303
7712 4304
7712 4305
7712 5695
7712 5696
7712 5697
7712 5698
7713 4306
7713 4307
7713 4308
7713 4309
7713 5691
7713 5692
7713 5693
7713 5694
7714 4310
7714 4311
7714 4312
7714 4313
7714 5687
7714 5688
7714 5689
7714 5690
7715 4314
7715 4315
7715 4316
7715 4317
7715 5683
7715 5684
7715 5685
7715 5686
7716 4317
7716 4318
7716 4319
7716 4320
7716 4321
7716 5679
7716 5680
7716 5681
7716 5682
7716 5683
7717 4321
7717 4322
7717 4323
7717 4324
7717 4325
7717 5675
7717 5676
7717 5677
7717 5678
7717 5679
7718 4325
7718 4326
7718 4327
7718 4328
7718 4329
7718 5671
7718 5672
7718 5673
7718 5674
7718 5675
7719 4330
7719 4331
7719 4332
7719 4333
7719 5667
7719 5668
7719 5669
7719 5670
7720 4334
7720 4335
7720 4336
7720 4337
7720 5663
7720 5664
7720 5665
7720 5666
7721 4338
7721 4339
7721 4340
7721 4341
7721 5659
7721 5660
7721 5661
7721 5662
7722 4342
7722 4343
7722 4344
7722 4345
7722 5655
7722 5656
7722 5657
7722 5658
7723 4346
7723 4347
7723 4348
7723 4349
7723 4350
7723 5650
7723 5651
7723 5652
7723 5653
7723 5654
7724 4350
7724 4351
7724 4352
7724 4353
7724 4354
7724 5646
7724 5647
7724 5648
7724 5649
7724 5650
7725 4354
7725 4355
7725 4356
7725 4357
7725 4358
7725 5642
7725 5643
7725 5644
7725 5645
7725 5646
7726 4359
7726 4360
7726 4361
7726 4362
7726 4363
7726 5637
7726 5638
7726 5639
7726 5640
7726 5641
7727 4363
7727 4364
7727 4365
7727 4366
7727 4367
7727 5633
7727 5634
7727 5635
7727 5636
7727 5637
7728 4367
7728 4368
7728 4369
7728 4370
7728 4371
7728 5629
7728 5630
7728 5631
7728 5632
7728 5633
7729 4371
7729 4372
7729 4373
7729 4374
7729 4375
7729 5625
7729 5626
7729 5627
7729 5628
7729 5629
7730 4376
7730 4377
7730 4378
7730 4379
7730 4380
7730 5620
7730 5621
7730 5622
7730 5623
7730 5624
7731 4380
7731 4381
7731 4382
7731 4383
7731 4384
7731 5616
7731 5617
7731 5618
7731 5619
7731 5620
7732 4385
7732 4386
7732 4387
7732 4388
7732 4389
7732 5611
7732 5612
7732 5613
7732 5614
7732 5615
7733 4389
7733 4390
7733 4391
7733 4392
7733 4393
7733 5607
7733 5608
7733 5609
7733 5610
7733 5611
7734 4394
7734 4395
7734 4396
7734 4397
7734 4398
7734 5602
7734 5603
7734 5604
7734 5605
7734 5606
7735 4398
7735 4399
7735 4400
7735 4401
7735 4402
7735 5598
7735 5599
7735 5600
7735 5601
7735 5602
7736 4402
7736 4403
7736 4404
7736 4405
7736 4406
7736 4407
7736 5593
7736 5594
7736 5595
7736 5596
7736 5597
7736 5598
7737 4407
7737 4408
7737 4409
7737 4410
7737 4411
7737 4412
7737 5588
7737 5589
7737 5590
7737 5591
7737 5592
7737 5593
7738 4412
7738 4413
7738 4414
7738 4415
7738 4416
7738 5584
7738 5585
7738 5586
7738 5587
7738 5588
7739 4417
7739 4418
7739 4419
7739 4420
7739 4421
7739 5579
7739 5580
7739 5581
7739 5582
7739 5583
7740 4421
7740 4422
7740 4423
7740 4424
7740 4425
7740 4426
7740 5574
7740 5575
7740 5576
7740 5577
7740 5578
7740 5579
7741 4426
7741 4427
7741 4428
7741 4429
7741 4430
7741 5570
7741 5571
7741 5572
7741 5573
7741 5574
7742 4431
7742 4432
7742 4433
7742 4434
7742 4435
7742 5565
7742 5566
7742 5567
7742 5568
7742 5569
7743 4436
7743 4437
7743 4438
7743 4439
7743 4440
7743 5560
7743 5561
7743 5562
7743 5563
7743 5564
7744 4440
7744 4441
7744 4442
7744 4443
7744 4444
7744 4445
7744 5555
7744 5556
7744 5557
7744 5558
7744 5559
7744 5560
7745 4446
7745 4447
7745 4448
7745 4449
7745 4450
7745 5550
7745 5551
7745 5552
7745 5553
7745 5554
7746 4451
7746 4452
7746 4453
7746 4454
7746 4455
7746 5545
7746 5546
7746 5547
7746 5548
7746 5549
7747 4455
7747 4456
7747 4457
7747 4458
7747 4459
7747 4460
7747 5540
7747 5541
7747 5542
7747 5543
7747 5544
7747 5545
7748 4460
7748 4461
7748 4462
7748 4463
7748 4464
7748 4465
7748 5535
7748 5536
7748 5537
7748 5538
7748 5539
7748 5540
7749 4466
7749 4467
7749 4468
7749 4469
7749 4470
7749 5530
7749 5531
7749 5532
7749 5533
7749 5534
7750 4471
7750 4472
7750 4473
7750 4474
7750 4475
7750 4476
7750 5524
7750 5525
7750 5526
7750 5527
7750 5528
7750 5529
7751 4476
7751 4477
7751 4478
7751 4479
7751 4480
7751 4481
7751 5519
7751 5520
7751 5521
7751 5522
7751 5523
7751 5524
7752 4481
7752 4482
7752 4483
7752 4484
7752 4485
7752 4486
7752 5514
7752 5515
7752 5516
7752 5517
7752 5518
7752 5519
7753 4487
7753 4488
7753 4489
7753 4490
7753 4491
7753 4492
7753 5508
7753 5509
7753 5510
7753 5511
7753 5512
7753 5513
7754 4492
7754 4493
7754 4494
7754 4495
7754 4496
7754 4497
7754 5503
7754 5504
7754 5505
7754 5506
7754 5507
7754 5508
7755 4497
7755 4498
7755 4499
7755 4500
7755 4501
7755 4502
7755 4503
7755 5497
7755 5498
7755 5499
7755 5500
7755 5501
7755 5502
7755 5503
7756 4503
7756 4504
7756 4505
7756 4506
7756 4507
7756 4508
7756 5492
7756 5493
7756 5494
7756 5495
7756 5496
7756 5497
7757 4509
7757 4510
7757 4511
7757 4512
7757 4513
7757 4514
7757 5486
7757 5487
7757 5488
7757 5489
7757 5490
7757 5491
7758 4514
7758 4515
7758 4516
7758 4517
7758 4518
7758 4519
7758 4520
7758 5480
7758 5481
7758 5482
7758 5483
7758 5484
7758 5485
7758 5486
7759 4520
7759 4521
7759 4522
7759 4523
7759 4524
7759 4525
7759 5475
7759 5476
7759 5477
7759 5478
7759 5479
7759 5480
7760 4526
7760 4527
7760 4528
7760 4529
7760 4530
7760 4531
7760 5469
7760 5470
7760 5471
7760 5472
7760 5473
7760 5474
7761 4531
7761 4532
7761 4533
7761 4534
7761 4535
7761 4536
7761 4537
7761 5463
7761 5464
7761 5465
7761 5466
7761 5467
7761 5468
7761 5469
7762 4538
7762 4539
7762 4540
7762 4541
7762 4542
7762 4543
7762 5457
7762 5458
7762 5459
7762 5460
7762 5461
7762 5462
7763 4543
7763 4544
7763 4545
7763 4546
7763 4547
7763 4548
7763 4549
7763 5451
7763 5452
7763 5453
7763 5454
7763 5455
7763 5456
7763 5457
7764 4550
7764 4551
7764 4552
7764 4553
7764 4554
7764 4555
7764 5445
7764 5446
7764 5447
7764 5448
7764 5449
7764 5450
7765 4556
7765 4557
7765 4558
7765 4559
7765 4560
7765 4561
7765 5439
7765 5440
7765 5441
7765 5442
7765 5443
7765 5444
7766 4562
7766 4563
7766 4564
7766 4565
7766 4566
7766 4567
7766 4568
7766 5432
7766 5433
7766 5434
7766 5435
7766 5436
7766 5437
7766 5438
7767 4568
7767 4569
7767 4570
7767 4571
7767 4572
7767 4573
7767 4574
7767 5426
7767 5427
7767 5428
7767 5429
7767 5430
7767 5431
7767 5432
7768 4575
7768 4576
7768 4577
7768 4578
7768 4579
7768 4580
7768 4581
7768 5419
7768 5420
7768 5421
7768 5422
7768 5423
7768 5424
7768 5425
7769 4582
7769 4583
7769 4584
7769 4585
7769 4586
7769 4587
7769 5413
7769 5414
7769 5415
7769 5416
7769 5417
7769 5418
7770 4588
7770 4589
7770 4590
7770 4591
7770 4592
7770 4593
7770 4594
7770 4595
7770 5405
7770 5406
7770 5407
7770 5408
7770 5409
7770 5410
7770 5411
7770 5412
7771 4595
7771 4596
7771 4597
7771 4598
7771 4599
7771 4600
7771 4601
7771 5399
7771 5400
7771 5401
7771 5402
7771 5403
7771 5404
7771 5405
7772 4602
7772 4603
7772 4604
7772 4605
7772 4606
7772 4607
7772 4608
7772 5392
7772 5393
7772 5394
7772 5395
7772 5396
7772 5397
7772 5398
7773 4609
7773 4610
7773 4611
7773 4612
7773 4613
7773 4614
7773 4615
7773 5385
7773 5386
7773 5387
7773 5388
7773 5389
7773 5390
7773 5391
7774 4616
7774 4617
7774 4618
7774 4619
7774 4620
7774 4621
7774 4622
7774 4623
7774 5377
7774 5378
7774 5379
7774 5380
7774 5381
7774 5382
7774 5383
7774 5384
7775 4623
7775 4624
7775 4625
7775 4626
7775 4627
7775 4628
7775 4629
7775 4630
7775 5370
7775 5371
7775 5372
7775 5373
7775 5374
7775 5375
7775 5376
7775 5377
7776 4631
7776 4632
7776 4633
7776 4634
7776 4635
7776 4636
7776 4637
7776 4638
7776 5362
7776 5363
7776 5364
7776 5365
7776 5366
7776 5367
7776 5368
7776 5369
7777 4638
7777 4639
7777 4640
7777 4641
7777 4642
7777 4643
7777 4644
7777 4645
7777 5355
7777 5356
7777 5357
7777 5358
7777 5359
7777 5360
7777 5361
7777 5362
7778 4646
7778 4647
7778 4648
7778 4649
7778 4650
7778 4651
7778 4652
7778 4653
7778 5347
7778 5348
7778 5349
7778 5350
7778 5351
7778 5352
7778 5353
7778 5354
7779 4654
7779 4655
7779 4656
7779 4657
7779 4658
7779 4659
7779 4660
7779 4661
7779 4662
7779 5338
7779 5339
7779 5340
7779 5341
7779 5342
7779 5343
7779 5344
7779 5345
7779 5346
7780 4662
7780 4663
7780 4664
7780 4665
7780 4666
7780 4667
7780 4668
7780 4669
7780 4670
7780 5330
7780 5331
7780 5332
7780 5333
7780 5334
7780 5335
7780 5336
7780 5337
7780 5338
7781 4670
7781 4671
7781 4672
7781 4673
7781 4674
7781 4675
7781 4676
7781 4677
7781 4678
7781 5322
7781 5323
7781 5324
7781 5325
7781 5326
7781 5327
7781 5328
7781 5329
7781 5330
7782 4679
7782 4680
7782 4681
7782 4682
7782 4683
7782 4684
7782 4685
7782 4686
7782 4687
7782 5313
7782 5314
7782 5315
7782 5316
7782 5317
7782 5318
7782 5319
7782 5320
7782 5321
7783 4688
7783 4689
7783 4690
7783 4691
7783 4692
7783 4693
7783 4694
7783 4695
7783 4696
7783 5304
7783 5305
7783 5306
7783 5307
7783 5308
7783 5309
7783 5310
7783 5311
7783 5312
7784 4697
7784 4698
7784 4699
7784 4700
7784 4701
7784 4702
7784 4703
7784 4704
7784 4705
7784 4706
7784 5294
7784 5295
7784 5296
7784 5297
7784 5298
7784 5299
7784 5300
7784 5301
7784 5302
7784 5303
7785 4706
7785 4707
7785 4708
7785 4709
7785 4710
7785 4711
7785 4712
7785 4713
7785 4714
7785 4715
7785 5285
7785 5286
7785 5287
7785 5288
7785 5289
7785 5290
7785 5291
7785 5292
7785 5293
7785 5294
7786 4716
7786 4717
7786 4718
7786 4719
7786 4720
7786 4721
7786 4722
7786 4723
7786 4724
7786 4725
7786 5275
7786 5276
7786 5277
7786 5278
7786 5279
7786 5280
7786 5281
7786 5282
7786 5283
7786 5284
7787 4726
7787 4727
7787 4728
7787 4729
7787 4730
7787 4731
7787 4732
7787 4733
7787 4734
7787 4735
7787 5265
7787 5266
7787 5267
7787 5268
7787 5269
7787 5270
7787 5271
7787 5272
7787 5273
7787 5274
7788 4736
7788 4737
7788 4738
7788 4739
7788 4740
7788 4741
7788 4742
7788 4743
7788 4744
7788 4745
7788 4746
7788 5254
7788 5255
7788 5256
7788 5257
7788 5258
7788 5259
7788 5260
7788 5261
7788 5262
7788 5263
7788 5264
7789 4747
7789 4748
7789 4749
7789 4750
7789 4751
7789 4752
7789 4753
7789 4754
7789 4755
7789 4756
7789 4757
7789 5243
7789 5244
7789 5245
7789 5246
7789 5247
7789 5248
7789 5249
7789 5250
7789 5251
7789 5252
7789 5253
7790 4758
7790 4759
7790 4760
7790 4761
7790 4762
7790 4763
7790 4764
7790 4765
7790 4766
7790 4767
7790 4768
7790 4769
7790 5231
7790 5232
7790 5233
7790 5234
7790 5235
7790 5236
7790 5237
7790 5238
7790 5239
7790 5240
7790 5241
7790 5242
7791 4770
7791 4771
7791 4772
7791 4773
7791 4774
7791 4775
7791 4776
7791 4777
7791 4778
7791 4779
7791 4780
7791 4781
7791 4782
7791 5218
7791 5219
7791 5220
7791 5221
7791 5222
7791 5223
7791 5224
7791 5225
7791 5226
7791 5227
7791 5228
7791 5229
7791 5230
7792 4782
7792 4783
7792 4784
7792 4785
7792 4786
7792 4787
7792 4788
7792 4789
7792 4790
7792 4791
7792 4792
7792 4793
7792 4794
7792 4795
7792 5205
7792 5206
7792 5207
7792 5208
7792 5209
7792 5210
7792 5211
7792 5212
7792 5213
7792 5214
7792 5215
7792 5216
7792 5217
7792 5218
7793 4795
7793 4796
7793 4797
7793 4798
7793 4799
7793 4800
7793 4801
7793 4802
7793 4803
7793 4804
7793 4805
7793 4806
7793 4807
7793 4808
7793 4809
7793 5191
7793 5192
7793 5193
7793 5194
7793 5195
7793 5196
7793 5197
7793 5198
7793 5199
7793 5200
7793 5201
7793 5202
7793 5203
7793 5204
7793 5205
7794 4810
7794 4811
7794 4812
7794 4813
7794 4814
7794 4815
7794 4816
7794 4817
7794 4818
7794 4819
7794 4820
7794 4821
7794 4822
7794 4823
7794 4824
7794 5176
7794 5177
7794 5178
7794 5179
7794 5180
7794 5181
7794 5182
7794 5183
7794 5184
7794 5185
7794 5186
7794 5187
7794 5188
7794 5189
7794 5190
7795 4825
7795 4826
7795 4827
7795 4828
7795 4829
7795 4830
7795 4831
7795 4832
7795 4833
7795 4834
7795 4835
7795 4836
7795 4837
7795 4838
7795 4839
7795 4840
7795 4841
7795 5159
7795 5160
7795 5161
7795 5162
7795 5163
7795 5164
7795 5165
7795 5166
7795 5167
7795 5168
7795 5169
7795 5170
7795 5171
7795 5172
7795 5173
7795 5174
7795 5175
7796 4841
7796 4842
7796 4843
7796 4844
7796 4845
7796 4846
7796 4847
7796 4848
7796 4849
7796 4850
7796 4851
7796 4852
7796 4853
7796 4854
7796 4855
7796 4856
7796 4857
7796 4858
7796 4859
7796 4860
7796 5140
7796 5141
7796 5142
7796 5143
7796 5144
7796 5145
7796 5146
7796 5147
7796 5148
7796 5149
7796 5150
7796 5151
7796 5152
7796 5153
7796 5154
7796 5155
7796 5156
7796 5157
7796 5158
7796 5159
7797 4860
7797 4861
7797 4862
7797 4863
7797 4864
7797 4865
7797 4866
7797 4867
7797 4868
7797 4869
7797 4870
7797 4871
7797 4872
7797 4873
7797 4874
7797 4875
7797 4876
7797 4877
7797 4878
7797 4879
7797 4880
7797 4881
7797 4882
7797 5118
7797 5119
7797 5120
7797 5121
7797 5122
7797 5123
7797 5124
7797 5125
7797 5126
7797 5127
7797 5128
7797 5129
7797 5130
7797 5131
7797 5132
7797 5133
7797 5134
7797 5135
7797 5136
7797 5137
7797 5138
7797 5139
7797 5140
7798 4882
7798 4883
7798 4884
7798 4885
7798 4886
7798 4887
7798 4888
7798 4889
7798 4890
7798 4891
7798 4892
7798 4893
7798 4894
7798 4895
7798 4896
7798 4897
7798 4898
7798 4899
7798 4900
7798 4901
7798 4902
7798 4903
7798 4904
7798 4905
7798 4906
7798 4907
7798 4908
7798 5092
7798 5093
7798 5094
7798 5095
7798 5096
7798 5097
7798 5098
7798 5099
7798 5100
7798 5101
7798 5102
7798 5103
7798 5104
7798 5105
7798 5106
7798 5107
7798 5108
7798 5109
7798 5110
7798 5111
7798 5112
7798 5113
7798 5114
7798 5115
7798 5116
7798 5117
7798 5118
7799 4908
7799 4909
7799 4910
7799 4911
7799 4912
7799 4913
7799 4914
7799 4915
7799 4916
7799 4917
7799 4918
7799 4919
7799 4920
7799 4921
7799 4922
7799 4923
7799 4924
7799 4925
7799 4926
7799 4927
7799 4928
7799 4929
7799 4930
7799 4931
7799 4932
7799 4933
7799 4934
7799 4935
7799 4936
7799 4937
7799 4938
7799 4939
7799 4940
7799 4941
7799 4942
7799 4943
7799 4944
7799 4945
7799 4946
7799 4947
7799 5053
7799 5054
7799 5055
7799 5056
7799 5057
7799 5058
7799 5059
7799 5060
7799 5061
7799 5062
7799 5063
7799 5064
7799 5065
7799 5066
7799 5067
7799 5068
7799 5069
7799 5070
7799 5071
7799 5072
7799 5073
7799 5074
7799 5075
7799 5076
7799 5077
7799 5078
7799 5079
7799 5080
7799 5081
7799 5082
7799 5083
7799 5084
7799 5085
7799 5086
7799 5087
7799 5088
7799 5089
7799 5090
7799 5091
7799 5092
7800 4947
7800 4948
7800 4949
7800 4950
7800 4951
7800 4952
7800 4953
7800 4954
7800 4955
7800 4956
7800 4957
7800 4958
7800 4959
7800 4960
7800 4961
7800 4962
7800 4963
7800 4964
7800 4965
7800 4966
7800 4967
7800 4968
7800 4969
7800 4970
7800 4971
7800 4972
7800 4973
7800 4974
7800 4975
7800 4976
7800 4977
7800 4978
7800 4979
7800 4980
7800 4981
7800 4982
7800 4983
7800 4984
7800 4985
7800 4986
7800 4987
7800 4988
7800 4989
7800 4990
7800 4991
7800 4992
7800 4993
7800 4994
7800 4995
7800 4996
7800 4997
7800 4998
7800 4999
7800 5000
7800 5001
7800 5002
7800 5003
7800 5004
7800 5005
7800 5006
7800 5007
7800 5008
7800 5009
7800 5010
7800 5011
7800 5012
7800 5013
7800 5014
7800 5015
7800 5016
7800 5017
7800 5018
7800 5019
7800 5020
7800 5021
7800 5022
7800 5023
7800 5024
7800 5025
7800 5026
7800 5027
7800 5028
7800 5029
7800 5030
7800 5031
7800 5032
7800 5033
7800 5034
7800 5035
7800 5036
7800 5037
7800 5038
7800 5039
7800 5040
7800 5041
7800 5042
7800 5043
7800 5044
7800 5045
7800 5046
7800 5047
7800 5048
7800 5049
7800 5050
7800 5051
7800 5052
7800 5053
