0.322154856307 0.318082791808 0.314035779570 0.310014735612 0.306020615558 0.302054416444 0.298117178597 0.294209987581 0.290333976217 0.286490326674 0.282680272628 0.278905101485 0.275166156671 0.271464839982 0.267802613981 0.264181004450 0.260601602878 0.257066068972 0.253576133194 0.250133599292 0.246740346822 0.243398333627 0.240109598273 0.236876262387 0.233700532899 0.230584704123 0.227531159677 0.224542374166 0.221620914609 0.218769441560 0.215990709860 0.213287568987 0.210662962943 0.208119929631 0.205661599685 0.203291194718 0.201012024979 0.198827486436 0.196741057352 0.194756294494 0.192876829223 0.191106363893 0.189448669269 0.187907584132 0.186487019018 0.185190967484 0.184023530893 0.182988968202 0.182091794233 0.181336980062 0.180730397729 0.180279983045 0.180000000000 0.180279983045 0.180730397729 0.181336980062 0.182091794233 0.182988968202 0.184023530893 0.185190967484 0.186487019018 0.187907584132 0.189448669269 0.191106363893 0.192876829223 0.194756294494 0.196741057352 0.198827486436 0.201012024979 0.203291194718 0.205661599685 0.208119929631 0.210662962943 0.213287568987 0.215990709860 0.218769441560 0.221620914609 0.224542374166 0.227531159677 0.230584704123 0.233700532899 0.236876262387 0.240109598273 0.243398333627 0.246740346822 0.250133599292 0.253576133194 0.257066068972 0.260601602878 0.264181004450 0.267802613981 0.271464839982 0.275166156671 0.278905101485 0.282680272628 0.286490326674 0.290333976217 0.294209987581 0.298117178597 0.302054416444 0.302054416444 0.209031814869 0.206357967987 0.203766010262 0.201259193491 0.198840870538 0.196514493283 0.194283609933 0.192151861737 0.190122979235 0.188200778270 0.186389156187 0.184692088922 0.183113630152 0.181657914503 0.180329168249 0.179131733673 0.178070118858 0.177149097037 0.176373910661 0.175750726393 0.175287828251 0.175000000000 0.175287828251 0.175750726393 0.176373910661 0.177149097037 0.178070118858 0.179131733673 0.180329168249 0.181657914503 0.183113630152 0.184692088922 0.186389156187 0.188200778270 0.190122979235 0.192151861737 0.194283609933 0.196514493283 0.198840870538 0.201259193491 0.203766010262 0.206357967987 0.209031814869 0.211784401571 0.214612681988 0.217513713439 0.220484656327 0.223522773323 0.226625428140 0.229790083942 0.233014301459 0.236295736837 0.239632139292 0.243021348595 0.246461292433 0.249949983674 0.253485517580 0.257066068972 0.260689889387 0.264355304246 0.268060710032 0.271804571515 0.275585419018 0.279401845743 0.283252505159 0.287136108460 0.291051422099 0.294997265399 0.298972508247 0.302976068860 0.307006911649 0.311064045146 0.315146520031 0.319253427226 0.323383896071 0.327537092586 0.331712217793 0.335908506127 0.340125223905 0.344361667874 0.348617163820 0.352891065240 0.357182752079 0.361491629524 0.365817126857 0.370158696356 0.374515812257 0.378887969757 0.383274684072 0.387675489533 0.392089938729 0.396517601693 0.400958065122 0.405410931641 0.409875819094 0.414352359875 0.418840200293 0.423338999959 0.427848431210 
0.319253427226 0.315146520031 0.311064045146 0.307006911649 0.302976068860 0.298972508247 0.294997265399 0.291051422099 0.287136108460 0.283252505159 0.279401845743 0.275585419018 0.271804571515 0.268060710032 0.264355304246 0.260689889387 0.257066068972 0.253485517580 0.249949983674 0.246461292433 0.243021348595 0.239632139292 0.236295736837 0.233014301459 0.229790083942 0.226625428140 0.223522773323 0.220484656327 0.217513713439 0.214612681988 0.211784401571 0.209031814869 0.206357967987 0.203766010262 0.201259193491 0.198840870538 0.196514493283 0.194283609933 0.192151861737 0.190122979235 0.188200778270 0.186389156187 0.184692088922 0.183113630152 0.181657914503 0.180329168249 0.179131733673 0.178070118858 0.177149097037 0.176373910661 0.175750726393 0.175287828251 0.175000000000 0.175287828251 0.175750726393 0.176373910661 0.177149097037 0.178070118858 0.179131733673 0.180329168249 0.181657914503 0.183113630152 0.184692088922 0.186389156187 0.188200778270 0.190122979235 0.192151861737 0.194283609933 0.196514493283 0.198840870538 0.201259193491 0.203766010262 0.206357967987 0.209031814869 0.211784401571 0.214612681988 0.217513713439 0.220484656327 0.223522773323 0.226625428140 0.229790083942 0.233014301459 0.236295736837 0.239632139292 0.243021348595 0.246461292433 0.249949983674 0.253485517580 0.257066068972 0.260689889387 0.264355304246 0.268060710032 0.271804571515 0.275585419018 0.279401845743 0.283252505159 0.287136108460 0.291051422099 0.294997265399 0.298972508247 0.298972508247 0.204806824591 0.202082251071 0.199439826068 0.196882926349 0.194415040801 0.192039768769 0.189760817695 0.187582000055 0.185507229734 0.183540518038 0.181685969746 0.179947779920 0.178330232620 0.176837703575 0.175474670289 0.174245735926 0.173155679032 0.172209553932 0.171412898530 0.170772199974 0.170296119635 0.170000000000 0.170296119635 0.170772199974 0.171412898530 0.172209553932 0.173155679032 0.174245735926 0.175474670289 0.176837703575 0.178330232620 0.179947779920 0.181685969746 0.183540518038 0.185507229734 0.187582000055 0.189760817695 0.192039768769 0.194415040801 0.196882926349 0.199439826068 0.202082251071 0.204806824591 0.207610282927 0.210489475725 0.213441365650 0.216463027508 0.219551646894 0.222704518412 0.225919043558 0.229192728300 0.232523180428 0.235908106712 0.239345309926 0.242832685759 0.246368219665 0.249949983674 0.253576133194 0.257244903815 0.260954608153 0.264703632737 0.268490434946 0.272313540023 0.276171538165 0.280063081691 0.283986882301 0.287941708429 0.291926382685 0.295939779392 0.299980822224 0.304048481927 0.308141774148 0.312259757344 0.316401530787 0.320566232657 0.324753038220 0.328961158088 0.333189836559 0.337438350038 0.341706005529 0.345992139200 0.350296115018 0.354617323444 0.358955180202 0.363309125097 0.367678620896 0.372063152267 0.376462224760 0.380875363852 0.385302114026 0.389742037901 0.394194715411 0.398659743011 0.403136732933 0.407625312476 0.412125123329 0.416635820928 0.421157073845 0.425688563207 
0.316401530787 0.312259757344 0.308141774148 0.304048481927 0.299980822224 0.295939779392 0.291926382685 0.287941708429 0.283986882301 0.280063081691 0.276171538165 0.272313540023 0.268490434946 0.264703632737 0.260954608153 0.257244903815 0.253576133194 0.249949983674 0.246368219665 0.242832685759 0.239345309926 0.235908106712 0.232523180428 0.229192728300 0.225919043558 0.222704518412 0.219551646894 0.216463027508 0.213441365650 0.210489475725 0.207610282927 0.204806824591 0.202082251071 0.199439826068 0.196882926349 0.194415040801 0.192039768769 0.189760817695 0.187582000055 0.185507229734 0.183540518038 0.181685969746 0.179947779920 0.178330232620 0.176837703575 0.175474670289 0.174245735926 0.173155679032 0.172209553932 0.171412898530 0.170772199974 0.170296119635 0.170000000000 0.170296119635 0.170772199974 0.171412898530 0.172209553932 0.173155679032 0.174245735926 0.175474670289 0.176837703575 0.178330232620 0.179947779920 0.181685969746 0.183540518038 0.185507229734 0.187582000055 0.189760817695 0.192039768769 0.194415040801 0.196882926349 0.199439826068 0.202082251071 0.204806824591 0.207610282927 0.210489475725 0.213441365650 0.216463027508 0.219551646894 0.222704518412 0.225919043558 0.229192728300 0.232523180428 0.235908106712 0.239345309926 0.242832685759 0.246368219665 0.249949983674 0.253576133194 0.257244903815 0.260954608153 0.264703632737 0.268490434946 0.272313540023 0.276171538165 0.280063081691 0.283986882301 0.287941708429 0.291926382685 0.295939779392 0.295939779392 0.200614367182 0.197837537876 0.195143052414 0.192534416154 0.190015258673 0.187589332611 0.185260511739 0.183032788242 0.180910269314 0.178897173270 0.176997825537 0.175216655240 0.173558193533 0.172027075730 0.170628050815 0.169366004790 0.168246010276 0.167273427904 0.166454117897 0.165794916828 0.165304896022 0.165000000000 0.165304896022 0.165794916828 0.166454117897 0.167273427904 0.168246010276 0.169366004790 0.170628050815 0.172027075730 0.173558193533 0.175216655240 0.176997825537 0.178897173270 0.180910269314 0.183032788242 0.185260511739 0.187589332611 0.190015258673 0.192534416154 0.195143052414 0.197837537876 0.200614367182 0.203470159577 0.206401658602 0.209405731142 0.212479365925 0.215619671526 0.218823873983 0.222089314053 0.225413444213 0.228793825440 0.232228123825 0.235714107086 0.239249640992 0.242832685759 0.246461292433 0.250133599292 0.253847828288 0.257602281541 0.261395337909 0.265225449642 0.269091139122 0.272990995705 0.276923672671 0.280887884273 0.284882402904 0.288906056365 0.292957725257 0.297036340464 0.301140880762 0.305270370521 0.309423877516 0.313600510839 0.317799418906 0.322019787559 0.326260838258 0.330521826365 0.334802039506 0.339100796016 0.343417443461 0.347751357237 0.352101939232 0.356468616560 0.360850840358 0.365248084647 0.369659845241 0.374085638722 0.378525001464 0.382977488700 0.387442673646 0.391920146662 0.396409514459 0.400910399347 0.405422438516 0.409945283361 0.414478598832 0.419022062823 0.423575365592 
0.313600510839 0.309423877516 0.305270370521 0.301140880762 0.297036340464 0.292957725257 0.288906056365 0.284882402904 0.280887884273 0.276923672671 0.272990995705 0.269091139122 0.265225449642 0.261395337909 0.257602281541 0.253847828288 0.250133599292 0.246461292433 0.242832685759 0.239249640992 0.235714107086 0.232228123825 0.228793825440 0.225413444213 0.222089314053 0.218823873983 0.215619671526 0.212479365925 0.209405731142 0.206401658602 0.203470159577 0.200614367182 0.197837537876 0.195143052414 0.192534416154 0.190015258673 0.187589332611 0.185260511739 0.183032788242 0.180910269314 0.178897173270 0.176997825537 0.175216655240 0.173558193533 0.172027075730 0.170628050815 0.169366004790 0.168246010276 0.167273427904 0.166454117897 0.165794916828 0.165304896022 0.165000000000 0.165304896022 0.165794916828 0.166454117897 0.167273427904 0.168246010276 0.169366004790 0.170628050815 0.172027075730 0.173558193533 0.175216655240 0.176997825537 0.178897173270 0.180910269314 0.183032788242 0.185260511739 0.187589332611 0.190015258673 0.192534416154 0.195143052414 0.197837537876 0.200614367182 0.203470159577 0.206401658602 0.209405731142 0.212479365925 0.215619671526 0.218823873983 0.222089314053 0.225413444213 0.228793825440 0.232228123825 0.235714107086 0.239249640992 0.242832685759 0.246461292433 0.250133599292 0.253847828288 0.257602281541 0.261395337909 0.265225449642 0.269091139122 0.272990995705 0.276923672671 0.280887884273 0.284882402904 0.288906056365 0.292957725257 0.292957725257 0.196456336517 0.193625679843 0.190877490685 0.188215406362 0.185643201635 0.183164788188 0.180784213266 0.178505657428 0.176333431507 0.174271972929 0.172325841764 0.170499717170 0.168798395399 0.167226791438 0.165789947898 0.164493057808 0.163341514020 0.162341011548 0.161497762992 0.160818986804 0.160314200838 0.160000000000 0.160314200838 0.160818986804 0.161497762992 0.162341011548 0.163341514020 0.164493057808 0.165789947898 0.167226791438 0.168798395399 0.170499717170 0.172325841764 0.174271972929 0.176333431507 0.178505657428 0.180784213266 0.183164788188 0.185643201635 0.188215406362 0.190877490685 0.193625679843 0.196456336517 0.199365960533 0.202351187831 0.205408788790 0.208535665983 0.211728851468 0.214985503675 0.218302903992 0.221678453092 0.225109667087 0.228594173550 0.232129707456 0.235714107086 0.239345309926 0.243021348595 0.246740346822 0.250500515490 0.254300148779 0.258137620398 0.262011379931 0.265919949306 0.269861919383 0.273835946666 0.277840750149 0.281875108287 0.285937856099 0.290027882395 0.294144127126 0.298285578861 0.302451272379 0.306640286375 0.310851741282 0.315084797194 0.319338651897 0.323612538999 0.327905726147 0.332217513346 0.336547231356 0.340894240174 0.345257927595 0.349637707849 0.354033020305 0.358443328244 0.362868117700 0.367306896354 0.371759192493 0.376224554020 0.380702547512 0.385192757337 0.389694784805 0.394208247373 0.398732777886 0.403268023855 0.407813646781 0.412369321505 0.416934735595 0.421509588766 
0.310851741282 0.306640286375 0.302451272379 0.298285578861 0.294144127126 0.290027882395 0.285937856099 0.281875108287 0.277840750149 0.273835946666 0.269861919383 0.265919949306 0.262011379931 0.258137620398 0.254300148779 0.250500515490 0.246740346822 0.243021348595 0.239345309926 0.235714107086 0.232129707456 0.228594173550 0.225109667087 0.221678453092 0.218302903992 0.214985503675 0.211728851468 0.208535665983 0.205408788790 0.202351187831 0.199365960533 0.196456336517 0.193625679843 0.190877490685 0.188215406362 0.185643201635 0.183164788188 0.180784213266 0.178505657428 0.176333431507 0.174271972929 0.172325841764 0.170499717170 0.168798395399 0.167226791438 0.165789947898 0.164493057808 0.163341514020 0.162341011548 0.161497762992 0.160818986804 0.160314200838 0.160000000000 0.160314200838 0.160818986804 0.161497762992 0.162341011548 0.163341514020 0.164493057808 0.165789947898 0.167226791438 0.168798395399 0.170499717170 0.172325841764 0.174271972929 0.176333431507 0.178505657428 0.180784213266 0.183164788188 0.185643201635 0.188215406362 0.190877490685 0.193625679843 0.196456336517 0.199365960533 0.202351187831 0.205408788790 0.208535665983 0.211728851468 0.214985503675 0.218302903992 0.221678453092 0.225109667087 0.228594173550 0.232129707456 0.235714107086 0.239345309926 0.243021348595 0.246740346822 0.250500515490 0.254300148779 0.258137620398 0.262011379931 0.265919949306 0.269861919383 0.273835946666 0.277840750149 0.281875108287 0.285937856099 0.290027882395 0.290027882395 0.192334761237 0.189448664599 0.186645079190 0.183927777316 0.181300683150 0.178767873015 0.176333574740 0.174002166055 0.171778172071 0.169666261964 0.167671245223 0.165798068073 0.164051811260 0.162437691246 0.160961068516 0.159627469775 0.158442637127 0.157412631299 0.156544050961 0.155844532951 0.155324082820 0.155000000000 0.155324082820 0.155844532951 0.156544050961 0.157412631299 0.158442637127 0.159627469775 0.160961068516 0.162437691246 0.164051811260 0.165798068073 0.167671245223 0.169666261964 0.171778172071 0.174002166055 0.176333574740 0.178767873015 0.181300683150 0.183927777316 0.186645079190 0.189448664599 0.192334761237 0.195299747542 0.198340150811 0.201452644660 0.204634045933 0.207881311155 0.211191532616 0.214561934179 0.217989866876 0.221472804357 0.225008338263 0.228594173550 0.232228123825 0.235908106712 0.239632139292 0.243398333627 0.247204892395 0.251050104646 0.254932341692 0.258850053140 0.262801763065 0.266786066345 0.270801625135 0.274847165497 0.278921474184 0.283023395564 0.287151828693 0.291305724527 0.295484083274 0.299685951870 0.303910421590 0.308156625780 0.312423737697 0.316710968477 0.321017565195 0.325342809038 0.329686013564 0.334046523065 0.338423711012 0.342816978581 0.347225753263 0.351649487545 0.356087657664 0.360539762428 0.365005322097 0.369483877331 0.373974988186 0.378478233172 0.382993208354 0.387519526504 0.392056816304 0.396604721579 0.401162900580 0.405731025304 0.410308780846 0.414895864785 0.419491986608 
0.308156625780 0.303910421590 0.299685951870 0.295484083274 0.291305724527 0.287151828693 0.283023395564 0.278921474184 0.274847165497 0.270801625135 0.266786066345 0.262801763065 0.258850053140 0.254932341692 0.251050104646 0.247204892395 0.243398333627 0.239632139292 0.235908106712 0.232228123825 0.228594173550 0.225008338263 0.221472804357 0.217989866876 0.214561934179 0.211191532616 0.207881311155 0.204634045933 0.201452644660 0.198340150811 0.195299747542 0.192334761237 0.189448664599 0.186645079190 0.183927777316 0.181300683150 0.178767873015 0.176333574740 0.174002166055 0.171778172071 0.169666261964 0.167671245223 0.165798068073 0.164051811260 0.162437691246 0.160961068516 0.159627469775 0.158442637127 0.157412631299 0.156544050961 0.155844532951 0.155324082820 0.155000000000 0.155324082820 0.155844532951 0.156544050961 0.157412631299 0.158442637127 0.159627469775 0.160961068516 0.162437691246 0.164051811260 0.165798068073 0.167671245223 0.169666261964 0.171778172071 0.174002166055 0.176333574740 0.178767873015 0.181300683150 0.183927777316 0.186645079190 0.189448664599 0.192334761237 0.195299747542 0.198340150811 0.201452644660 0.204634045933 0.207881311155 0.211191532616 0.214561934179 0.217989866876 0.221472804357 0.225008338263 0.228594173550 0.232228123825 0.235908106712 0.239632139292 0.243398333627 0.247204892395 0.251050104646 0.254932341692 0.258850053140 0.262801763065 0.266786066345 0.270801625135 0.274847165497 0.278921474184 0.283023395564 0.287151828693 0.287151828693 0.188251815462 0.185308627297 0.182447905078 0.179673558675 0.176989665541 0.174400471968 0.171910393357 0.169524013450 0.167246082520 0.165081514621 0.163035384206 0.161112922702 0.159319516195 0.157660706286 0.156142197860 0.154769880702 0.153549878397 0.152488652400 0.151593225317 0.150871693555 0.150334596842 0.150000000000 0.150334596842 0.150871693555 0.151593225317 0.152488652400 0.153549878397 0.154769880702 0.156142197860 0.157660706286 0.159319516195 0.161112922702 0.163035384206 0.165081514621 0.167246082520 0.169524013450 0.171910393357 0.174400471968 0.176989665541 0.179673558675 0.182447905078 0.185308627297 0.188251815462 0.191273725161 0.194370774542 0.197539540772 0.200776755960 0.204079302662 0.207444209054 0.210868643871 0.214349911185 0.217885445091 0.221472804357 0.225109667087 0.228793825440 0.232523180428 0.236295736837 0.240109598273 0.243962962361 0.247854116107 0.251781431424 0.255743360845 0.259738433396 0.263765250665 0.267822483042 0.271908866129 0.276023197330 0.280164332606 0.284331183394 0.288522713676 0.292737937214 0.296975914914 0.301235752344 0.305516597373 0.309817637951 0.314138099992 0.318477245392 0.322834370140 0.327208802542 0.331599901540 0.336007055125 0.340429678838 0.344867214350 0.349319128130 0.353784910176 0.358264072823 0.362756149618 0.367260694249 0.371777279542 0.376305496511 0.380844953455 0.385395275107 0.389956101837 0.394527088885 0.399107905643 0.403698234980 0.408297772590 0.412906226391 0.417523315942 
0.305516597373 0.301235752344 0.296975914914 0.292737937214 0.288522713676 0.284331183394 0.280164332606 0.276023197330 0.271908866129 0.267822483042 0.263765250665 0.259738433396 0.255743360845 0.251781431424 0.247854116107 0.243962962361 0.240109598273 0.236295736837 0.232523180428 0.228793825440 0.225109667087 0.221472804357 0.217885445091 0.214349911185 0.210868643871 0.207444209054 0.204079302662 0.200776755960 0.197539540772 0.194370774542 0.191273725161 0.188251815462 0.185308627297 0.182447905078 0.179673558675 0.176989665541 0.174400471968 0.171910393357 0.169524013450 0.167246082520 0.165081514621 0.163035384206 0.161112922702 0.159319516195 0.157660706286 0.156142197860 0.154769880702 0.153549878397 0.152488652400 0.151593225317 0.150871693555 0.150334596842 0.150000000000 0.150334596842 0.150871693555 0.151593225317 0.152488652400 0.153549878397 0.154769880702 0.156142197860 0.157660706286 0.159319516195 0.161112922702 0.163035384206 0.165081514621 0.167246082520 0.169524013450 0.171910393357 0.174400471968 0.176989665541 0.179673558675 0.182447905078 0.185308627297 0.188251815462 0.191273725161 0.194370774542 0.197539540772 0.200776755960 0.204079302662 0.207444209054 0.210868643871 0.214349911185 0.217885445091 0.221472804357 0.225109667087 0.228793825440 0.232523180428 0.236295736837 0.240109598273 0.243962962361 0.247854116107 0.251781431424 0.255743360845 0.259738433396 0.263765250665 0.267822483042 0.271908866129 0.276023197330 0.280164332606 0.284331183394 0.284331183394 0.184209830378 0.181207862931 0.178288217346 0.175454943067 0.172712274205 0.170064631968 0.167516626074 0.165073055050 0.162738905375 0.160519349529 0.158419743214 0.156445622294 0.154602700565 0.152896870419 0.151334210171 0.149921005124 0.148663796185 0.147569484753 0.146645560018 0.145900624543 0.145345804909 0.145000000000 0.145345804909 0.145900624543 0.146645560018 0.147569484753 0.148663796185 0.149921005124 0.151334210171 0.152896870419 0.154602700565 0.156445622294 0.158419743214 0.160519349529 0.162738905375 0.165073055050 0.167516626074 0.170064631968 0.172712274205 0.175454943067 0.178288217346 0.181207862931 0.184209830378 0.187290251580 0.190445435686 0.193671864391 0.196966186734 0.200325213521 0.203745911477 0.207225397217 0.210760931123 0.214349911185 0.217989866876 0.221678453092 0.225413444213 0.229192728300 0.233014301459 0.236876262387 0.240776807122 0.244714223986 0.248686888745 0.252693259983 0.256731874680 0.260801344008 0.264900349329 0.269027638392 0.273182021734 0.277362369255 0.281567606994 0.285796714063 0.290048719757 0.294322700823 0.298617778877 0.302933117970 0.307267922290 0.311621433994 0.315992931161 0.320381725866 0.324787162362 0.329208615361 0.333645488426 0.338097212440 0.342563244174 0.347043064929 0.351536179263 0.356042113783 0.360560416011 0.365090653311 0.369632411881 0.374185295794 0.378748926103 0.383322939985 0.387906989947 0.392500743057 0.397103880238 0.401716095584 0.406337095725 0.410966599220 0.415604335985 
0.302933117970 0.298617778877 0.294322700823 0.290048719757 0.285796714063 0.281567606994 0.277362369255 0.273182021734 0.269027638392 0.264900349329 0.260801344008 0.256731874680 0.252693259983 0.248686888745 0.244714223986 0.240776807122 0.236876262387 0.233014301459 0.229192728300 0.225413444213 0.221678453092 0.217989866876 0.214349911185 0.210760931123 0.207225397217 0.203745911477 0.200325213521 0.196966186734 0.193671864391 0.190445435686 0.187290251580 0.184209830378 0.181207862931 0.178288217346 0.175454943067 0.172712274205 0.170064631968 0.167516626074 0.165073055050 0.162738905375 0.160519349529 0.158419743214 0.156445622294 0.154602700565 0.152896870419 0.151334210171 0.149921005124 0.148663796185 0.147569484753 0.146645560018 0.145900624543 0.145345804909 0.145000000000 0.145345804909 0.145900624543 0.146645560018 0.147569484753 0.148663796185 0.149921005124 0.151334210171 0.152896870419 0.154602700565 0.156445622294 0.158419743214 0.160519349529 0.162738905375 0.165073055050 0.167516626074 0.170064631968 0.172712274205 0.175454943067 0.178288217346 0.181207862931 0.184209830378 0.187290251580 0.190445435686 0.193671864391 0.196966186734 0.200325213521 0.203745911477 0.207225397217 0.210760931123 0.214349911185 0.217989866876 0.221678453092 0.225413444213 0.229192728300 0.233014301459 0.236876262387 0.240776807122 0.244714223986 0.248686888745 0.252693259983 0.256731874680 0.260801344008 0.264900349329 0.269027638392 0.273182021734 0.277362369255 0.281567606994 0.281567606994 0.180211306719 0.177148839691 0.174168441033 0.171274301069 0.168470813303 0.165762578276 0.163154406380 0.160651319498 0.158258551388 0.155981546831 0.153825959742 0.151797650747 0.149902685297 0.148147334342 0.146538081368 0.145081643009 0.143785017394 0.142655589854 0.141701364316 0.140931502370 0.140357777346 0.140000000000 0.140357777346 0.140931502370 0.141701364316 0.142655589854 0.143785017394 0.145081643009 0.146538081368 0.148147334342 0.149902685297 0.151797650747 0.153825959742 0.155981546831 0.158258551388 0.160651319498 0.163154406380 0.165762578276 0.168470813303 0.171274301069 0.174168441033 0.177148839691 0.180211306719 0.183351850227 0.186566671288 0.189852157882 0.193204878410 0.196621574898 0.200099156002 0.203634689908 0.207225397217 0.210868643871 0.214561934179 0.218302903992 0.222089314053 0.225919043558 0.229790083942 0.233700532899 0.237648588657 0.241632544502 0.245650783557 0.249701773812 0.253784063402 0.257896276128 0.262037107219 0.266205319313 0.270399738669 0.274619251577 0.278862800983 0.283129383300 0.287418045400 0.291727881783 0.296058031914 0.300407677708 0.304776041172 0.309162382176 0.313565996362 0.317986213179 0.322422394025 0.326873930506 0.331340242798 0.335820778101 0.340315009187 0.344822433037 0.349342569548 0.353874960327 0.358419167549 0.362974772880 0.367541376469 0.372118595992 0.376706065753 0.381303435839 0.385910371317 0.390526551486 0.395151669159 0.399785429999 0.404427551879 0.409077764289 0.413735807767 
0.300407677708 0.296058031914 0.291727881783 0.287418045400 0.283129383300 0.278862800983 0.274619251577 0.270399738669 0.266205319313 0.262037107219 0.257896276128 0.253784063402 0.249701773812 0.245650783557 0.241632544502 0.237648588657 0.233700532899 0.229790083942 0.225919043558 0.222089314053 0.218302903992 0.214561934179 0.210868643871 0.207225397217 0.203634689908 0.200099156002 0.196621574898 0.193204878410 0.189852157882 0.186566671288 0.183351850227 0.180211306719 0.177148839691 0.174168441033 0.171274301069 0.168470813303 0.165762578276 0.163154406380 0.160651319498 0.158258551388 0.155981546831 0.153825959742 0.151797650747 0.149902685297 0.148147334342 0.146538081368 0.145081643009 0.143785017394 0.142655589854 0.141701364316 0.140931502370 0.140357777346 0.140000000000 0.140357777346 0.140931502370 0.141701364316 0.142655589854 0.143785017394 0.145081643009 0.146538081368 0.148147334342 0.149902685297 0.151797650747 0.153825959742 0.155981546831 0.158258551388 0.160651319498 0.163154406380 0.165762578276 0.168470813303 0.171274301069 0.174168441033 0.177148839691 0.180211306719 0.183351850227 0.186566671288 0.189852157882 0.193204878410 0.196621574898 0.200099156002 0.203634689908 0.207225397217 0.210868643871 0.214561934179 0.218302903992 0.222089314053 0.225919043558 0.229790083942 0.233700532899 0.237648588657 0.241632544502 0.245650783557 0.249701773812 0.253784063402 0.257896276128 0.262037107219 0.266205319313 0.270399738669 0.274619251577 0.278862800983 0.278862800983 0.176258928232 0.173134213452 0.170091192713 0.167134197647 0.164267783082 0.161496732597 0.158826063041 0.156261027848 0.153807119006 0.151470067662 0.149255843483 0.147170653238 0.145220939573 0.143413381991 0.141754903835 0.140252692603 0.138914248109 0.137747489038 0.136760988562 0.135964527476 0.135370594236 0.135000000000 0.135370594236 0.135964527476 0.136760988562 0.137747489038 0.138914248109 0.140252692603 0.141754903835 0.143413381991 0.145220939573 0.147170653238 0.149255843483 0.151470067662 0.153807119006 0.156261027848 0.158826063041 0.161496732597 0.164267783082 0.167134197647 0.170091192713 0.173134213452 0.176258928232 0.179461222197 0.182737190182 0.186083129116 0.189495530077 0.192971070124 0.196506604030 0.200099156002 0.203745911477 0.207444209054 0.211191532616 0.214985503675 0.218823873983 0.222704518412 0.226625428140 0.230584704123 0.234580550891 0.238611270628 0.242675257571 0.246770992695 0.250897038686 0.255052035193 0.259234694352 0.263443796557 0.267678186488 0.271936769364 0.276218507423 0.280522416608 0.284847563461 0.289193062194 0.293558071945 0.297941794203 0.302343470382 0.306762379551 0.311197836297 0.315649188727 0.320115816581 0.324597129470 0.329092565216 0.333601588293 0.338123688366 0.342658378915 0.347205195944 0.351763696766 0.356333458862 0.360914078806 0.365505171258 0.370106368013 0.374717317104 0.379337681964 0.383967140632 0.388605385004 0.393252120132 0.397907063560 0.402569944696 0.407240504226 0.411918493552 
0.297941794203 0.293558071945 0.289193062194 0.284847563461 0.280522416608 0.276218507423 0.271936769364 0.267678186488 0.263443796557 0.259234694352 0.255052035193 0.250897038686 0.246770992695 0.242675257571 0.238611270628 0.234580550891 0.230584704123 0.226625428140 0.222704518412 0.218823873983 0.214985503675 0.211191532616 0.207444209054 0.203745911477 0.200099156002 0.196506604030 0.192971070124 0.189495530077 0.186083129116 0.182737190182 0.179461222197 0.176258928232 0.173134213452 0.170091192713 0.167134197647 0.164267783082 0.161496732597 0.158826063041 0.156261027848 0.153807119006 0.151470067662 0.149255843483 0.147170653238 0.145220939573 0.143413381991 0.141754903835 0.140252692603 0.138914248109 0.137747489038 0.136760988562 0.135964527476 0.135370594236 0.135000000000 0.135370594236 0.135964527476 0.136760988562 0.137747489038 0.138914248109 0.140252692603 0.141754903835 0.143413381991 0.145220939573 0.147170653238 0.149255843483 0.151470067662 0.153807119006 0.156261027848 0.158826063041 0.161496732597 0.164267783082 0.167134197647 0.170091192713 0.173134213452 0.176258928232 0.179461222197 0.182737190182 0.186083129116 0.189495530077 0.192971070124 0.196506604030 0.200099156002 0.203745911477 0.207444209054 0.211191532616 0.214985503675 0.218823873983 0.222704518412 0.226625428140 0.230584704123 0.234580550891 0.238611270628 0.242675257571 0.246770992695 0.250897038686 0.255052035193 0.259234694352 0.263443796557 0.267678186488 0.271936769364 0.276218507423 0.276218507423 0.172355576141 0.169166843444 0.166059297354 0.163037410181 0.160105898989 0.157269733173 0.154534141041 0.151904615173 0.149386916408 0.146987076329 0.144711398342 0.142566457692 0.140559101353 0.138696449704 0.136985903792 0.135435165610 0.134052286234 0.132845773337 0.131824831177 0.130999928468 0.130384347160 0.130000000000 0.130384347160 0.130999928468 0.131824831177 0.132845773337 0.134052286234 0.135435165610 0.136985903792 0.138696449704 0.140559101353 0.142566457692 0.144711398342 0.146987076329 0.149386916408 0.151904615173 0.154534141041 0.157269733173 0.160105898989 0.163037410181 0.166059297354 0.169166843444 0.172355576141 0.175621259520 0.178959885089 0.182367662436 0.185841009632 0.189376543538 0.192971070124 0.196621574898 0.200325213521 0.204079302662 0.207881311155 0.211728851468 0.215619671526 0.219551646894 0.223522773323 0.227531159677 0.231575021219 0.235652673257 0.239762525156 0.243903074671 0.248072902626 0.252270667899 0.256495102710 0.260745008194 0.265019250251 0.269316755645 0.273636508353 0.277977546136 0.282338957334 0.286719877857 0.291119488367 0.295537011643 0.299971710104 0.304422883502 0.308889866745 0.313372027875 0.317868766156 0.322379510299 0.326903716785 0.331440868299 0.335990472266 0.340552059466 0.345125182746 0.349709415808 0.354304352065 0.358909603581 0.363524800057 0.368149587896 0.372783629311 0.377426601495 0.382078195835 0.386738117175 0.391406083121 0.396081823388 0.400765079186 0.405455602637 0.410153156229 
0.295537011643 0.291119488367 0.286719877857 0.282338957334 0.277977546136 0.273636508353 0.269316755645 0.265019250251 0.260745008194 0.256495102710 0.252270667899 0.248072902626 0.243903074671 0.239762525156 0.235652673257 0.231575021219 0.227531159677 0.223522773323 0.219551646894 0.215619671526 0.211728851468 0.207881311155 0.204079302662 0.200325213521 0.196621574898 0.192971070124 0.189376543538 0.185841009632 0.182367662436 0.178959885089 0.175621259520 0.172355576141 0.169166843444 0.166059297354 0.163037410181 0.160105898989 0.157269733173 0.154534141041 0.151904615173 0.149386916408 0.146987076329 0.144711398342 0.142566457692 0.140559101353 0.138696449704 0.136985903792 0.135435165610 0.134052286234 0.132845773337 0.131824831177 0.130999928468 0.130384347160 0.130000000000 0.130384347160 0.130999928468 0.131824831177 0.132845773337 0.134052286234 0.135435165610 0.136985903792 0.138696449704 0.140559101353 0.142566457692 0.144711398342 0.146987076329 0.149386916408 0.151904615173 0.154534141041 0.157269733173 0.160105898989 0.163037410181 0.166059297354 0.169166843444 0.172355576141 0.175621259520 0.178959885089 0.182367662436 0.185841009632 0.189376543538 0.192971070124 0.196621574898 0.200325213521 0.204079302662 0.207881311155 0.211728851468 0.215619671526 0.219551646894 0.223522773323 0.227531159677 0.231575021219 0.235652673257 0.239762525156 0.243903074671 0.248072902626 0.252270667899 0.256495102710 0.260745008194 0.265019250251 0.269316755645 0.273636508353 0.273636508353 0.168504344677 0.165249809196 0.162075806685 0.158986948216 0.155988112755 0.153084457115 0.150281425001 0.147584754883 0.145000486470 0.142534965627 0.140194847710 0.137987099601 0.135919001265 0.133998148661 0.132232461766 0.130630205190 0.129200036588 0.127951115320 0.126893347067 0.126037967197 0.125399141320 0.125000000000 0.125399141320 0.126037967197 0.126893347067 0.127951115320 0.129200036588 0.130630205190 0.132232461766 0.133998148661 0.135919001265 0.137987099601 0.140194847710 0.142534965627 0.145000486470 0.147584754883 0.150281425001 0.153084457115 0.155988112755 0.158986948216 0.162075806685 0.165249809196 0.168504344677 0.171835059305 0.175237845419 0.178708830169 0.182244364075 0.185841009632 0.189495530077 0.193204878410 0.196966186734 0.200776755960 0.204634045933 0.208535665983 0.212479365925 0.216463027508 0.220484656327 0.224542374166 0.228634411786 0.232759102133 0.236914873954 0.241100245794 0.245313820383 0.249554279357 0.253820378326 0.258110942255 0.262424861144 0.266761085990 0.271118625006 0.275496540096 0.279893943558 0.284309995002 0.288743898471 0.293194899752 0.297662283865 0.302145372714 0.306643522893 0.311156123633 0.315682594885 0.320222385528 0.324774971691 0.329339855179 0.333916562011 0.338504641038 0.343103662659 0.347713217611 0.352332915841 0.356962385442 0.361601271662 0.366249235969 0.370905955175 0.375571120615 0.380244437374 0.384925623559 0.389614409621 0.394310537711 0.399013761074 0.403723843485 0.408440558712 
0.293194899752 0.288743898471 0.284309995002 0.279893943558 0.275496540096 0.271118625006 0.266761085990 0.262424861144 0.258110942255 0.253820378326 0.249554279357 0.245313820383 0.241100245794 0.236914873954 0.232759102133 0.228634411786 0.224542374166 0.220484656327 0.216463027508 0.212479365925 0.208535665983 0.204634045933 0.200776755960 0.196966186734 0.193204878410 0.189495530077 0.185841009632 0.182244364075 0.178708830169 0.175237845419 0.171835059305 0.168504344677 0.165249809196 0.162075806685 0.158986948216 0.155988112755 0.153084457115 0.150281425001 0.147584754883 0.145000486470 0.142534965627 0.140194847710 0.137987099601 0.135919001265 0.133998148661 0.132232461766 0.130630205190 0.129200036588 0.127951115320 0.126893347067 0.126037967197 0.125399141320 0.125000000000 0.125399141320 0.126037967197 0.126893347067 0.127951115320 0.129200036588 0.130630205190 0.132232461766 0.133998148661 0.135919001265 0.137987099601 0.140194847710 0.142534965627 0.145000486470 0.147584754883 0.150281425001 0.153084457115 0.155988112755 0.158986948216 0.162075806685 0.165249809196 0.168504344677 0.171835059305 0.175237845419 0.178708830169 0.182244364075 0.185841009632 0.189495530077 0.193204878410 0.196966186734 0.200776755960 0.204634045933 0.208535665983 0.212479365925 0.216463027508 0.220484656327 0.224542374166 0.228634411786 0.232759102133 0.236914873954 0.241100245794 0.245313820383 0.249554279357 0.253820378326 0.258110942255 0.262424861144 0.266761085990 0.271118625006 0.271118625006 0.164708557696 0.161386428804 0.158144019132 0.154986075077 0.151917635643 0.148944045183 0.146070965374 0.143304386117 0.140650635097 0.138116385750 0.135708663553 0.133434850786 0.131302690479 0.129320291268 0.127496136834 0.125839107428 0.124358529006 0.123064283388 0.121967057868 0.121078944965 0.120415098162 0.120000000000 0.120415098162 0.121078944965 0.121967057868 0.123064283388 0.124358529006 0.125839107428 0.127496136834 0.129320291268 0.131302690479 0.133434850786 0.135708663553 0.138116385750 0.140650635097 0.143304386117 0.146070965374 0.148944045183 0.151917635643 0.154986075077 0.158144019132 0.161386428804 0.164708557696 0.168105938756 0.171574370749 0.175109904654 0.178708830169 0.182367662436 0.186083129116 0.189852157882 0.193671864391 0.197539540772 0.201452644660 0.205408788790 0.209405731142 0.213441365650 0.217513713439 0.221620914609 0.225761220509 0.229932986507 0.234134665224 0.238364800208 0.242622020022 0.246905032730 0.251212620747 0.255543636046 0.259896995679 0.264271677609 0.268666716825 0.273081201722 0.277514270726 0.281965109153 0.286432946279 0.290917052611 0.295416737343 0.299931345983 0.304460258143 0.309002885475 0.313558669744 0.318127081036 0.322707616077 0.327299796666 0.331903168216 0.336517298380 0.341141775779 0.345776208798 0.350420224473 0.355073467441 0.359735598958 0.364406295980 0.369085250302 0.373772167749 0.378466767417 0.383168780966 0.387877951945 0.392594035171 0.397316796137 0.402046010454 0.406781463337 
0.290917052611 0.286432946279 0.281965109153 0.277514270726 0.273081201722 0.268666716825 0.264271677609 0.259896995679 0.255543636046 0.251212620747 0.246905032730 0.242622020022 0.238364800208 0.234134665224 0.229932986507 0.225761220509 0.221620914609 0.217513713439 0.213441365650 0.209405731142 0.205408788790 0.201452644660 0.197539540772 0.193671864391 0.189852157882 0.186083129116 0.182367662436 0.178708830169 0.175109904654 0.171574370749 0.168105938756 0.164708557696 0.161386428804 0.158144019132 0.154986075077 0.151917635643 0.148944045183 0.146070965374 0.143304386117 0.140650635097 0.138116385750 0.135708663553 0.133434850786 0.131302690479 0.129320291268 0.127496136834 0.125839107428 0.124358529006 0.123064283388 0.121967057868 0.121078944965 0.120415098162 0.120000000000 0.120415098162 0.121078944965 0.121967057868 0.123064283388 0.124358529006 0.125839107428 0.127496136834 0.129320291268 0.131302690479 0.133434850786 0.135708663553 0.138116385750 0.140650635097 0.143304386117 0.146070965374 0.148944045183 0.151917635643 0.154986075077 0.158144019132 0.161386428804 0.164708557696 0.168105938756 0.171574370749 0.175109904654 0.178708830169 0.182367662436 0.186083129116 0.189852157882 0.193671864391 0.197539540772 0.201452644660 0.205408788790 0.209405731142 0.213441365650 0.217513713439 0.221620914609 0.225761220509 0.229932986507 0.234134665224 0.238364800208 0.242622020022 0.246905032730 0.251212620747 0.255543636046 0.259896995679 0.264271677609 0.268666716825 0.268666716825 0.160971786413 0.157580278582 0.154267501449 0.151038331489 0.147897964042 0.144851929299 0.141906107727 0.139066744613 0.136340463377 0.133734277373 0.131255599945 0.128912252813 0.126712473341 0.124664922261 0.122778695414 0.121063347013 0.119528940175 0.118186159143 0.117046564450 0.116123210164 0.115432358602 0.115000000000 0.115432358602 0.116123210164 0.117046564450 0.118186159143 0.119528940175 0.121063347013 0.122778695414 0.124664922261 0.126712473341 0.128912252813 0.131255599945 0.133734277373 0.136340463377 0.139066744613 0.141906107727 0.144851929299 0.147897964042 0.151038331489 0.154267501449 0.157580278582 0.160971786413 0.164437451066 0.167972984972 0.171574370749 0.175237845419 0.178959885089 0.182737190182 0.186566671288 0.190445435686 0.194370774542 0.198340150811 0.202351187831 0.206401658602 0.210489475725 0.214612681988 0.218769441560 0.222958031778 0.227176835484 0.231424333888 0.235699099922 0.239999792066 0.244325148595 0.248673982239 0.253045175224 0.257437674653 0.261850488229 0.266282680272 0.270733368020 0.275201718196 0.279686943817 0.284188301225 0.288705087330 0.293236637043 0.297782320895 0.302341542814 0.306913738059 0.311498371297 0.316094934815 0.320702946842 0.325321950000 0.329951509850 0.334591213537 0.339240668524 0.343899501417 0.348567356856 0.353243896486 0.357928797996 0.362621754211 0.367322472252 0.372030672745 0.376746089076 0.381468466703 0.386197562500 0.390933144145 0.395674989551 0.400422886325 0.405176631260 
0.288705087330 0.284188301225 0.279686943817 0.275201718196 0.270733368020 0.266282680272 0.261850488229 0.257437674653 0.253045175224 0.248673982239 0.244325148595 0.239999792066 0.235699099922 0.231424333888 0.227176835484 0.222958031778 0.218769441560 0.214612681988 0.210489475725 0.206401658602 0.202351187831 0.198340150811 0.194370774542 0.190445435686 0.186566671288 0.182737190182 0.178959885089 0.175237845419 0.171574370749 0.167972984972 0.164437451066 0.160971786413 0.157580278582 0.154267501449 0.151038331489 0.147897964042 0.144851929299 0.141906107727 0.139066744613 0.136340463377 0.133734277373 0.131255599945 0.128912252813 0.126712473341 0.124664922261 0.122778695414 0.121063347013 0.119528940175 0.118186159143 0.117046564450 0.116123210164 0.115432358602 0.115000000000 0.115432358602 0.116123210164 0.117046564450 0.118186159143 0.119528940175 0.121063347013 0.122778695414 0.124664922261 0.126712473341 0.128912252813 0.131255599945 0.133734277373 0.136340463377 0.139066744613 0.141906107727 0.144851929299 0.147897964042 0.151038331489 0.154267501449 0.157580278582 0.160971786413 0.164437451066 0.167972984972 0.171574370749 0.175237845419 0.178959885089 0.182737190182 0.186566671288 0.190445435686 0.194370774542 0.198340150811 0.202351187831 0.206401658602 0.210489475725 0.214612681988 0.218769441560 0.222958031778 0.227176835484 0.231424333888 0.235699099922 0.239999792066 0.244325148595 0.248673982239 0.253045175224 0.257437674653 0.261850488229 0.266282680272 0.266282680272 0.157297868255 0.153835214141 0.150450112109 0.147147561347 0.143932907631 0.140811863053 0.137790525496 0.134875397499 0.132073404143 0.129391909562 0.126838731799 0.124422155902 0.122150945683 0.120034355526 0.118082145632 0.116304608141 0.114712620096 0.113317758590 0.112132562327 0.111171167745 0.110451087074 0.110000000000 0.110451087074 0.111171167745 0.112132562327 0.113317758590 0.114712620096 0.116304608141 0.118082145632 0.120034355526 0.122150945683 0.124422155902 0.126838731799 0.129391909562 0.132073404143 0.134875397499 0.137790525496 0.140811863053 0.143932907631 0.147147561347 0.150450112109 0.153835214141 0.157297868255 0.160833402160 0.164437451066 0.168105938756 0.171835059305 0.175621259520 0.179461222197 0.183351850227 0.187290251580 0.191273725161 0.195299747542 0.199365960533 0.203470159577 0.207610282927 0.211784401571 0.215990709860 0.220227516811 0.224493238031 0.228786388226 0.233105574262 0.237449488734 0.241816904009 0.246206666707 0.250617692599 0.255048961869 0.259499514742 0.263968447419 0.268454908326 0.272958094631 0.277477249014 0.282011656678 0.286560642580 0.291123568848 0.295699832404 0.300288862737 0.304890119852 0.309503092353 0.314127295663 0.318762270372 0.323407580699 0.328062813052 0.332727574703 0.337401492535 0.342084211887 0.346775395471 0.351474722362 0.356181887053 0.360896598576 0.365618579681 0.370347566057 0.375083305621 0.379825557836 0.384574093082 0.389328692063 0.394089145252 0.398855252367 0.403626821885 
0.286560642580 0.282011656678 0.277477249014 0.272958094631 0.268454908326 0.263968447419 0.259499514742 0.255048961869 0.250617692599 0.246206666707 0.241816904009 0.237449488734 0.233105574262 0.228786388226 0.224493238031 0.220227516811 0.215990709860 0.211784401571 0.207610282927 0.203470159577 0.199365960533 0.195299747542 0.191273725161 0.187290251580 0.183351850227 0.179461222197 0.175621259520 0.171835059305 0.168105938756 0.164437451066 0.160833402160 0.157297868255 0.153835214141 0.150450112109 0.147147561347 0.143932907631 0.140811863053 0.137790525496 0.134875397499 0.132073404143 0.129391909562 0.126838731799 0.124422155902 0.122150945683 0.120034355526 0.118082145632 0.116304608141 0.114712620096 0.113317758590 0.112132562327 0.111171167745 0.110451087074 0.110000000000 0.110451087074 0.111171167745 0.112132562327 0.113317758590 0.114712620096 0.116304608141 0.118082145632 0.120034355526 0.122150945683 0.124422155902 0.126838731799 0.129391909562 0.132073404143 0.134875397499 0.137790525496 0.140811863053 0.143932907631 0.147147561347 0.150450112109 0.153835214141 0.157297868255 0.160833402160 0.164437451066 0.168105938756 0.171835059305 0.175621259520 0.179461222197 0.183351850227 0.187290251580 0.191273725161 0.195299747542 0.199365960533 0.203470159577 0.207610282927 0.211784401571 0.215990709860 0.220227516811 0.224493238031 0.228786388226 0.233105574262 0.237449488734 0.241816904009 0.246206666707 0.250617692599 0.255048961869 0.259499514742 0.263968447419 0.263968447419 0.153690926824 0.150155392918 0.146696026538 0.143317939762 0.140026620296 0.136827955504 0.133728256578 0.130734282525 0.127853263527 0.125092923250 0.122461499690 0.119967764345 0.117621039933 0.115431217843 0.113408778487 0.111564821852 0.109911124352 0.108460258223 0.107225860741 0.106223291046 0.105471476602 0.105000000000 0.105471476602 0.106223291046 0.107225860741 0.108460258223 0.109911124352 0.111564821852 0.113408778487 0.115431217843 0.117621039933 0.119967764345 0.122461499690 0.125092923250 0.127853263527 0.130734282525 0.133728256578 0.136827955504 0.140026620296 0.143317939762 0.146696026538 0.150155392918 0.153690926824 0.157297868255 0.160971786413 0.164708557696 0.168504344677 0.172355576141 0.176258928232 0.180211306719 0.184209830378 0.188251815462 0.192334761237 0.196456336517 0.200614367182 0.204806824591 0.209031814869 0.213287568987 0.217572433601 0.221884862584 0.226223409216 0.230586718970 0.234973522850 0.239382631259 0.243812928324 0.248263366669 0.252732962592 0.257220791606 0.261725984325 0.266247722669 0.270785236351 0.275337799629 0.279904728315 0.284485376990 0.289079136441 0.293685431284 0.298303717755 0.302933481675 0.307574236550 0.312225521820 0.316886901224 0.321557961286 0.326238309905 0.330927575053 0.335625403545 0.340331459917 0.345045425362 0.349766996746 0.354495885696 0.359231817736 0.363974531490 0.368723777939 0.373479319715 0.378240930457 0.383008394191 0.387781504768 0.392560065320 0.397343887763 0.402132792323 
0.284485376990 0.279904728315 0.275337799629 0.270785236351 0.266247722669 0.261725984325 0.257220791606 0.252732962592 0.248263366669 0.243812928324 0.239382631259 0.234973522850 0.230586718970 0.226223409216 0.221884862584 0.217572433601 0.213287568987 0.209031814869 0.204806824591 0.200614367182 0.196456336517 0.192334761237 0.188251815462 0.184209830378 0.180211306719 0.176258928232 0.172355576141 0.168504344677 0.164708557696 0.160971786413 0.157297868255 0.153690926824 0.150155392918 0.146696026538 0.143317939762 0.140026620296 0.136827955504 0.133728256578 0.130734282525 0.127853263527 0.125092923250 0.122461499690 0.119967764345 0.117621039933 0.115431217843 0.113408778487 0.111564821852 0.109911124352 0.108460258223 0.107225860741 0.106223291046 0.105471476602 0.105000000000 0.105471476602 0.106223291046 0.107225860741 0.108460258223 0.109911124352 0.111564821852 0.113408778487 0.115431217843 0.117621039933 0.119967764345 0.122461499690 0.125092923250 0.127853263527 0.130734282525 0.133728256578 0.136827955504 0.140026620296 0.143317939762 0.146696026538 0.150155392918 0.153690926824 0.157297868255 0.160971786413 0.164708557696 0.168504344677 0.172355576141 0.176258928232 0.180211306719 0.184209830378 0.188251815462 0.192334761237 0.196456336517 0.200614367182 0.204806824591 0.209031814869 0.213287568987 0.217572433601 0.221884862584 0.226223409216 0.230586718970 0.234973522850 0.239382631259 0.243812928324 0.248263366669 0.252732962592 0.257220791606 0.261725984325 0.261725984325 0.150155392918 0.146545298147 0.143009764241 0.139554003501 0.136183634017 0.132904708562 0.129723744202 0.126647752268 0.123684268258 0.120841381172 0.118127761809 0.115552689653 0.113126078397 0.110858501030 0.108761217413 0.106846211403 0.105126253666 0.103615027284 0.102327406495 0.101280136684 0.100493755255 0.100000000000 0.100493755255 0.101280136684 0.102327406495 0.103615027284 0.105126253666 0.106846211403 0.108761217413 0.110858501030 0.113126078397 0.115552689653 0.118127761809 0.120841381172 0.123684268258 0.126647752268 0.129723744202 0.132904708562 0.136183634017 0.139554003501 0.143009764241 0.146545298147 0.150155392918 0.153835214141 0.157580278582 0.161386428804 0.165249809196 0.169166843444 0.173134213452 0.177148839691 0.181207862931 0.185308627297 0.189448664599 0.193625679843 0.197837537876 0.202082251071 0.206357967987 0.210662962943 0.214995626420 0.219354456240 0.223738049461 0.228145094921 0.232574366392 0.237024716282 0.241495069846 0.245984419866 0.250491821748 0.255016389023 0.259557289196 0.264113739927 0.268685005508 0.273270393624 0.277869252356 0.282480967421 0.287104959625 0.291740682502 0.296387620140 0.301045285167 0.305713216887 0.310390979552 0.315078160764 0.319774369992 0.324479237196 0.329192411550 0.333913560254 0.338642367432 0.343378533107 0.348121772246 0.352871813869 0.357628400224 0.362391286013 0.367160237670 0.371935032691 0.376715459006 0.381501314387 0.386292405906 0.391088549418 0.395889569077 0.400695296891 
0.282480967421 0.277869252356 0.273270393624 0.268685005508 0.264113739927 0.259557289196 0.255016389023 0.250491821748 0.245984419866 0.241495069846 0.237024716282 0.232574366392 0.228145094921 0.223738049461 0.219354456240 0.214995626420 0.210662962943 0.206357967987 0.202082251071 0.197837537876 0.193625679843 0.189448664599 0.185308627297 0.181207862931 0.177148839691 0.173134213452 0.169166843444 0.165249809196 0.161386428804 0.157580278582 0.153835214141 0.150155392918 0.146545298147 0.143009764241 0.139554003501 0.136183634017 0.132904708562 0.129723744202 0.126647752268 0.123684268258 0.120841381172 0.118127761809 0.115552689653 0.113126078397 0.110858501030 0.108761217413 0.106846211403 0.105126253666 0.103615027284 0.102327406495 0.101280136684 0.100493755255 0.100000000000 0.100493755255 0.101280136684 0.102327406495 0.103615027284 0.105126253666 0.106846211403 0.108761217413 0.110858501030 0.113126078397 0.115552689653 0.118127761809 0.120841381172 0.123684268258 0.126647752268 0.129723744202 0.132904708562 0.136183634017 0.139554003501 0.143009764241 0.146545298147 0.150155392918 0.153835214141 0.157580278582 0.161386428804 0.165249809196 0.169166843444 0.173134213452 0.177148839691 0.181207862931 0.185308627297 0.189448664599 0.193625679843 0.197837537876 0.202082251071 0.206357967987 0.210662962943 0.214995626420 0.219354456240 0.223738049461 0.228145094921 0.232574366392 0.237024716282 0.241495069846 0.245984419866 0.250491821748 0.255016389023 0.259557289196 0.259557289196 0.146696026538 0.143009764241 0.139396217824 0.135860683918 0.132408895899 0.129047058274 0.125781882506 0.122620623946 0.119571119462 0.116641825249 0.113841854274 0.111181012880 0.108669836383 0.106319624359 0.104142478194 0.102151347679 0.100360102722 0.098783667982 0.097438313946 0.096342363477 0.095518194407 0.095000000000 0.095518194407 0.096342363477 0.097438313946 0.098783667982 0.100360102722 0.102151347679 0.104142478194 0.106319624359 0.108669836383 0.111181012880 0.113841854274 0.116641825249 0.119571119462 0.122620623946 0.125781882506 0.129047058274 0.132408895899 0.135860683918 0.139396217824 0.143009764241 0.146696026538 0.150450112109 0.154267501449 0.158144019132 0.162075806685 0.166059297354 0.170091192713 0.174168441033 0.178288217346 0.182447905078 0.186645079190 0.190877490685 0.195143052414 0.199439826068 0.203766010262 0.208119929631 0.212500024850 0.216904843495 0.221333031690 0.225783326449 0.230254548676 0.234745596747 0.239255440634 0.243783116523 0.248327721872 0.252888410882 0.257464390342 0.262054915811 0.266659288108 0.271276850088 0.275906983678 0.280549107139 0.285202672554 0.289867163511 0.294542092956 0.299227001226 0.303921454219 0.308625041712 0.313337375801 0.318058089454 0.322786835178 0.327523283781 0.332267123217 0.337018057525 0.341775805839 0.346540101461 0.351310691011 0.356087333631 0.360869800238 0.365657872837 0.370451343875 0.375250015641 0.380053699705 0.384862216390 0.389675394289 0.394493069800 0.399315086699 
0.280549107138 0.275906983678 0.271276850088 0.266659288108 0.262054915811 0.257464390342 0.252888410882 0.248327721872 0.243783116523 0.239255440634 0.234745596747 0.230254548676 0.225783326449 0.221333031690 0.216904843495 0.212500024850 0.208119929631 0.203766010262 0.199439826068 0.195143052414 0.190877490685 0.186645079190 0.182447905078 0.178288217346 0.174168441033 0.170091192713 0.166059297354 0.162075806685 0.158144019132 0.154267501449 0.150450112109 0.146696026538 0.143009764241 0.139396217824 0.135860683918 0.132408895899 0.129047058274 0.125781882506 0.122620623946 0.119571119462 0.116641825249 0.113841854274 0.111181012880 0.108669836383 0.106319624359 0.104142478194 0.102151347679 0.100360102722 0.098783667982 0.097438313946 0.096342363477 0.095518194407 0.095000000000 0.095518194407 0.096342363477 0.097438313946 0.098783667982 0.100360102722 0.102151347679 0.104142478194 0.106319624359 0.108669836383 0.111181012880 0.113841854274 0.116641825249 0.119571119462 0.122620623946 0.125781882506 0.129047058274 0.132408895899 0.135860683918 0.139396217824 0.143009764241 0.146696026538 0.150450112109 0.154267501449 0.158144019132 0.162075806685 0.166059297354 0.170091192713 0.174168441033 0.178288217346 0.182447905078 0.186645079190 0.190877490685 0.195143052414 0.199439826068 0.203766010262 0.208119929631 0.212500024850 0.216904843495 0.221333031690 0.225783326449 0.230254548676 0.234745596747 0.239255440634 0.243783116523 0.248327721872 0.252888410882 0.257464390342 0.257464390342 0.143317939762 0.139554003501 0.135860683918 0.132243342426 0.128707808520 0.125260420292 0.121908067292 0.118658235475 0.115519053888 0.112499342594 0.109608661262 0.106857357875 0.104256617213 0.101818509545 0.099556041748 0.097483217271 0.095615120793 0.093968065993 0.092559903081 0.091410756706 0.090545119447 0.090000000000 0.090545119447 0.091410756706 0.092559903081 0.093968065993 0.095615120793 0.097483217271 0.099556041748 0.101818509545 0.104256617213 0.106857357875 0.109608661262 0.112499342594 0.115519053888 0.118658235475 0.121908067292 0.125260420292 0.128707808520 0.132243342426 0.135860683918 0.139554003501 0.143317939762 0.147147561347 0.151038331489 0.154986075077 0.158986948216 0.163037410181 0.167134197647 0.171274301069 0.175454943067 0.179673558675 0.183927777316 0.188215406362 0.192534416154 0.196882926349 0.201259193491 0.205661599685 0.210088642284 0.214538924498 0.219011146828 0.223504099265 0.228016654175 0.232547759804 0.237096434356 0.241661760579 0.246242880816 0.250838992487 0.255449343946 0.260073230689 0.264709991888 0.269359007197 0.274019693837 0.278691503905 0.283373921909 0.288066462504 0.292768668393 0.297480108411 0.302200375751 0.306929086321 0.311665877240 0.316410405440 0.321162346375 0.325921392824 0.330687253790 0.335459653472 0.340238330314 0.345023036127 0.349813535262 0.354609603858 0.359411029126 0.364217608698 0.369029150004 0.373845469708 0.378666393172 0.383491753957 0.388321393361 0.393155159983 0.397992909319 
0.278691503904 0.274019693837 0.269359007197 0.264709991888 0.260073230689 0.255449343946 0.250838992487 0.246242880816 0.241661760579 0.237096434356 0.232547759804 0.228016654175 0.223504099265 0.219011146828 0.214538924498 0.210088642284 0.205661599685 0.201259193491 0.196882926349 0.192534416154 0.188215406362 0.183927777316 0.179673558675 0.175454943067 0.171274301069 0.167134197647 0.163037410181 0.158986948216 0.154986075077 0.151038331489 0.147147561347 0.143317939762 0.139554003501 0.135860683918 0.132243342426 0.128707808520 0.125260420292 0.121908067292 0.118658235475 0.115519053888 0.112499342594 0.109608661262 0.106857357875 0.104256617213 0.101818509545 0.099556041748 0.097483217271 0.095615120793 0.093968065993 0.092559903081 0.091410756706 0.090545119447 0.090000000000 0.090545119447 0.091410756706 0.092559903081 0.093968065993 0.095615120793 0.097483217271 0.099556041748 0.101818509545 0.104256617213 0.106857357875 0.109608661262 0.112499342594 0.115519053888 0.118658235475 0.121908067292 0.125260420292 0.128707808520 0.132243342426 0.135860683918 0.139554003501 0.143317939762 0.147147561347 0.151038331489 0.154986075077 0.158986948216 0.163037410181 0.167134197647 0.171274301069 0.175454943067 0.179673558675 0.183927777316 0.188215406362 0.192534416154 0.196882926349 0.201259193491 0.205661599685 0.210088642284 0.214538924498 0.219011146828 0.223504099265 0.228016654175 0.232547759804 0.237096434356 0.241661760579 0.246242880816 0.250838992487 0.255449343946 0.255449343946 0.140026620296 0.136183634017 0.132408895899 0.128707808520 0.125086273705 0.121550739800 0.118108252407 0.114766508484 0.111533913527 0.108419641449 0.105433696631 0.102586977563 0.099891341621 0.097359671190 0.095005942992 0.092845306583 0.090894187571 0.089170454377 0.087693748274 0.086486259560 0.085574923798 0.085000000000 0.085574923798 0.086486259560 0.087693748274 0.089170454377 0.090894187571 0.092845306583 0.095005942992 0.097359671190 0.099891341621 0.102586977563 0.105433696631 0.108419641449 0.111533913527 0.114766508484 0.118108252407 0.121550739800 0.125086273705 0.128707808520 0.132408895899 0.136183634017 0.140026620296 0.143932907631 0.147897964042 0.151917635643 0.155988112755 0.160105898989 0.164267783082 0.168470813303 0.172712274205 0.176989665541 0.181300683150 0.185643201635 0.190015258673 0.194415040801 0.198840870538 0.203291194718 0.207764573907 0.212259672819 0.216775251609 0.221310157972 0.225863319972 0.230433739516 0.235020486424 0.239622693027 0.244239549249 0.248870298121 0.253514231693 0.258170687291 0.262839044110 0.267518720086 0.272209169038 0.276909878048 0.281620365059 0.286340176672 0.291068886119 0.295806091401 0.300551413578 0.305304495189 0.310064998798 0.314832605657 0.319607014463 0.324387940218 0.329175113171 0.333968277840 0.338767192104 0.343571626366 0.348381362774 0.353196194495 0.358015925049 0.362840367679 0.367669344775 0.372502687333 0.377340234449 0.382181832855 0.387027336474 0.391876606019 0.396729508606 
0.276909878046 0.272209169038 0.267518720086 0.262839044110 0.258170687291 0.253514231693 0.248870298121 0.244239549249 0.239622693027 0.235020486424 0.230433739516 0.225863319972 0.221310157972 0.216775251609 0.212259672819 0.207764573907 0.203291194718 0.198840870538 0.194415040801 0.190015258673 0.185643201635 0.181300683150 0.176989665541 0.172712274205 0.168470813303 0.164267783082 0.160105898989 0.155988112755 0.151917635643 0.147897964042 0.143932907631 0.140026620296 0.136183634017 0.132408895899 0.128707808520 0.125086273705 0.121550739800 0.118108252407 0.114766508484 0.111533913527 0.108419641449 0.105433696631 0.102586977563 0.099891341621 0.097359671190 0.095005942992 0.092845306583 0.090894187571 0.089170454377 0.087693748274 0.086486259560 0.085574923798 0.085000000000 0.085574923798 0.086486259560 0.087693748274 0.089170454377 0.090894187571 0.092845306583 0.095005942992 0.097359671190 0.099891341621 0.102586977563 0.105433696631 0.108419641449 0.111533913527 0.114766508484 0.118108252407 0.121550739800 0.125086273705 0.128707808520 0.132408895899 0.136183634017 0.140026620296 0.143932907631 0.147897964042 0.151917635643 0.155988112755 0.160105898989 0.164267783082 0.168470813303 0.172712274205 0.176989665541 0.181300683150 0.185643201635 0.190015258673 0.194415040801 0.198840870538 0.203291194718 0.207764573907 0.212259672819 0.216775251609 0.221310157972 0.225863319972 0.230433739516 0.235020486424 0.239622693027 0.244239549249 0.248870298121 0.253514231693 0.253514231693 0.136827955504 0.132904708562 0.129047058274 0.125260420292 0.121550739800 0.117924546127 0.114389012221 0.110952019024 0.107622224707 0.104409138544 0.101323199028 0.098375855756 0.095579654616 0.092948326319 0.090496879863 0.088241706404 0.086200708704 0.084393495188 0.082841741370 0.081570014333 0.080608087519 0.080000000000 0.080608087519 0.081570014333 0.082841741370 0.084393495188 0.086200708704 0.088241706404 0.090496879863 0.092948326319 0.095579654616 0.098375855756 0.101323199028 0.104409138544 0.107622224707 0.110952019024 0.114389012221 0.117924546127 0.121550739800 0.125260420292 0.129047058274 0.132904708562 0.136827955504 0.140811863053 0.144851929299 0.148944045183 0.153084457115 0.157269733173 0.161496732597 0.165762578276 0.170064631968 0.174400471968 0.178767873015 0.183164788188 0.187589332611 0.192039768769 0.196514493283 0.201012024979 0.205530994129 0.210070132738 0.214628265768 0.219204303210 0.223797232896 0.228406114011 0.233030071191 0.237668289184 0.242320007994 0.246984518473 0.251661158303 0.256349308346 0.261048389312 0.265757858718 0.270477208117 0.275205960560 0.279943668272 0.284689910531 0.289444291718 0.294206439529 0.298976003335 0.303752652671 0.308536075849 0.313325978682 0.318122083301 0.322924127072 0.327731861593 0.332545051766 0.337363474937 0.342186920110 0.347015187204 0.351848086378 0.356685437396 0.361527069041 0.366372818568 0.371222531202 0.376076059661 0.380933263721 0.385794009804 0.390658170595 0.395525624692 
0.275205960554 0.270477208116 0.265757858718 0.261048389312 0.256349308346 0.251661158303 0.246984518473 0.242320007994 0.237668289184 0.233030071191 0.228406114011 0.223797232896 0.219204303210 0.214628265768 0.210070132738 0.205530994129 0.201012024979 0.196514493283 0.192039768769 0.187589332611 0.183164788188 0.178767873015 0.174400471968 0.170064631968 0.165762578276 0.161496732597 0.157269733173 0.153084457115 0.148944045183 0.144851929299 0.140811863053 0.136827955504 0.132904708562 0.129047058274 0.125260420292 0.121550739800 0.117924546127 0.114389012221 0.110952019024 0.107622224707 0.104409138544 0.101323199028 0.098375855756 0.095579654616 0.092948326319 0.090496879863 0.088241706404 0.086200708704 0.084393495188 0.082841741370 0.081570014333 0.080608087519 0.080000000000 0.080608087519 0.081570014333 0.082841741370 0.084393495188 0.086200708704 0.088241706404 0.090496879863 0.092948326319 0.095579654616 0.098375855756 0.101323199028 0.104409138544 0.107622224707 0.110952019024 0.114389012221 0.117924546127 0.121550739800 0.125260420292 0.129047058274 0.132904708562 0.136827955504 0.140811863053 0.144851929299 0.148944045183 0.153084457115 0.157269733173 0.161496732597 0.165762578276 0.170064631968 0.174400471968 0.178767873015 0.183164788188 0.187589332611 0.192039768769 0.196514493283 0.201012024979 0.205530994129 0.210070132738 0.214628265768 0.219204303210 0.223797232896 0.228406114011 0.233030071191 0.237668289184 0.242320007994 0.246984518473 0.251661158303 0.251661158303 0.133728256578 0.129723744202 0.125781882506 0.121908067292 0.118108252407 0.114389012221 0.110757610596 0.107222076690 0.103791287837 0.100475059579 0.097284242772 0.094230827508 0.091328053577 0.088590527532 0.086034347771 0.083677242757 0.081538737093 0.079640384619 0.078006174149 0.076663417060 0.075645202313 0.075000000000 0.075645202313 0.076663417060 0.078006174149 0.079640384619 0.081538737093 0.083677242757 0.086034347771 0.088590527532 0.091328053577 0.094230827508 0.097284242772 0.100475059579 0.103791287837 0.107222076690 0.110757610596 0.114389012221 0.118108252407 0.121908067292 0.125781882506 0.129723744202 0.133728256578 0.137790525496 0.141906107727 0.146070965374 0.150281425001 0.154534141041 0.158826063041 0.163154406380 0.167516626074 0.171910393357 0.176333574740 0.180784213266 0.185260511739 0.189760817695 0.194283609933 0.198827486436 0.203391153522 0.207973416092 0.212573168867 0.217189388487 0.221821126398 0.226467502427 0.231127698988 0.235800955831 0.240486565302 0.245183868037 0.249892249063 0.254611134255 0.259339987111 0.264078305828 0.268825620625 0.273581491311 0.278345505064 0.283117274394 0.287896435287 0.292682645506 0.297475583026 0.302274944607 0.307080444477 0.311891813122 0.316708796180 0.321531153412 0.326358657757 0.331191094467 0.336028260295 0.340869962758 0.345716019445 0.350566257384 0.355420512446 0.360278628805 0.365140458427 0.370005860594 0.374874701475 0.379746853708 0.384622196028 0.389500612910 0.394381994238 
0.273581491293 0.268825620621 0.264078305827 0.259339987111 0.254611134255 0.249892249063 0.245183868037 0.240486565302 0.235800955831 0.231127698988 0.226467502427 0.221821126398 0.217189388487 0.212573168867 0.207973416092 0.203391153522 0.198827486436 0.194283609933 0.189760817695 0.185260511739 0.180784213266 0.176333574740 0.171910393357 0.167516626074 0.163154406380 0.158826063041 0.154534141041 0.150281425001 0.146070965374 0.141906107727 0.137790525496 0.133728256578 0.129723744202 0.125781882506 0.121908067292 0.118108252407 0.114389012221 0.110757610596 0.107222076690 0.103791287837 0.100475059579 0.097284242772 0.094230827508 0.091328053577 0.088590527532 0.086034347771 0.083677242757 0.081538737093 0.079640384619 0.078006174149 0.076663417060 0.075645202313 0.075000000000 0.075645202313 0.076663417060 0.078006174149 0.079640384619 0.081538737093 0.083677242757 0.086034347771 0.088590527532 0.091328053577 0.094230827508 0.097284242772 0.100475059579 0.103791287837 0.107222076690 0.110757610596 0.114389012221 0.118108252407 0.121908067292 0.125781882506 0.129723744202 0.133728256578 0.137790525496 0.141906107727 0.146070965374 0.150281425001 0.154534141041 0.158826063041 0.163154406380 0.167516626074 0.171910393357 0.176333574740 0.180784213266 0.185260511739 0.189760817695 0.194283609933 0.198827486436 0.203391153522 0.207973416092 0.212573168867 0.217189388487 0.221821126398 0.226467502427 0.231127698988 0.235800955831 0.240486565302 0.245183868037 0.249892249063 0.249892249063 0.130734282525 0.126647752268 0.122620623946 0.118658235475 0.114766508484 0.110952019024 0.107222076690 0.103584812905 0.100049278999 0.096625554662 0.093324867161 0.090159721577 0.087144042205 0.084293325532 0.081624806303 0.079157641721 0.076913128172 0.074914989806 0.073189847395 0.071768190944 0.070687005667 0.070000000000 0.070687005667 0.071768190944 0.073189847395 0.074914989806 0.076913128172 0.079157641721 0.081624806303 0.084293325532 0.087144042205 0.090159721577 0.093324867161 0.096625554662 0.100049278999 0.103584812905 0.107222076690 0.110952019024 0.114766508484 0.118658235475 0.122620623946 0.126647752268 0.130734282525 0.134875397499 0.139066744613 0.143304386117 0.147584754883 0.151904615173 0.156261027848 0.160651319498 0.165073055050 0.169524013450 0.174002166055 0.178505657428 0.183032788242 0.187582000055 0.192151861737 0.196741057352 0.201348375332 0.205972698787 0.210612996832 0.215268316803 0.219937777273 0.224620561770 0.229315913123 0.234023128371 0.238741554160 0.243470582593 0.248209647473 0.252958220902 0.257715810192 0.262481955070 0.267256225130 0.272038217515 0.276827554814 0.281623883130 0.286426870333 0.291236204446 0.296051592182 0.300872757596 0.305699440854 0.310531397099 0.315368395413 0.320210217860 0.325056658605 0.329907523102 0.334762627350 0.339621797200 0.344484867715 0.349351682585 0.354222093575 0.359095960028 0.363973148384 0.368853531758 0.373736989525 0.378623406951 0.383512674844 0.388404689223 0.393299351022 
0.272038217450 0.267256225117 0.262481955069 0.257715810192 0.252958220902 0.248209647473 0.243470582593 0.238741554160 0.234023128371 0.229315913123 0.224620561770 0.219937777273 0.215268316803 0.210612996832 0.205972698787 0.201348375332 0.196741057352 0.192151861737 0.187582000055 0.183032788242 0.178505657428 0.174002166055 0.169524013450 0.165073055050 0.160651319498 0.156261027848 0.151904615173 0.147584754883 0.143304386117 0.139066744613 0.134875397499 0.130734282525 0.126647752268 0.122620623946 0.118658235475 0.114766508484 0.110952019024 0.107222076690 0.103584812905 0.100049278999 0.096625554662 0.093324867161 0.090159721577 0.087144042205 0.084293325532 0.081624806303 0.079157641721 0.076913128172 0.074914989806 0.073189847395 0.071768190944 0.070687005667 0.070000000000 0.070687005667 0.071768190944 0.073189847395 0.074914989806 0.076913128172 0.079157641721 0.081624806303 0.084293325532 0.087144042205 0.090159721577 0.093324867161 0.096625554662 0.100049278999 0.103584812905 0.107222076690 0.110952019024 0.114766508484 0.118658235475 0.122620623946 0.126647752268 0.130734282525 0.134875397499 0.139066744613 0.143304386117 0.147584754883 0.151904615173 0.156261027848 0.160651319498 0.165073055050 0.169524013450 0.174002166055 0.178505657428 0.183032788242 0.187582000055 0.192151861737 0.196741057352 0.201348375332 0.205972698787 0.210612996832 0.215268316803 0.219937777273 0.224620561770 0.229315913123 0.234023128371 0.238741554160 0.243470582593 0.248209647473 0.248209647473 0.127853263527 0.123684268258 0.119571119462 0.115519053888 0.111533913527 0.107622224707 0.103791287837 0.100049278999 0.096405364667 0.092869830761 0.089454227237 0.086171529263 0.083036316016 0.080064968271 0.077275887021 0.074689738529 0.072329740444 0.070222028730 0.068396216941 0.066886486487 0.065734428236 0.065000000000 0.065734428236 0.066886486487 0.068396216941 0.070222028730 0.072329740444 0.074689738529 0.077275887021 0.080064968271 0.083036316016 0.086171529263 0.089454227237 0.092869830761 0.096405364667 0.100049278999 0.103791287837 0.107622224707 0.111533913527 0.115519053888 0.119571119462 0.123684268258 0.127853263527 0.132073404143 0.136340463377 0.140650635097 0.145000486470 0.149386916408 0.153807119006 0.158258551388 0.162738905375 0.167246082520 0.171778172071 0.176333431507 0.180910269314 0.185507229734 0.190122979235 0.194756294494 0.199406051715 0.204071217106 0.208750838391 0.213444037227 0.218150002421 0.222867983853 0.227597287026 0.232337268172 0.237087329847 0.241846916962 0.246615513207 0.251392637818 0.256177842656 0.260970709558 0.265770847939 0.270577892611 0.275391501806 0.280211355369 0.285037153121 0.289868613355 0.294705471475 0.299547478738 0.304394401112 0.309246018228 0.314102122415 0.318962517819 0.323827019588 0.328695453125 0.333567653402 0.338443464321 0.343322738133 0.348205334895 0.353091121967 0.357979973555 0.362871770278 0.367766398772 0.372663751323 0.377563725521 0.382466223948 0.387371153874 0.392278426993 
0.270577892373 0.265770847892 0.260970709550 0.256177842655 0.251392637818 0.246615513207 0.241846916962 0.237087329847 0.232337268172 0.227597287026 0.222867983853 0.218150002421 0.213444037227 0.208750838391 0.204071217106 0.199406051715 0.194756294494 0.190122979235 0.185507229734 0.180910269314 0.176333431507 0.171778172071 0.167246082520 0.162738905375 0.158258551388 0.153807119006 0.149386916408 0.145000486470 0.140650635097 0.136340463377 0.132073404143 0.127853263527 0.123684268258 0.119571119462 0.115519053888 0.111533913527 0.107622224707 0.103791287837 0.100049278999 0.096405364667 0.092869830761 0.089454227237 0.086171529263 0.083036316016 0.080064968271 0.077275887021 0.074689738529 0.072329740444 0.070222028730 0.068396216941 0.066886486487 0.065734428236 0.065000000000 0.065734428236 0.066886486487 0.068396216941 0.070222028730 0.072329740444 0.074689738529 0.077275887021 0.080064968271 0.083036316016 0.086171529263 0.089454227237 0.092869830761 0.096405364667 0.100049278999 0.103791287837 0.107622224707 0.111533913527 0.115519053888 0.119571119462 0.123684268258 0.127853263527 0.132073404143 0.136340463377 0.140650635097 0.145000486470 0.149386916408 0.153807119006 0.158258551388 0.162738905375 0.167246082520 0.171778172071 0.176333431507 0.180910269314 0.185507229734 0.190122979235 0.194756294494 0.199406051715 0.204071217106 0.208750838391 0.213444037227 0.218150002421 0.222867983853 0.227597287026 0.232337268172 0.237087329847 0.241846916962 0.246615513207 0.246615513207 0.125092923250 0.120841381172 0.116641825249 0.112499342594 0.108419641449 0.104409138544 0.100475059579 0.096625554662 0.092869830761 0.089218303332 0.085682769426 0.082276604631 0.079014986313 0.075915145892 0.072996653914 0.070281744764 0.067795696848 0.065567309478 0.063629591934 0.062021020242 0.060788660837 0.060000000000 0.060788660837 0.062021020242 0.063629591934 0.065567309478 0.067795696848 0.070281744764 0.072996653914 0.075915145892 0.079014986313 0.082276604631 0.085682769426 0.089218303332 0.092869830761 0.096625554662 0.100475059579 0.104409138544 0.108419641449 0.112499342594 0.116641825249 0.120841381172 0.125092923250 0.129391909562 0.133734277373 0.138116385750 0.142534965627 0.146987076329 0.151470067662 0.155981546831 0.160519349529 0.165081514621 0.169666261964 0.174271972929 0.178897173270 0.183540518038 0.188200778270 0.192876829223 0.197567639959 0.202272264112 0.206989831683 0.211719541740 0.216460655921 0.221212492623 0.225974421814 0.230745860390 0.235526268002 0.240315143318 0.245112020654 0.249916466943 0.254728078999 0.259546481044 0.264371322474 0.269202275833 0.274039034977 0.278881313404 0.283728842737 0.288581371343 0.293438663073 0.298300496112 0.303166661930 0.308036964317 0.312911218506 0.317789250366 0.322670895657 0.327555999355 0.332444415018 0.337336004218 0.342230636003 0.347128186407 0.352028538002 0.356931579474 0.361837205239 0.366745315082 0.371655813827 0.376568611028 0.381483620680 0.386400760958 0.391319953966 
0.269202274926 0.264371322290 0.259546481012 0.254728078995 0.249916466943 0.245112020654 0.240315143318 0.235526268002 0.230745860390 0.225974421814 0.221212492623 0.216460655921 0.211719541740 0.206989831683 0.202272264112 0.197567639959 0.192876829223 0.188200778270 0.183540518038 0.178897173270 0.174271972929 0.169666261964 0.165081514621 0.160519349529 0.155981546831 0.151470067662 0.146987076329 0.142534965627 0.138116385750 0.133734277373 0.129391909562 0.125092923250 0.120841381172 0.116641825249 0.112499342594 0.108419641449 0.104409138544 0.100475059579 0.096625554662 0.092869830761 0.089218303332 0.085682769426 0.082276604631 0.079014986313 0.075915145892 0.072996653914 0.070281744764 0.067795696848 0.065567309478 0.063629591934 0.062021020242 0.060788660837 0.060000000000 0.060788660837 0.062021020242 0.063629591934 0.065567309478 0.067795696848 0.070281744764 0.072996653914 0.075915145892 0.079014986313 0.082276604631 0.085682769426 0.089218303332 0.092869830761 0.096625554662 0.100475059579 0.104409138544 0.108419641449 0.112499342594 0.116641825249 0.120841381172 0.125092923250 0.129391909562 0.133734277373 0.138116385750 0.142534965627 0.146987076329 0.151470067662 0.155981546831 0.160519349529 0.165081514621 0.169666261964 0.174271972929 0.178897173270 0.183540518038 0.188200778270 0.192876829223 0.197567639959 0.202272264112 0.206989831683 0.211719541740 0.216460655921 0.221212492623 0.225974421814 0.230745860390 0.235526268002 0.240315143318 0.245112020654 0.245112020654 0.122461499690 0.118127761809 0.113841854274 0.109608661262 0.105433696631 0.101323199028 0.097284242772 0.093324867161 0.089454227237 0.085682769426 0.082022435918 0.078486902012 0.075091851168 0.071855293114 0.068797931692 0.065943592419 0.063319728827 0.060958052410 0.058895408043 0.057175270528 0.055851251183 0.055000000000 0.055851251183 0.057175270528 0.058895408043 0.060958052410 0.063319728827 0.065943592419 0.068797931692 0.071855293114 0.075091851168 0.078486902012 0.082022435918 0.085682769426 0.089454227237 0.093324867161 0.097284242772 0.101323199028 0.105433696631 0.109608661262 0.113841854274 0.118127761809 0.122461499690 0.126838731799 0.131255599945 0.135708663553 0.140194847710 0.144711398342 0.149255843483 0.153825959742 0.158419743214 0.163035384206 0.167671245223 0.172325841764 0.176997825537 0.181685969746 0.186389156187 0.191106363893 0.195836659129 0.200579186566 0.205333161462 0.210097862742 0.214872626852 0.219656842289 0.224449944732 0.229251412693 0.234060763630 0.238877550466 0.243701358462 0.248531802417 0.253368524137 0.258211190165 0.263059489720 0.267913132847 0.272771848731 0.277635384177 0.282503502226 0.287375980896 0.292252612041 0.297133200307 0.302017562179 0.306905525118 0.311796926760 0.316691614190 0.321589443279 0.326490278066 0.331393990200 0.336300458421 0.341209568083 0.346121210718 0.351035283630 0.355951689519 0.360870336139 0.365791135976 0.370714005953 0.375638867157 0.380565644582 0.385494266895 0.390424666216 
0.267913129227 0.263059488978 0.258211190031 0.253368524117 0.248531802415 0.243701358462 0.238877550466 0.234060763630 0.229251412693 0.224449944732 0.219656842289 0.214872626852 0.210097862742 0.205333161462 0.200579186566 0.195836659129 0.191106363893 0.186389156187 0.181685969746 0.176997825537 0.172325841764 0.167671245223 0.163035384206 0.158419743214 0.153825959742 0.149255843483 0.144711398342 0.140194847710 0.135708663553 0.131255599945 0.126838731799 0.122461499690 0.118127761809 0.113841854274 0.109608661262 0.105433696631 0.101323199028 0.097284242772 0.093324867161 0.089454227237 0.085682769426 0.082022435918 0.078486902012 0.075091851168 0.071855293114 0.068797931692 0.065943592419 0.063319728827 0.060958052410 0.058895408043 0.057175270528 0.055851251183 0.055000000000 0.055851251183 0.057175270528 0.058895408043 0.060958052410 0.063319728827 0.065943592419 0.068797931692 0.071855293114 0.075091851168 0.078486902012 0.082022435918 0.085682769426 0.089454227237 0.093324867161 0.097284242772 0.101323199028 0.105433696631 0.109608661262 0.113841854274 0.118127761809 0.122461499690 0.126838731799 0.131255599945 0.135708663553 0.140194847710 0.144711398342 0.149255843483 0.153825959742 0.158419743214 0.163035384206 0.167671245223 0.172325841764 0.176997825537 0.181685969746 0.186389156187 0.191106363893 0.195836659129 0.200579186566 0.205333161462 0.210097862742 0.214872626852 0.219656842289 0.224449944732 0.229251412693 0.234060763630 0.238877550466 0.243701358462 0.243701358462 0.119967764345 0.115552689653 0.111181012880 0.106857357875 0.102586977563 0.098375855756 0.094230827508 0.090159721577 0.086171529263 0.082276604631 0.078486902012 0.074816257686 0.071280723780 0.067898963864 0.064692721914 0.061687380507 0.058912634035 0.056403329783 0.054200610184 0.052353759066 0.050924246878 0.050000000000 0.050924246878 0.052353759066 0.054200610184 0.056403329783 0.058912634035 0.061687380507 0.064692721914 0.067898963864 0.071280723780 0.074816257686 0.078486902012 0.082276604631 0.086171529263 0.090159721577 0.094230827508 0.098375855756 0.102586977563 0.106857357875 0.111181012880 0.115552689653 0.119967764345 0.124422155902 0.128912252813 0.133434850786 0.137987099601 0.142566457692 0.147170653238 0.151797650747 0.156445622294 0.161112922702 0.165798068073 0.170499717170 0.175216655240 0.179947779920 0.184692088922 0.189448669269 0.194216687841 0.198995383071 0.203784057628 0.208582071955 0.213388838559 0.218203816943 0.223026509109 0.227856455554 0.232693231707 0.237536444734 0.242385730697 0.247240751992 0.252101195057 0.256966768312 0.261837200301 0.266712238014 0.271591645377 0.276475201881 0.281362701340 0.286253950768 0.291148769355 0.296046987536 0.300948446144 0.305852995637 0.310760495391 0.315670813055 0.320583823958 0.325499410572 0.330417462009 0.335337873567 0.340260546312 0.345185386686 0.350112306156 0.355041220885 0.359972051423 0.364904722434 0.369839162431 0.374775303538 0.379713081268 0.384652434315 0.389593304362 
0.266712222762 0.261837197144 0.256966767733 0.252101194966 0.247240751981 0.242385730697 0.237536444734 0.232693231707 0.227856455554 0.223026509109 0.218203816943 0.213388838559 0.208582071955 0.203784057628 0.198995383071 0.194216687841 0.189448669269 0.184692088922 0.179947779920 0.175216655240 0.170499717170 0.165798068073 0.161112922702 0.156445622294 0.151797650747 0.147170653238 0.142566457692 0.137987099601 0.133434850786 0.128912252813 0.124422155902 0.119967764345 0.115552689653 0.111181012880 0.106857357875 0.102586977563 0.098375855756 0.094230827508 0.090159721577 0.086171529263 0.082276604631 0.078486902012 0.074816257686 0.071280723780 0.067898963864 0.064692721914 0.061687380507 0.058912634035 0.056403329783 0.054200610184 0.052353759066 0.050924246878 0.050000000000 0.050924246878 0.052353759066 0.054200610184 0.056403329783 0.058912634035 0.061687380507 0.064692721914 0.067898963864 0.071280723780 0.074816257686 0.078486902012 0.082276604631 0.086171529263 0.090159721577 0.094230827508 0.098375855756 0.102586977563 0.106857357875 0.111181012880 0.115552689653 0.119967764345 0.124422155902 0.128912252813 0.133434850786 0.137987099601 0.142566457692 0.147170653238 0.151797650747 0.156445622294 0.161112922702 0.165798068073 0.170499717170 0.175216655240 0.179947779920 0.184692088922 0.189448669269 0.194216687841 0.198995383071 0.203784057628 0.208582071955 0.213388838559 0.218203816943 0.223026509109 0.227856455554 0.232693231707 0.237536444734 0.242385730697 0.242385730697 0.117621039933 0.113126078397 0.108669836383 0.104256617213 0.099891341621 0.095579654616 0.091328053577 0.087144042205 0.083036316016 0.079014986313 0.075091851168 0.071280723780 0.067597830914 0.064062297008 0.060696733548 0.057527959631 0.054587892173 0.051914674486 0.049554198564 0.047562465409 0.046010412560 0.045000000000 0.046010412560 0.047562465409 0.049554198564 0.051914674486 0.054587892173 0.057527959631 0.060696733548 0.064062297008 0.067597830914 0.071280723780 0.075091851168 0.079014986313 0.083036316016 0.087144042205 0.091328053577 0.095579654616 0.099891341621 0.104256617213 0.108669836383 0.113126078397 0.117621039933 0.122150945683 0.126712473341 0.131302690479 0.135919001265 0.140559101353 0.145220939573 0.149902685297 0.154602700565 0.159319516195 0.164051811260 0.168798395399 0.173558193533 0.178330232620 0.183113630152 0.187907584132 0.192711364323 0.197524304590 0.202345796180 0.207175281809 0.212012250453 0.216856232748 0.221706796915 0.226563545143 0.231426110382 0.236294153477 0.241167360618 0.246045441057 0.250928125062 0.255815162088 0.260706319122 0.265601379205 0.270500140093 0.275402413049 0.280308021749 0.285216801293 0.290128597310 0.295043265138 0.299960669088 0.304880681763 0.309803183444 0.314728061528 0.319655210013 0.324584529028 0.329515924398 0.334449307252 0.339384593657 0.344321704284 0.349260564100 0.354201102083 0.359143250963 0.364086946977 0.369032129646 0.373978741571 0.378926728239 0.383876037844 0.388826621128 
0.265601310872 0.260706304864 0.255815159445 0.250928124642 0.246045441003 0.241167360613 0.236294153477 0.231426110382 0.226563545143 0.221706796915 0.216856232748 0.212012250453 0.207175281809 0.202345796180 0.197524304590 0.192711364323 0.187907584132 0.183113630152 0.178330232620 0.173558193533 0.168798395399 0.164051811260 0.159319516195 0.154602700565 0.149902685297 0.145220939573 0.140559101353 0.135919001265 0.131302690479 0.126712473341 0.122150945683 0.117621039933 0.113126078397 0.108669836383 0.104256617213 0.099891341621 0.095579654616 0.091328053577 0.087144042205 0.083036316016 0.079014986313 0.075091851168 0.071280723780 0.067597830914 0.064062297008 0.060696733548 0.057527959631 0.054587892173 0.051914674486 0.049554198564 0.047562465409 0.046010412560 0.045000000000 0.046010412560 0.047562465409 0.049554198564 0.051914674486 0.054587892173 0.057527959631 0.060696733548 0.064062297008 0.067597830914 0.071280723780 0.075091851168 0.079014986313 0.083036316016 0.087144042205 0.091328053577 0.095579654616 0.099891341621 0.104256617213 0.108669836383 0.113126078397 0.117621039933 0.122150945683 0.126712473341 0.131302690479 0.135919001265 0.140559101353 0.145220939573 0.149902685297 0.154602700565 0.159319516195 0.164051811260 0.168798395399 0.173558193533 0.178330232620 0.183113630152 0.187907584132 0.192711364323 0.197524304590 0.202345796180 0.207175281809 0.212012250453 0.216856232748 0.221706796915 0.226563545143 0.231426110382 0.236294153477 0.241167360618 0.241167360618 0.115431217843 0.110858501030 0.106319624359 0.101818509545 0.097359671190 0.092948326319 0.088590527532 0.084293325532 0.080064968271 0.075915145892 0.071855293114 0.067898963864 0.064062297008 0.060364597372 0.056829063466 0.053483704033 0.050362503765 0.047506936584 0.044968023792 0.042809452475 0.041113570061 0.040000000000 0.041113570061 0.042809452475 0.044968023792 0.047506936584 0.050362503765 0.053483704033 0.056829063466 0.060364597372 0.064062297008 0.067898963864 0.071855293114 0.075915145892 0.080064968271 0.084293325532 0.088590527532 0.092948326319 0.097359671190 0.101818509545 0.106319624359 0.110858501030 0.115431217843 0.120034355526 0.124664922261 0.129320291268 0.133998148661 0.138696449704 0.143413381991 0.148147334342 0.152896870419 0.157660706286 0.162437691246 0.167226791438 0.172027075730 0.176837703575 0.181657914503 0.186487019018 0.191324390683 0.196169459219 0.201021704473 0.205880651142 0.210745864124 0.215616944435 0.220493525607 0.225375270491 0.230261868440 0.235153032789 0.240048498625 0.244948020794 0.249851372119 0.254758341804 0.259668734007 0.264582366555 0.269499069787 0.274418685512 0.279341066069 0.284266073473 0.289193578652 0.294123460739 0.299055606442 0.303989909468 0.308926269992 0.313864594182 0.318804793760 0.323746785599 0.328690491357 0.333635837145 0.338582753212 0.343531173668 0.348481036218 0.353432281926 0.358384854992 0.363338702547 0.368293774468 0.373250023201 0.378207403599 0.383165872775 0.388125389963 
0.264582038493 0.259668664995 0.254758328886 0.249851370037 0.244948020521 0.240048498599 0.235153032787 0.230261868440 0.225375270491 0.220493525607 0.215616944435 0.210745864124 0.205880651142 0.201021704473 0.196169459219 0.191324390683 0.186487019018 0.181657914503 0.176837703575 0.172027075730 0.167226791438 0.162437691246 0.157660706286 0.152896870419 0.148147334342 0.143413381991 0.138696449704 0.133998148661 0.129320291268 0.124664922261 0.120034355526 0.115431217843 0.110858501030 0.106319624359 0.101818509545 0.097359671190 0.092948326319 0.088590527532 0.084293325532 0.080064968271 0.075915145892 0.071855293114 0.067898963864 0.064062297008 0.060364597372 0.056829063466 0.053483704033 0.050362503765 0.047506936584 0.044968023792 0.042809452475 0.041113570061 0.040000000000 0.041113570061 0.042809452475 0.044968023792 0.047506936584 0.050362503765 0.053483704033 0.056829063466 0.060364597372 0.064062297008 0.067898963864 0.071855293114 0.075915145892 0.080064968271 0.084293325532 0.088590527532 0.092948326319 0.097359671190 0.101818509545 0.106319624359 0.110858501030 0.115431217843 0.120034355526 0.124664922261 0.129320291268 0.133998148661 0.138696449704 0.143413381991 0.148147334342 0.152896870419 0.157660706286 0.162437691246 0.167226791438 0.172027075730 0.176837703575 0.181657914503 0.186487019018 0.191324390683 0.196169459219 0.201021704473 0.205880651142 0.210745864124 0.215616944435 0.220493525607 0.225375270491 0.230261868440 0.235153032789 0.240048498625 0.240048498625 0.113408778487 0.108761217413 0.104142478194 0.099556041748 0.095005942992 0.090496879863 0.086034347771 0.081624806303 0.077275887021 0.072996653914 0.068797931692 0.064692721914 0.060696733548 0.056829063466 0.053113075002 0.049577541096 0.046258148022 0.043199510225 0.040457971700 0.038105838669 0.036239150945 0.035000000000 0.036239150945 0.038105838669 0.040457971700 0.043199510225 0.046258148022 0.049577541096 0.053113075002 0.056829063466 0.060696733548 0.064692721914 0.068797931692 0.072996653914 0.077275887021 0.081624806303 0.086034347771 0.090496879863 0.095005942992 0.099556041748 0.104142478194 0.108761217413 0.113408778487 0.118082145632 0.122778695414 0.127496136834 0.132232461766 0.136985903792 0.141754903835 0.146538081368 0.151334210171 0.156142197860 0.160961068516 0.165789947898 0.170628050815 0.175474670289 0.180329168249 0.185190967484 0.190059544694 0.194934424446 0.199815173915 0.204701398298 0.209592736791 0.214488859066 0.219389462167 0.224294267772 0.229203019778 0.234115482157 0.239031437051 0.243950683081 0.248873033839 0.253798316538 0.258726370803 0.263657047594 0.268590208231 0.273525723520 0.278463472963 0.283403344047 0.288345231603 0.293289037218 0.298234668709 0.303182039644 0.308131068901 0.313081680274 0.318033802105 0.322987366960 0.327942311316 0.332898575291 0.337856102386 0.342814839253 0.347774735478 0.352735743385 0.357697817854 0.362660916153 0.367624997783 0.372590024337 0.377555959364 0.382522768251 0.387490418106 
0.263655344978 0.258726009546 0.253798248238 0.248873022695 0.243950681594 0.239031436905 0.234115482149 0.229203019778 0.224294267772 0.219389462167 0.214488859066 0.209592736791 0.204701398298 0.199815173915 0.194934424446 0.190059544694 0.185190967484 0.180329168249 0.175474670289 0.170628050815 0.165789947898 0.160961068516 0.156142197860 0.151334210171 0.146538081368 0.141754903835 0.136985903792 0.132232461766 0.127496136834 0.122778695414 0.118082145632 0.113408778487 0.108761217413 0.104142478194 0.099556041748 0.095005942992 0.090496879863 0.086034347771 0.081624806303 0.077275887021 0.072996653914 0.068797931692 0.064692721914 0.060696733548 0.056829063466 0.053113075002 0.049577541096 0.046258148022 0.043199510225 0.040457971700 0.038105838669 0.036239150945 0.035000000000 0.036239150945 0.038105838669 0.040457971700 0.043199510225 0.046258148022 0.049577541096 0.053113075002 0.056829063466 0.060696733548 0.064692721914 0.068797931692 0.072996653914 0.077275887021 0.081624806303 0.086034347771 0.090496879863 0.095005942992 0.099556041748 0.104142478194 0.108761217413 0.113408778487 0.118082145632 0.122778695414 0.127496136834 0.132232461766 0.136985903792 0.141754903835 0.146538081368 0.151334210171 0.156142197860 0.160961068516 0.165789947898 0.170628050815 0.175474670289 0.180329168249 0.185190967484 0.190059544694 0.194934424446 0.199815173915 0.204701398298 0.209592736791 0.214488859066 0.219389462167 0.224294267772 0.229203019778 0.234115482157 0.239031437051 0.239031437051 0.111564821852 0.106846211403 0.102151347679 0.097483217271 0.092845306583 0.088241706404 0.083677242757 0.079157641721 0.074689738529 0.070281744764 0.065943592419 0.061687380507 0.057527959631 0.053483704033 0.049577541096 0.045838339360 0.042302805454 0.039018126900 0.036045776078 0.033467360800 0.031395133507 0.030000000000 0.031395133507 0.033467360800 0.036045776078 0.039018126900 0.042302805454 0.045838339360 0.049577541096 0.053483704033 0.057527959631 0.061687380507 0.065943592419 0.070281744764 0.074689738529 0.079157641721 0.083677242757 0.088241706404 0.092845306583 0.097483217271 0.102151347679 0.106846211403 0.111564821852 0.116304608141 0.121063347013 0.125839107428 0.130630205190 0.135435165610 0.140252692603 0.145081643009 0.149921005124 0.154769880702 0.159627469775 0.164493057808 0.169366004790 0.174245735926 0.179131733673 0.184023530893 0.188920704957 0.193822872644 0.198729685722 0.203640827094 0.208556007442 0.213474962292 0.218397449438 0.223323246672 0.228252149788 0.233183970817 0.238118536464 0.243055686717 0.247995273613 0.252937160138 0.257881219242 0.262827332957 0.267775391610 0.272725293115 0.277676942327 0.282630250477 0.287585134644 0.292541517290 0.297499325830 0.302458492249 0.307418952750 0.312380647436 0.317343520015 0.322307517539 0.327272590158 0.332238690901 0.337205775471 0.342173802060 0.347142731176 0.352112525488 0.357083149679 0.362054570314 0.367026755718 0.371999675862 0.376973302256 0.381947607855 0.386922566968 
0.262817698152 0.257879151532 0.252936765012 0.247995208313 0.243055677857 0.238118535574 0.233183970767 0.228252149788 0.223323246672 0.218397449438 0.213474962292 0.208556007442 0.203640827094 0.198729685722 0.193822872644 0.188920704957 0.184023530893 0.179131733673 0.174245735926 0.169366004790 0.164493057808 0.159627469775 0.154769880702 0.149921005124 0.145081643009 0.140252692603 0.135435165610 0.130630205190 0.125839107428 0.121063347013 0.116304608141 0.111564821852 0.106846211403 0.102151347679 0.097483217271 0.092845306583 0.088241706404 0.083677242757 0.079157641721 0.074689738529 0.070281744764 0.065943592419 0.061687380507 0.057527959631 0.053483704033 0.049577541096 0.045838339360 0.042302805454 0.039018126900 0.036045776078 0.033467360800 0.031395133507 0.030000000000 0.031395133507 0.033467360800 0.036045776078 0.039018126900 0.042302805454 0.045838339360 0.049577541096 0.053483704033 0.057527959631 0.061687380507 0.065943592419 0.070281744764 0.074689738529 0.079157641721 0.083677242757 0.088241706404 0.092845306583 0.097483217271 0.102151347679 0.106846211403 0.111564821852 0.116304608141 0.121063347013 0.125839107428 0.130630205190 0.135435165610 0.140252692603 0.145081643009 0.149921005124 0.154769880702 0.159627469775 0.164493057808 0.169366004790 0.174245735926 0.179131733673 0.184023530893 0.188920704957 0.193822872644 0.198729685722 0.203640827094 0.208556007442 0.213474962292 0.218397449438 0.223323246672 0.228252149788 0.233183970817 0.238118536464 0.238118536464 0.109911124352 0.105126253666 0.100360102722 0.095615120793 0.090894187571 0.086200708704 0.081538737093 0.076913128172 0.072329740444 0.067795696848 0.063319728827 0.058912634035 0.054587892173 0.050362503765 0.046258148022 0.042302805454 0.038533072467 0.034997538561 0.031761878943 0.028916990041 0.026593716789 0.025000000000 0.026593716789 0.028916990041 0.031761878943 0.034997538561 0.038533072467 0.042302805454 0.046258148022 0.050362503765 0.054587892173 0.058912634035 0.063319728827 0.067795696848 0.072329740444 0.076913128172 0.081538737093 0.086200708704 0.090894187571 0.095615120793 0.100360102722 0.105126253666 0.109911124352 0.114712620096 0.119528940175 0.124358529006 0.129200036588 0.134052286234 0.138914248109 0.143785017394 0.148663796185 0.153549878397 0.158442637127 0.163341514020 0.168246010276 0.173155679032 0.178070118858 0.182988968202 0.187911900619 0.192838620664 0.197768860338 0.202702376012 0.207638945750 0.212578366969 0.217520454400 0.222465038298 0.227411962859 0.232361084838 0.237312272316 0.242265403615 0.247220366332 0.252177056479 0.257135377716 0.262095240669 0.267056562312 0.272019265424 0.276983278089 0.281948533255 0.286914968330 0.291882524823 0.296851148012 0.301820786653 0.306791392704 0.311762921084 0.316735329448 0.321708577987 0.326682629237 0.331657447914 0.336633000759 0.341609256393 0.346586185187 0.351563759144 0.356541951790 0.361520738068 0.366500094249 0.371479997843 0.376460427522 0.381441363046 0.386422785190 
0.262036188538 0.257122305780 0.252174520042 0.247219941343 0.242265344969 0.237312266288 0.232361084485 0.227411962859 0.222465038298 0.217520454400 0.212578366969 0.207638945750 0.202702376012 0.197768860338 0.192838620664 0.187911900619 0.182988968202 0.178070118858 0.173155679032 0.168246010276 0.163341514020 0.158442637127 0.153549878397 0.148663796185 0.143785017394 0.138914248109 0.134052286234 0.129200036588 0.124358529006 0.119528940175 0.114712620096 0.109911124352 0.105126253666 0.100360102722 0.095615120793 0.090894187571 0.086200708704 0.081538737093 0.076913128172 0.072329740444 0.067795696848 0.063319728827 0.058912634035 0.054587892173 0.050362503765 0.046258148022 0.042302805454 0.038533072467 0.034997538561 0.031761878943 0.028916990041 0.026593716789 0.025000000000 0.026593716789 0.028916990041 0.031761878943 0.034997538561 0.038533072467 0.042302805454 0.046258148022 0.050362503765 0.054587892173 0.058912634035 0.063319728827 0.067795696848 0.072329740444 0.076913128172 0.081538737093 0.086200708704 0.090894187571 0.095615120793 0.100360102722 0.105126253666 0.109911124352 0.114712620096 0.119528940175 0.124358529006 0.129200036588 0.134052286234 0.138914248109 0.143785017394 0.148663796185 0.153549878397 0.158442637127 0.163341514020 0.168246010276 0.173155679032 0.178070118858 0.182988968202 0.187911900619 0.192838620664 0.197768860338 0.202702376012 0.207638945750 0.212578366969 0.217520454400 0.222465038298 0.227411962859 0.232361084838 0.237312272316 0.237312272316 0.108460258223 0.103615027284 0.098783667982 0.093968065993 0.089170454377 0.084393495188 0.079640384619 0.074914989806 0.070222028730 0.065567309478 0.060958052410 0.056403329783 0.051914674486 0.047506936584 0.043199510225 0.039018126900 0.034997538561 0.031185648369 0.027650114463 0.024489530116 0.021854511497 0.020000000000 0.021854511497 0.024489530116 0.027650114463 0.031185648369 0.034997538561 0.039018126900 0.043199510225 0.047506936584 0.051914674486 0.056403329783 0.060958052410 0.065567309478 0.070222028730 0.074914989806 0.079640384619 0.084393495188 0.089170454377 0.093968065993 0.098783667982 0.103615027284 0.108460258223 0.113317758590 0.118186159143 0.123064283388 0.127951115320 0.132845773337 0.137747489038 0.142655589854 0.147569484753 0.152488652400 0.157412631299 0.162341011548 0.167273427904 0.172209553932 0.177149097037 0.182091794233 0.187037408529 0.191985725827 0.196936552247 0.201889711819 0.206845044479 0.211802404326 0.216761658107 0.221722683882 0.226685369861 0.231649613376 0.236615319980 0.241582402640 0.246550781034 0.251520380922 0.256491133579 0.261462975302 0.266435846958 0.271409693588 0.276384464044 0.281360110669 0.286336589004 0.291313857528 0.296291877418 0.301270612336 0.306250028237 0.311230093186 0.316210777203 0.321192052115 0.326173891423 0.331156270176 0.336139164869 0.341122553331 0.346106414637 0.351090729022 0.356075477801 0.361060643296 0.366046208773 0.371032158373 0.376018477064 0.381005150582 0.385992165386 
0.261112199229 0.256401600367 0.251502099103 0.246547650652 0.241581962513 0.236615273633 0.231649610571 0.226685369856 0.221722683882 0.216761658107 0.211802404326 0.206845044479 0.201889711819 0.196936552247 0.191985725827 0.187037408529 0.182091794233 0.177149097037 0.172209553932 0.167273427904 0.162341011548 0.157412631299 0.152488652400 0.147569484753 0.142655589854 0.137747489038 0.132845773337 0.127951115320 0.123064283388 0.118186159143 0.113317758590 0.108460258223 0.103615027284 0.098783667982 0.093968065993 0.089170454377 0.084393495188 0.079640384619 0.074914989806 0.070222028730 0.065567309478 0.060958052410 0.056403329783 0.051914674486 0.047506936584 0.043199510225 0.039018126900 0.034997538561 0.031185648369 0.027650114463 0.024489530116 0.021854511497 0.020000000000 0.021854511497 0.024489530116 0.027650114463 0.031185648369 0.034997538561 0.039018126900 0.043199510225 0.047506936584 0.051914674486 0.056403329783 0.060958052410 0.065567309478 0.070222028730 0.074914989806 0.079640384619 0.084393495188 0.089170454377 0.093968065993 0.098783667982 0.103615027284 0.108460258223 0.113317758590 0.118186159143 0.123064283388 0.127951115320 0.132845773337 0.137747489038 0.142655589854 0.147569484753 0.152488652400 0.157412631299 0.162341011548 0.167273427904 0.172209553932 0.177149097037 0.182091794233 0.187037408529 0.191985725827 0.196936552247 0.201889711819 0.206845044479 0.211802404326 0.216761658107 0.221722683882 0.226685369861 0.231649613376 0.236615319980 0.236615319980 0.107225860741 0.102327406495 0.097438313946 0.092559903081 0.087693748274 0.082841741370 0.078006174149 0.073189847395 0.068396216941 0.063629591934 0.058895408043 0.054200610184 0.049554198564 0.044968023792 0.040457971700 0.036045776078 0.031761878943 0.027650114463 0.023775749150 0.020240215244 0.017211152034 0.015000000000 0.017211152034 0.020240215244 0.023775749150 0.027650114463 0.031761878943 0.036045776078 0.040457971700 0.044968023792 0.049554198564 0.054200610184 0.058895408043 0.063629591934 0.068396216941 0.073189847395 0.078006174149 0.082841741370 0.087693748274 0.092559903081 0.097438313946 0.102327406495 0.107225860741 0.112132562327 0.117046564450 0.121967057868 0.126893347067 0.131824831177 0.136760988562 0.141701364316 0.146645560018 0.151593225317 0.156544050961 0.161497762992 0.166454117897 0.171412898530 0.176373910661 0.181336980062 0.186301950010 0.191268679164 0.196237039734 0.201206915909 0.206178202493 0.211150803726 0.216124632254 0.221099608236 0.226075658556 0.231052716134 0.236030719321 0.241009611361 0.245989339920 0.250969856665 0.255951116892 0.260933079193 0.265915705159 0.270898959113 0.275882807877 0.280867220555 0.285852168341 0.290837624347 0.295823563447 0.300809962134 0.305796798395 0.310784051592 0.315771702358 0.320759732501 0.325748124916 0.330736863508 0.335725933114 0.340715319442 0.345705009005 0.350694989069 0.355685247599 0.360675773213 0.365666555137 0.370657583169 0.375648847637 0.380640339366 0.385632049651 
0.259435816708 0.255404159959 0.250828719158 0.245962893178 0.241005766742 0.236030303245 0.231052690033 0.226075658512 0.221099608236 0.216124632254 0.211150803726 0.206178202493 0.201206915909 0.196237039734 0.191268679164 0.186301950010 0.181336980062 0.176373910661 0.171412898530 0.166454117897 0.161497762992 0.156544050961 0.151593225317 0.146645560018 0.141701364316 0.136760988562 0.131824831177 0.126893347067 0.121967057868 0.117046564450 0.112132562327 0.107225860741 0.102327406495 0.097438313946 0.092559903081 0.087693748274 0.082841741370 0.078006174149 0.073189847395 0.068396216941 0.063629591934 0.058895408043 0.054200610184 0.049554198564 0.044968023792 0.040457971700 0.036045776078 0.031761878943 0.027650114463 0.023775749150 0.020240215244 0.017211152034 0.015000000000 0.017211152034 0.020240215244 0.023775749150 0.027650114463 0.031761878943 0.036045776078 0.040457971700 0.044968023792 0.049554198564 0.054200610184 0.058895408043 0.063629591934 0.068396216941 0.073189847395 0.078006174149 0.082841741370 0.087693748274 0.092559903081 0.097438313946 0.102327406495 0.107225860741 0.112132562327 0.117046564450 0.121967057868 0.126893347067 0.131824831177 0.136760988562 0.141701364316 0.146645560018 0.151593225317 0.156544050961 0.161497762992 0.166454117897 0.171412898530 0.176373910661 0.181336980062 0.186301950010 0.191268679164 0.196237039734 0.201206915909 0.206178202493 0.211150803726 0.216124632254 0.221099608236 0.226075658556 0.231052716134 0.236030719321 0.236030719321 0.106223291046 0.101280136684 0.096342363477 0.091410756706 0.086486259560 0.081570014333 0.076663417060 0.071768190944 0.066886486487 0.062021020242 0.057175270528 0.052353759066 0.047562465409 0.042809452475 0.038105838669 0.033467360800 0.028916990041 0.024489530116 0.020240215244 0.016262178533 0.012726644627 0.010000000000 0.012726644627 0.016262178533 0.020240215244 0.024489530116 0.028916990041 0.033467360800 0.038105838669 0.042809452475 0.047562465409 0.052353759066 0.057175270528 0.062021020242 0.066886486487 0.071768190944 0.076663417060 0.081570014333 0.086486259560 0.091410756706 0.096342363477 0.101280136684 0.106223291046 0.111171167745 0.116123210164 0.121078944965 0.126037967197 0.130999928468 0.135964527476 0.140931502370 0.145900624543 0.150871693555 0.155844532951 0.160818986804 0.165794916828 0.170772199974 0.175750726393 0.180730397729 0.185711125658 0.190692830650 0.195675440908 0.200658891453 0.205643123339 0.210628082975 0.215613721526 0.220599994409 0.225586860835 0.230574283419 0.235562227832 0.240550662500 0.245539558328 0.250528888470 0.255518628111 0.260508754281 0.265499245689 0.270490082571 0.275481246556 0.280472720547 0.285464488614 0.290456535892 0.295448848498 0.300441413452 0.305434218601 0.310427252556 0.315420504637 0.320413964813 0.325407623657 0.330401472300 0.335395502392 0.340389706063 0.345384075891 0.350378604868 0.355373286373 0.360368114149 0.365363082271 0.370358185131 0.375353417415 0.380348774083 0.385344250353 
0.256478496323 0.253387890759 0.249678181229 0.245309519241 0.240511031470 0.235557686376 0.230573986318 0.225586860345 0.220599994409 0.215613721526 0.210628082975 0.205643123339 0.200658891453 0.195675440908 0.190692830650 0.185711125658 0.180730397729 0.175750726393 0.170772199974 0.165794916828 0.160818986804 0.155844532951 0.150871693555 0.145900624543 0.140931502370 0.135964527476 0.130999928468 0.126037967197 0.121078944965 0.116123210164 0.111171167745 0.106223291046 0.101280136684 0.096342363477 0.091410756706 0.086486259560 0.081570014333 0.076663417060 0.071768190944 0.066886486487 0.062021020242 0.057175270528 0.052353759066 0.047562465409 0.042809452475 0.038105838669 0.033467360800 0.028916990041 0.024489530116 0.020240215244 0.016262178533 0.012726644627 0.010000000000 0.012726644627 0.016262178533 0.020240215244 0.024489530116 0.028916990041 0.033467360800 0.038105838669 0.042809452475 0.047562465409 0.052353759066 0.057175270528 0.062021020242 0.066886486487 0.071768190944 0.076663417060 0.081570014333 0.086486259560 0.091410756706 0.096342363477 0.101280136684 0.106223291046 0.111171167745 0.116123210164 0.121078944965 0.126037967197 0.130999928468 0.135964527476 0.140931502370 0.145900624543 0.150871693555 0.155844532951 0.160818986804 0.165794916828 0.170772199974 0.175750726393 0.180730397729 0.185711125658 0.190692830650 0.195675440908 0.200658891453 0.205643123339 0.210628082975 0.215613721526 0.220599994409 0.225586860835 0.230574283419 0.235562227832 0.235562227832 0.105471476602 0.100493755255 0.095518194407 0.090545119447 0.085574923798 0.080608087519 0.075645202313 0.070687005667 0.065734428236 0.060788660837 0.055851251183 0.050924246878 0.046010412560 0.041113570061 0.036239150945 0.031395133507 0.026593716789 0.021854511497 0.017211152034 0.012726644627 0.008535533906 0.005000000000 0.008535533906 0.012726644627 0.017211152034 0.021854511497 0.026593716789 0.031395133507 0.036239150945 0.041113570061 0.046010412560 0.050924246878 0.055851251183 0.060788660837 0.065734428236 0.070687005667 0.075645202313 0.080608087519 0.085574923798 0.090545119447 0.095518194407 0.100493755255 0.105471476602 0.110451087074 0.115432358602 0.120415098162 0.125399141320 0.130384347160 0.135370594236 0.140357777346 0.145345804909 0.150334596842 0.155324082820 0.160314200838 0.165304896022 0.170296119635 0.175287828251 0.180279983045 0.185272549212 0.190265495453 0.195258793551 0.200252418001 0.205246345694 0.210240555640 0.215235028735 0.220229747552 0.225224696164 0.230219859984 0.235215225629 0.240210780799 0.245206514168 0.250202415293 0.255198474526 0.260194682944 0.265191032278 0.270187514858 0.275184123560 0.280180851754 0.285177693266 0.290174642341 0.295171693602 0.300168842026 0.305166082911 0.310163411854 0.315160824726 0.320158317649 0.325155886983 0.330153529303 0.335151241384 0.340149020189 0.345146862854 0.350144766675 0.355142729100 0.360140747716 0.365138820238 0.370136944507 0.375135118473 0.380133340196 0.385131607834 
0.252548081936 0.250035569891 0.247246146599 0.243904344837 0.239829582734 0.235154283673 0.230215413417 0.225224688921 0.220229747552 0.215235028735 0.210240555640 0.205246345694 0.200252418001 0.195258793551 0.190265495453 0.185272549212 0.180279983045 0.175287828251 0.170296119635 0.165304896022 0.160314200838 0.155324082820 0.150334596842 0.145345804909 0.140357777346 0.135370594236 0.130384347160 0.125399141320 0.120415098162 0.115432358602 0.110451087074 0.105471476602 0.100493755255 0.095518194407 0.090545119447 0.085574923798 0.080608087519 0.075645202313 0.070687005667 0.065734428236 0.060788660837 0.055851251183 0.050924246878 0.046010412560 0.041113570061 0.036239150945 0.031395133507 0.026593716789 0.021854511497 0.017211152034 0.012726644627 0.008535533906 0.005000000000 0.008535533906 0.012726644627 0.017211152034 0.021854511497 0.026593716789 0.031395133507 0.036239150945 0.041113570061 0.046010412560 0.050924246878 0.055851251183 0.060788660837 0.065734428236 0.070687005667 0.075645202313 0.080608087519 0.085574923798 0.090545119447 0.095518194407 0.100493755255 0.105471476602 0.110451087074 0.115432358602 0.120415098162 0.125399141320 0.130384347160 0.135370594236 0.140357777346 0.145345804909 0.150334596842 0.155324082820 0.160314200838 0.165304896022 0.170296119635 0.175287828251 0.180279983045 0.185272549212 0.190265495453 0.195258793551 0.200252418001 0.205246345694 0.210240555640 0.215235028735 0.220229747552 0.225224696164 0.230219859984 0.235215225629 0.235215225629 0.105000000000 0.100000000000 0.095000000000 0.090000000000 0.085000000000 0.080000000000 0.075000000000 0.070000000000 0.065000000000 0.060000000000 0.055000000000 0.050000000000 0.045000000000 0.040000000000 0.035000000000 0.030000000000 0.025000000000 0.020000000000 0.015000000000 0.010000000000 0.005000000000 0.000000000000 0.005000000000 0.010000000000 0.015000000000 0.020000000000 0.025000000000 0.030000000000 0.035000000000 0.040000000000 0.045000000000 0.050000000000 0.055000000000 0.060000000000 0.065000000000 0.070000000000 0.075000000000 0.080000000000 0.085000000000 0.090000000000 0.095000000000 0.100000000000 0.105000000000 0.110000000000 0.115000000000 0.120000000000 0.125000000000 0.130000000000 0.135000000000 0.140000000000 0.145000000000 0.150000000000 0.155000000000 0.160000000000 0.165000000000 0.170000000000 0.175000000000 0.180000000000 0.185000000000 0.190000000000 0.195000000000 0.200000000000 0.205000000000 0.210000000000 0.215000000000 0.220000000000 0.225000000000 0.230000000000 0.235000000000 0.240000000000 0.245000000000 0.250000000000 0.255000000000 0.260000000000 0.265000000000 0.270000000000 0.275000000000 0.280000000000 0.285000000000 0.290000000000 0.295000000000 0.300000000000 0.305000000000 0.310000000000 0.315000000000 0.320000000000 0.325000000000 0.330000000000 0.335000000000 0.340000000000 0.345000000000 0.350000000000 0.355000000000 0.360000000000 0.365000000000 0.370000000000 0.375000000000 0.380000000000 0.385000000000 
0.248225202893 0.245885977418 0.243526958384 0.241006705486 0.238057132821 0.234374821939 0.229910997586 0.224999831791 0.220000000000 0.215000000000 0.210000000000 0.205000000000 0.200000000000 0.195000000000 0.190000000000 0.185000000000 0.180000000000 0.175000000000 0.170000000000 0.165000000000 0.160000000000 0.155000000000 0.150000000000 0.145000000000 0.140000000000 0.135000000000 0.130000000000 0.125000000000 0.120000000000 0.115000000000 0.110000000000 0.105000000000 0.100000000000 0.095000000000 0.090000000000 0.085000000000 0.080000000000 0.075000000000 0.070000000000 0.065000000000 0.060000000000 0.055000000000 0.050000000000 0.045000000000 0.040000000000 0.035000000000 0.030000000000 0.025000000000 0.020000000000 0.015000000000 0.010000000000 0.005000000000 0.000000000000 0.005000000000 0.010000000000 0.015000000000 0.020000000000 0.025000000000 0.030000000000 0.035000000000 0.040000000000 0.045000000000 0.050000000000 0.055000000000 0.060000000000 0.065000000000 0.070000000000 0.075000000000 0.080000000000 0.085000000000 0.090000000000 0.095000000000 0.100000000000 0.105000000000 0.110000000000 0.115000000000 0.120000000000 0.125000000000 0.130000000000 0.135000000000 0.140000000000 0.145000000000 0.150000000000 0.155000000000 0.160000000000 0.165000000000 0.170000000000 0.175000000000 0.180000000000 0.185000000000 0.190000000000 0.195000000000 0.200000000000 0.205000000000 0.210000000000 0.215000000000 0.220000000000 0.225000000000 0.230000000000 0.235000000000 0.235000000000 0.105471476602 0.100493755255 0.095518194407 0.090545119447 0.085574923798 0.080608087519 0.075645202313 0.070687005667 0.065734428236 0.060788660837 0.055851251183 0.050924246878 0.046010412560 0.041113570061 0.036239150945 0.031395133507 0.026593716789 0.021854511497 0.017211152034 0.012726644627 0.008535533906 0.005000000000 0.008535533906 0.012726644627 0.017211152034 0.021854511497 0.026593716789 0.031395133507 0.036239150945 0.041113570061 0.046010412560 0.050924246878 0.055851251183 0.060788660837 0.065734428236 0.070687005667 0.075645202313 0.080608087519 0.085574923798 0.090545119447 0.095518194407 0.100493755255 0.105471476602 0.110451087074 0.115432358602 0.120415098162 0.125399141320 0.130384347160 0.135370594236 0.140357777346 0.145345804909 0.150334596842 0.155324082820 0.160314200838 0.165304896022 0.170296119635 0.175287828251 0.180279983045 0.185272549212 0.190265495453 0.195258793551 0.200252418001 0.205246345694 0.210240555640 0.215235028735 0.220229747552 0.225224696164 0.230219859984 0.235215225629 0.240210780799 0.245206514168 0.250202415293 0.255198474526 0.260194682944 0.265191032278 0.270187514858 0.275184123560 0.280180851754 0.285177693266 0.290174642341 0.295171693602 0.300168842026 0.305166082911 0.310163411854 0.315160824726 0.320158317649 0.325155886983 0.330153529303 0.335151241384 0.340149020189 0.345146862854 0.350144766675 0.355142729100 0.360140747716 0.365138820238 0.370136944507 0.375135118473 0.380133340196 0.385131607834 
0.243806150486 0.241477459617 0.239208587703 0.236969377027 0.234674739205 0.232122207426 0.228972674322 0.224958818902 0.220225414309 0.215235028735 0.210240555640 0.205246345694 0.200252418001 0.195258793551 0.190265495453 0.185272549212 0.180279983045 0.175287828251 0.170296119635 0.165304896022 0.160314200838 0.155324082820 0.150334596842 0.145345804909 0.140357777346 0.135370594236 0.130384347160 0.125399141320 0.120415098162 0.115432358602 0.110451087074 0.105471476602 0.100493755255 0.095518194407 0.090545119447 0.085574923798 0.080608087519 0.075645202313 0.070687005667 0.065734428236 0.060788660837 0.055851251183 0.050924246878 0.046010412560 0.041113570061 0.036239150945 0.031395133507 0.026593716789 0.021854511497 0.017211152034 0.012726644627 0.008535533906 0.005000000000 0.008535533906 0.012726644627 0.017211152034 0.021854511497 0.026593716789 0.031395133507 0.036239150945 0.041113570061 0.046010412560 0.050924246878 0.055851251183 0.060788660837 0.065734428236 0.070687005667 0.075645202313 0.080608087519 0.085574923798 0.090545119447 0.095518194407 0.100493755255 0.105471476602 0.110451087074 0.115432358602 0.120415098162 0.125399141320 0.130384347160 0.135370594236 0.140357777346 0.145345804909 0.150334596842 0.155324082820 0.160314200838 0.165304896022 0.170296119635 0.175287828251 0.180279983045 0.185272549212 0.190265495453 0.195258793551 0.200252418001 0.205246345694 0.210240555640 0.215235028735 0.220229747552 0.225224696164 0.230219859984 0.235215225629 0.235215225629 0.106223291046 0.101280136684 0.096342363477 0.091410756706 0.086486259560 0.081570014333 0.076663417060 0.071768190944 0.066886486487 0.062021020242 0.057175270528 0.052353759066 0.047562465409 0.042809452475 0.038105838669 0.033467360800 0.028916990041 0.024489530116 0.020240215244 0.016262178533 0.012726644627 0.010000000000 0.012726644627 0.016262178533 0.020240215244 0.024489530116 0.028916990041 0.033467360800 0.038105838669 0.042809452475 0.047562465409 0.052353759066 0.057175270528 0.062021020242 0.066886486487 0.071768190944 0.076663417060 0.081570014333 0.086486259560 0.091410756706 0.096342363477 0.101280136684 0.106223291046 0.111171167745 0.116123210164 0.121078944965 0.126037967197 0.130999928468 0.135964527476 0.140931502370 0.145900624543 0.150871693555 0.155844532951 0.160818986804 0.165794916828 0.170772199974 0.175750726393 0.180730397729 0.185711125658 0.190692830650 0.195675440908 0.200658891453 0.205643123339 0.210628082975 0.215613721526 0.220599994409 0.225586860835 0.230574283419 0.235562227832 0.240550662500 0.245539558328 0.250528888470 0.255518628111 0.260508754281 0.265499245689 0.270490082571 0.275481246556 0.280472720547 0.285464488614 0.290456535892 0.295448848498 0.300441413452 0.305434218601 0.310427252556 0.315420504637 0.320413964813 0.325407623657 0.330401472300 0.335395502392 0.340389706063 0.345384075891 0.350378604868 0.355373286373 0.360368114149 0.365363082271 0.370358185131 0.375353417415 0.380348774083 0.385344250353 
0.239381537639 0.237021876576 0.234738024478 0.232527008596 0.230375369307 0.228238853047 0.225991237643 0.223347955481 0.219915492025 0.215549021784 0.210628082975 0.205643123339 0.200658891453 0.195675440908 0.190692830650 0.185711125658 0.180730397729 0.175750726393 0.170772199974 0.165794916828 0.160818986804 0.155844532951 0.150871693555 0.145900624543 0.140931502370 0.135964527476 0.130999928468 0.126037967197 0.121078944965 0.116123210164 0.111171167745 0.106223291046 0.101280136684 0.096342363477 0.091410756706 0.086486259560 0.081570014333 0.076663417060 0.071768190944 0.066886486487 0.062021020242 0.057175270528 0.052353759066 0.047562465409 0.042809452475 0.038105838669 0.033467360800 0.028916990041 0.024489530116 0.020240215244 0.016262178533 0.012726644627 0.010000000000 0.012726644627 0.016262178533 0.020240215244 0.024489530116 0.028916990041 0.033467360800 0.038105838669 0.042809452475 0.047562465409 0.052353759066 0.057175270528 0.062021020242 0.066886486487 0.071768190944 0.076663417060 0.081570014333 0.086486259560 0.091410756706 0.096342363477 0.101280136684 0.106223291046 0.111171167745 0.116123210164 0.121078944965 0.126037967197 0.130999928468 0.135964527476 0.140931502370 0.145900624543 0.150871693555 0.155844532951 0.160818986804 0.165794916828 0.170772199974 0.175750726393 0.180730397729 0.185711125658 0.190692830650 0.195675440908 0.200658891453 0.205643123339 0.210628082975 0.215613721526 0.220599994409 0.225586860835 0.230574283419 0.235562227832 0.235562227832 0.107225860741 0.102327406495 0.097438313946 0.092559903081 0.087693748274 0.082841741370 0.078006174149 0.073189847395 0.068396216941 0.063629591934 0.058895408043 0.054200610184 0.049554198564 0.044968023792 0.040457971700 0.036045776078 0.031761878943 0.027650114463 0.023775749150 0.020240215244 0.017211152034 0.015000000000 0.017211152034 0.020240215244 0.023775749150 0.027650114463 0.031761878943 0.036045776078 0.040457971700 0.044968023792 0.049554198564 0.054200610184 0.058895408043 0.063629591934 0.068396216941 0.073189847395 0.078006174149 0.082841741370 0.087693748274 0.092559903081 0.097438313946 0.102327406495 0.107225860741 0.112132562327 0.117046564450 0.121967057868 0.126893347067 0.131824831177 0.136760988562 0.141701364316 0.146645560018 0.151593225317 0.156544050961 0.161497762992 0.166454117897 0.171412898530 0.176373910661 0.181336980062 0.186301950010 0.191268679164 0.196237039734 0.201206915909 0.206178202493 0.211150803726 0.216124632254 0.221099608236 0.226075658556 0.231052716134 0.236030719321 0.241009611361 0.245989339920 0.250969856665 0.255951116892 0.260933079193 0.265915705159 0.270898959113 0.275882807877 0.280867220555 0.285852168341 0.290837624347 0.295823563447 0.300809962134 0.305796798395 0.310784051592 0.315771702358 0.320759732501 0.325748124916 0.330736863508 0.335725933114 0.340715319442 0.345705009005 0.350694989069 0.355685247599 0.360675773213 0.365666555137 0.370657583169 0.375648847637 0.380640339366 0.385632049651 
0.234973363451 0.232573953511 0.230253449942 0.228013645286 0.225854827494 0.223772509465 0.221747058169 0.219712271966 0.217479524532 0.214663380075 0.210868703299 0.206178202493 0.201206915909 0.196237039734 0.191268679164 0.186301950010 0.181336980062 0.176373910661 0.171412898530 0.166454117897 0.161497762992 0.156544050961 0.151593225317 0.146645560018 0.141701364316 0.136760988562 0.131824831177 0.126893347067 0.121967057868 0.117046564450 0.112132562327 0.107225860741 0.102327406495 0.097438313946 0.092559903081 0.087693748274 0.082841741370 0.078006174149 0.073189847395 0.068396216941 0.063629591934 0.058895408043 0.054200610184 0.049554198564 0.044968023792 0.040457971700 0.036045776078 0.031761878943 0.027650114463 0.023775749150 0.020240215244 0.017211152034 0.015000000000 0.017211152034 0.020240215244 0.023775749150 0.027650114463 0.031761878943 0.036045776078 0.040457971700 0.044968023792 0.049554198564 0.054200610184 0.058895408043 0.063629591934 0.068396216941 0.073189847395 0.078006174149 0.082841741370 0.087693748274 0.092559903081 0.097438313946 0.102327406495 0.107225860741 0.112132562327 0.117046564450 0.121967057868 0.126893347067 0.131824831177 0.136760988562 0.141701364316 0.146645560018 0.151593225317 0.156544050961 0.161497762992 0.166454117897 0.171412898530 0.176373910661 0.181336980062 0.186301950010 0.191268679164 0.196237039734 0.201206915909 0.206178202493 0.211150803726 0.216124632254 0.221099608236 0.226075658556 0.231052716134 0.236030719321 0.236030719321 0.108460258223 0.103615027284 0.098783667982 0.093968065993 0.089170454377 0.084393495188 0.079640384619 0.074914989806 0.070222028730 0.065567309478 0.060958052410 0.056403329783 0.051914674486 0.047506936584 0.043199510225 0.039018126900 0.034997538561 0.031185648369 0.027650114463 0.024489530116 0.021854511497 0.020000000000 0.021854511497 0.024489530116 0.027650114463 0.031185648369 0.034997538561 0.039018126900 0.043199510225 0.047506936584 0.051914674486 0.056403329783 0.060958052410 0.065567309478 0.070222028730 0.074914989806 0.079640384619 0.084393495188 0.089170454377 0.093968065993 0.098783667982 0.103615027284 0.108460258223 0.113317758590 0.118186159143 0.123064283388 0.127951115320 0.132845773337 0.137747489038 0.142655589854 0.147569484753 0.152488652400 0.157412631299 0.162341011548 0.167273427904 0.172209553932 0.177149097037 0.182091794233 0.187037408529 0.191985725827 0.196936552247 0.201889711819 0.206845044479 0.211802404326 0.216761658107 0.221722683882 0.226685369861 0.231649613376 0.236615319980 0.241582402640 0.246550781034 0.251520380922 0.256491133579 0.261462975302 0.266435846958 0.271409693588 0.276384464044 0.281360110669 0.286336589004 0.291313857528 0.296291877418 0.301270612336 0.306250028237 0.311230093186 0.316210777203 0.321192052115 0.326173891423 0.331156270176 0.336139164869 0.341122553331 0.346106414637 0.351090729022 0.356075477801 0.361060643296 0.366046208773 0.371032158373 0.376018477064 0.381005150582 0.385992165386 
0.230586698210 0.228145041321 0.225783184278 0.223503711169 0.221309065554 0.219201125969 0.217179822122 0.215238477279 0.213348019916 0.211407550201 0.209136882816 0.206049541890 0.201851235579 0.196936552247 0.191985725827 0.187037408529 0.182091794233 0.177149097037 0.172209553932 0.167273427904 0.162341011548 0.157412631299 0.152488652400 0.147569484753 0.142655589854 0.137747489038 0.132845773337 0.127951115320 0.123064283388 0.118186159143 0.113317758590 0.108460258223 0.103615027284 0.098783667982 0.093968065993 0.089170454377 0.084393495188 0.079640384619 0.074914989806 0.070222028730 0.065567309478 0.060958052410 0.056403329783 0.051914674486 0.047506936584 0.043199510225 0.039018126900 0.034997538561 0.031185648369 0.027650114463 0.024489530116 0.021854511497 0.020000000000 0.021854511497 0.024489530116 0.027650114463 0.031185648369 0.034997538561 0.039018126900 0.043199510225 0.047506936584 0.051914674486 0.056403329783 0.060958052410 0.065567309478 0.070222028730 0.074914989806 0.079640384619 0.084393495188 0.089170454377 0.093968065993 0.098783667982 0.103615027284 0.108460258223 0.113317758590 0.118186159143 0.123064283388 0.127951115320 0.132845773337 0.137747489038 0.142655589854 0.147569484753 0.152488652400 0.157412631299 0.162341011548 0.167273427904 0.172209553932 0.177149097037 0.182091794233 0.187037408529 0.191985725827 0.196936552247 0.201889711819 0.206845044479 0.211802404326 0.216761658107 0.221722683882 0.226685369861 0.231649613376 0.236615319980 0.236615319980 0.109911124352 0.105126253666 0.100360102722 0.095615120793 0.090894187571 0.086200708704 0.081538737093 0.076913128172 0.072329740444 0.067795696848 0.063319728827 0.058912634035 0.054587892173 0.050362503765 0.046258148022 0.042302805454 0.038533072467 0.034997538561 0.031761878943 0.028916990041 0.026593716789 0.025000000000 0.026593716789 0.028916990041 0.031761878943 0.034997538561 0.038533072467 0.042302805454 0.046258148022 0.050362503765 0.054587892173 0.058912634035 0.063319728827 0.067795696848 0.072329740444 0.076913128172 0.081538737093 0.086200708704 0.090894187571 0.095615120793 0.100360102722 0.105126253666 0.109911124352 0.114712620096 0.119528940175 0.124358529006 0.129200036588 0.134052286234 0.138914248109 0.143785017394 0.148663796185 0.153549878397 0.158442637127 0.163341514020 0.168246010276 0.173155679032 0.178070118858 0.182988968202 0.187911900619 0.192838620664 0.197768860338 0.202702376012 0.207638945750 0.212578366969 0.217520454400 0.222465038298 0.227411962859 0.232361084838 0.237312272316 0.242265403615 0.247220366332 0.252177056479 0.257135377716 0.262095240669 0.267056562312 0.272019265424 0.276983278089 0.281948533255 0.286914968330 0.291882524823 0.296851148012 0.301820786653 0.306791392704 0.311762921084 0.316735329448 0.321708577987 0.326682629237 0.331657447914 0.336633000759 0.341609256393 0.346586185187 0.351563759144 0.356541951790 0.361520738068 0.366500094249 0.371479997843 0.376460427522 0.381441363046 0.386422785190 
0.226223406834 0.223738043328 0.221333015479 0.219011102726 0.216775127893 0.214627907107 0.212572091639 0.210609636068 0.208739920819 0.206952881905 0.205203903537 0.203333989624 0.200931514016 0.197446762504 0.192838620664 0.187911900619 0.182988968202 0.178070118858 0.173155679032 0.168246010276 0.163341514020 0.158442637127 0.153549878397 0.148663796185 0.143785017394 0.138914248109 0.134052286234 0.129200036588 0.124358529006 0.119528940175 0.114712620096 0.109911124352 0.105126253666 0.100360102722 0.095615120793 0.090894187571 0.086200708704 0.081538737093 0.076913128172 0.072329740444 0.067795696848 0.063319728827 0.058912634035 0.054587892173 0.050362503765 0.046258148022 0.042302805454 0.038533072467 0.034997538561 0.031761878943 0.028916990041 0.026593716789 0.025000000000 0.026593716789 0.028916990041 0.031761878943 0.034997538561 0.038533072467 0.042302805454 0.046258148022 0.050362503765 0.054587892173 0.058912634035 0.063319728827 0.067795696848 0.072329740444 0.076913128172 0.081538737093 0.086200708704 0.090894187571 0.095615120793 0.100360102722 0.105126253666 0.109911124352 0.114712620096 0.119528940175 0.124358529006 0.129200036588 0.134052286234 0.138914248109 0.143785017394 0.148663796185 0.153549878397 0.158442637127 0.163341514020 0.168246010276 0.173155679032 0.178070118858 0.182988968202 0.187911900619 0.192838620664 0.197768860338 0.202702376012 0.207638945750 0.212578366969 0.217520454400 0.222465038298 0.227411962859 0.232361084838 0.237312272316 0.237312272316 0.111564821852 0.106846211403 0.102151347679 0.097483217271 0.092845306583 0.088241706404 0.083677242757 0.079157641721 0.074689738529 0.070281744764 0.065943592419 0.061687380507 0.057527959631 0.053483704033 0.049577541096 0.045838339360 0.042302805454 0.039018126900 0.036045776078 0.033467360800 0.031395133507 0.030000000000 0.031395133507 0.033467360800 0.036045776078 0.039018126900 0.042302805454 0.045838339360 0.049577541096 0.053483704033 0.057527959631 0.061687380507 0.065943592419 0.070281744764 0.074689738529 0.079157641721 0.083677242757 0.088241706404 0.092845306583 0.097483217271 0.102151347679 0.106846211403 0.111564821852 0.116304608141 0.121063347013 0.125839107428 0.130630205190 0.135435165610 0.140252692603 0.145081643009 0.149921005124 0.154769880702 0.159627469775 0.164493057808 0.169366004790 0.174245735926 0.179131733673 0.184023530893 0.188920704957 0.193822872644 0.198729685722 0.203640827094 0.208556007442 0.213474962292 0.218397449438 0.223323246672 0.228252149788 0.233183970817 0.238118536464 0.243055686717 0.247995273613 0.252937160138 0.257881219242 0.262827332957 0.267775391610 0.272725293115 0.277676942327 0.282630250477 0.287585134644 0.292541517290 0.297499325830 0.302458492249 0.307418952750 0.312380647436 0.317343520015 0.322307517539 0.327272590158 0.332238690901 0.337205775471 0.342173802060 0.347142731176 0.352112525488 0.357083149679 0.362054570314 0.367026755718 0.371999675862 0.376973302256 0.381947607855 0.386922566968 
0.221884862349 0.219354455637 0.216904841908 0.214538920200 0.212259660819 0.210070098120 0.207973312655 0.205972377731 0.204070178651 0.202268751818 0.200566725305 0.198949002628 0.197345916868 0.195506394297 0.192862635505 0.188915432315 0.184023530893 0.179131733673 0.174245735926 0.169366004790 0.164493057808 0.159627469775 0.154769880702 0.149921005124 0.145081643009 0.140252692603 0.135435165610 0.130630205190 0.125839107428 0.121063347013 0.116304608141 0.111564821852 0.106846211403 0.102151347679 0.097483217271 0.092845306583 0.088241706404 0.083677242757 0.079157641721 0.074689738529 0.070281744764 0.065943592419 0.061687380507 0.057527959631 0.053483704033 0.049577541096 0.045838339360 0.042302805454 0.039018126900 0.036045776078 0.033467360800 0.031395133507 0.030000000000 0.031395133507 0.033467360800 0.036045776078 0.039018126900 0.042302805454 0.045838339360 0.049577541096 0.053483704033 0.057527959631 0.061687380507 0.065943592419 0.070281744764 0.074689738529 0.079157641721 0.083677242757 0.088241706404 0.092845306583 0.097483217271 0.102151347679 0.106846211403 0.111564821852 0.116304608141 0.121063347013 0.125839107428 0.130630205190 0.135435165610 0.140252692603 0.145081643009 0.149921005124 0.154769880702 0.159627469775 0.164493057808 0.169366004790 0.174245735926 0.179131733673 0.184023530893 0.188920704957 0.193822872644 0.198729685722 0.203640827094 0.208556007442 0.213474962292 0.218397449438 0.223323246672 0.228252149788 0.233183970817 0.238118536464 0.238118536464 0.113408778487 0.108761217413 0.104142478194 0.099556041748 0.095005942992 0.090496879863 0.086034347771 0.081624806303 0.077275887021 0.072996653914 0.068797931692 0.064692721914 0.060696733548 0.056829063466 0.053113075002 0.049577541096 0.046258148022 0.043199510225 0.040457971700 0.038105838669 0.036239150945 0.035000000000 0.036239150945 0.038105838669 0.040457971700 0.043199510225 0.046258148022 0.049577541096 0.053113075002 0.056829063466 0.060696733548 0.064692721914 0.068797931692 0.072996653914 0.077275887021 0.081624806303 0.086034347771 0.090496879863 0.095005942992 0.099556041748 0.104142478194 0.108761217413 0.113408778487 0.118082145632 0.122778695414 0.127496136834 0.132232461766 0.136985903792 0.141754903835 0.146538081368 0.151334210171 0.156142197860 0.160961068516 0.165789947898 0.170628050815 0.175474670289 0.180329168249 0.185190967484 0.190059544694 0.194934424446 0.199815173915 0.204701398298 0.209592736791 0.214488859066 0.219389462167 0.224294267772 0.229203019778 0.234115482157 0.239031437051 0.243950683081 0.248873033839 0.253798316538 0.258726370803 0.263657047594 0.268590208231 0.273525723520 0.278463472963 0.283403344047 0.288345231603 0.293289037218 0.298234668709 0.303182039644 0.308131068901 0.313081680274 0.318033802105 0.322987366960 0.327942311316 0.332898575291 0.337856102386 0.342814839253 0.347774735478 0.352735743385 0.357697817854 0.362660916153 0.367624997783 0.372590024337 0.377555959364 0.382522768251 0.387490418106 
0.217572433582 0.214995626370 0.212500024719 0.210088641931 0.207764572924 0.205530991302 0.203391145108 0.201348349328 0.199405967961 0.197567357796 0.195835660590 0.194212958282 0.192696598992 0.191262511706 0.189793500941 0.187881362454 0.184805841859 0.180329168249 0.175474670289 0.170628050815 0.165789947898 0.160961068516 0.156142197860 0.151334210171 0.146538081368 0.141754903835 0.136985903792 0.132232461766 0.127496136834 0.122778695414 0.118082145632 0.113408778487 0.108761217413 0.104142478194 0.099556041748 0.095005942992 0.090496879863 0.086034347771 0.081624806303 0.077275887021 0.072996653914 0.068797931692 0.064692721914 0.060696733548 0.056829063466 0.053113075002 0.049577541096 0.046258148022 0.043199510225 0.040457971700 0.038105838669 0.036239150945 0.035000000000 0.036239150945 0.038105838669 0.040457971700 0.043199510225 0.046258148022 0.049577541096 0.053113075002 0.056829063466 0.060696733548 0.064692721914 0.068797931692 0.072996653914 0.077275887021 0.081624806303 0.086034347771 0.090496879863 0.095005942992 0.099556041748 0.104142478194 0.108761217413 0.113408778487 0.118082145632 0.122778695414 0.127496136834 0.132232461766 0.136985903792 0.141754903835 0.146538081368 0.151334210171 0.156142197860 0.160961068516 0.165789947898 0.170628050815 0.175474670289 0.180329168249 0.185190967484 0.190059544694 0.194934424446 0.199815173915 0.204701398298 0.209592736791 0.214488859066 0.219389462167 0.224294267772 0.229203019778 0.234115482157 0.239031437051 0.239031437051 0.115431217843 0.110858501030 0.106319624359 0.101818509545 0.097359671190 0.092948326319 0.088590527532 0.084293325532 0.080064968271 0.075915145892 0.071855293114 0.067898963864 0.064062297008 0.060364597372 0.056829063466 0.053483704033 0.050362503765 0.047506936584 0.044968023792 0.042809452475 0.041113570061 0.040000000000 0.041113570061 0.042809452475 0.044968023792 0.047506936584 0.050362503765 0.053483704033 0.056829063466 0.060364597372 0.064062297008 0.067898963864 0.071855293114 0.075915145892 0.080064968271 0.084293325532 0.088590527532 0.092948326319 0.097359671190 0.101818509545 0.106319624359 0.110858501030 0.115431217843 0.120034355526 0.124664922261 0.129320291268 0.133998148661 0.138696449704 0.143413381991 0.148147334342 0.152896870419 0.157660706286 0.162437691246 0.167226791438 0.172027075730 0.176837703575 0.181657914503 0.186487019018 0.191324390683 0.196169459219 0.201021704473 0.205880651142 0.210745864124 0.215616944435 0.220493525607 0.225375270491 0.230261868440 0.235153032789 0.240048498625 0.244948020794 0.249851372119 0.254758341804 0.259668734007 0.264582366555 0.269499069787 0.274418685512 0.279341066069 0.284266073473 0.289193578652 0.294123460739 0.299055606442 0.303989909468 0.308926269992 0.313864594182 0.318804793760 0.323746785599 0.328690491357 0.333635837145 0.338582753212 0.343531173668 0.348481036218 0.353432281926 0.358384854992 0.363338702547 0.368293774468 0.373250023201 0.378207403599 0.383165872775 0.388125389963 
0.213287568986 0.210662962940 0.208119929623 0.205661599662 0.203291194655 0.201012024797 0.198827485897 0.196741055695 0.194756289190 0.192876811475 0.191106301520 0.189448437896 0.187906672724 0.186483180438 0.185173573841 0.183939133000 0.182578872308 0.180463636605 0.176837703575 0.172027075730 0.167226791438 0.162437691246 0.157660706286 0.152896870419 0.148147334342 0.143413381991 0.138696449704 0.133998148661 0.129320291268 0.124664922261 0.120034355526 0.115431217843 0.110858501030 0.106319624359 0.101818509545 0.097359671190 0.092948326319 0.088590527532 0.084293325532 0.080064968271 0.075915145892 0.071855293114 0.067898963864 0.064062297008 0.060364597372 0.056829063466 0.053483704033 0.050362503765 0.047506936584 0.044968023792 0.042809452475 0.041113570061 0.040000000000 0.041113570061 0.042809452475 0.044968023792 0.047506936584 0.050362503765 0.053483704033 0.056829063466 0.060364597372 0.064062297008 0.067898963864 0.071855293114 0.075915145892 0.080064968271 0.084293325532 0.088590527532 0.092948326319 0.097359671190 0.101818509545 0.106319624359 0.110858501030 0.115431217843 0.120034355526 0.124664922261 0.129320291268 0.133998148661 0.138696449704 0.143413381991 0.148147334342 0.152896870419 0.157660706286 0.162437691246 0.167226791438 0.172027075730 0.176837703575 0.181657914503 0.186487019018 0.191324390683 0.196169459219 0.201021704473 0.205880651142 0.210745864124 0.215616944435 0.220493525607 0.225375270491 0.230261868440 0.235153032789 0.240048498625 0.240048498625 0.117621039933 0.113126078397 0.108669836383 0.104256617213 0.099891341621 0.095579654616 0.091328053577 0.087144042205 0.083036316016 0.079014986313 0.075091851168 0.071280723780 0.067597830914 0.064062297008 0.060696733548 0.057527959631 0.054587892173 0.051914674486 0.049554198564 0.047562465409 0.046010412560 0.045000000000 0.046010412560 0.047562465409 0.049554198564 0.051914674486 0.054587892173 0.057527959631 0.060696733548 0.064062297008 0.067597830914 0.071280723780 0.075091851168 0.079014986313 0.083036316016 0.087144042205 0.091328053577 0.095579654616 0.099891341621 0.104256617213 0.108669836383 0.113126078397 0.117621039933 0.122150945683 0.126712473341 0.131302690479 0.135919001265 0.140559101353 0.145220939573 0.149902685297 0.154602700565 0.159319516195 0.164051811260 0.168798395399 0.173558193533 0.178330232620 0.183113630152 0.187907584132 0.192711364323 0.197524304590 0.202345796180 0.207175281809 0.212012250453 0.216856232748 0.221706796915 0.226563545143 0.231426110382 0.236294153477 0.241167360618 0.246045441057 0.250928125062 0.255815162088 0.260706319122 0.265601379205 0.270500140093 0.275402413049 0.280308021749 0.285216801293 0.290128597310 0.295043265138 0.299960669088 0.304880681763 0.309803183444 0.314728061528 0.319655210013 0.324584529028 0.329515924398 0.334449307252 0.339384593657 0.344321704284 0.349260564100 0.354201102083 0.359143250963 0.364086946977 0.369032129646 0.373978741571 0.378926728239 0.383876037844 0.388826621128 
0.209031814869 0.206357967987 0.203766010261 0.201259193490 0.198840870536 0.196514493275 0.194283609907 0.192151861656 0.190122978979 0.188200777417 0.186389153207 0.184692077927 0.183113587109 0.181657734286 0.180328353948 0.179127720437 0.178048333938 0.177020874682 0.175674186484 0.173103852232 0.168798395399 0.164051811260 0.159319516195 0.154602700565 0.149902685297 0.145220939573 0.140559101353 0.135919001265 0.131302690479 0.126712473341 0.122150945683 0.117621039933 0.113126078397 0.108669836383 0.104256617213 0.099891341621 0.095579654616 0.091328053577 0.087144042205 0.083036316016 0.079014986313 0.075091851168 0.071280723780 0.067597830914 0.064062297008 0.060696733548 0.057527959631 0.054587892173 0.051914674486 0.049554198564 0.047562465409 0.046010412560 0.045000000000 0.046010412560 0.047562465409 0.049554198564 0.051914674486 0.054587892173 0.057527959631 0.060696733548 0.064062297008 0.067597830914 0.071280723780 0.075091851168 0.079014986313 0.083036316016 0.087144042205 0.091328053577 0.095579654616 0.099891341621 0.104256617213 0.108669836383 0.113126078397 0.117621039933 0.122150945683 0.126712473341 0.131302690479 0.135919001265 0.140559101353 0.145220939573 0.149902685297 0.154602700565 0.159319516195 0.164051811260 0.168798395399 0.173558193533 0.178330232620 0.183113630152 0.187907584132 0.192711364323 0.197524304590 0.202345796180 0.207175281809 0.212012250453 0.216856232748 0.221706796915 0.226563545143 0.231426110382 0.236294153477 0.241167360618 0.241167360618 0.119967764345 0.115552689653 0.111181012880 0.106857357875 0.102586977563 0.098375855756 0.094230827508 0.090159721577 0.086171529263 0.082276604631 0.078486902012 0.074816257686 0.071280723780 0.067898963864 0.064692721914 0.061687380507 0.058912634035 0.056403329783 0.054200610184 0.052353759066 0.050924246878 0.050000000000 0.050924246878 0.052353759066 0.054200610184 0.056403329783 0.058912634035 0.061687380507 0.064692721914 0.067898963864 0.071280723780 0.074816257686 0.078486902012 0.082276604631 0.086171529263 0.090159721577 0.094230827508 0.098375855756 0.102586977563 0.106857357875 0.111181012880 0.115552689653 0.119967764345 0.124422155902 0.128912252813 0.133434850786 0.137987099601 0.142566457692 0.147170653238 0.151797650747 0.156445622294 0.161112922702 0.165798068073 0.170499717170 0.175216655240 0.179947779920 0.184692088922 0.189448669269 0.194216687841 0.198995383071 0.203784057628 0.208582071955 0.213388838559 0.218203816943 0.223026509109 0.227856455554 0.232693231707 0.237536444734 0.242385730697 0.247240751992 0.252101195057 0.256966768312 0.261837200301 0.266712238014 0.271591645377 0.276475201881 0.281362701340 0.286253950768 0.291148769355 0.296046987536 0.300948446144 0.305852995637 0.310760495391 0.315670813055 0.320583823958 0.325499410572 0.330417462009 0.335337873567 0.340260546312 0.345185386686 0.350112306156 0.355041220885 0.359972051423 0.364904722434 0.369839162431 0.374775303538 0.379713081268 0.384652434315 0.389593304362 
0.204806824591 0.202082251071 0.199439826068 0.196882926349 0.194415040801 0.192039768769 0.189760817695 0.187582000052 0.185507229727 0.183540518012 0.181685969656 0.179947779587 0.178330231325 0.176837698195 0.175474646173 0.174245617941 0.173155039804 0.172205645622 0.171385435870 0.170561600974 0.169061342870 0.165798068073 0.161112922702 0.156445622294 0.151797650747 0.147170653238 0.142566457692 0.137987099601 0.133434850786 0.128912252813 0.124422155902 0.119967764345 0.115552689653 0.111181012880 0.106857357875 0.102586977563 0.098375855756 0.094230827508 0.090159721577 0.086171529263 0.082276604631 0.078486902012 0.074816257686 0.071280723780 0.067898963864 0.064692721914 0.061687380507 0.058912634035 0.056403329783 0.054200610184 0.052353759066 0.050924246878 0.050000000000 0.050924246878 0.052353759066 0.054200610184 0.056403329783 0.058912634035 0.061687380507 0.064692721914 0.067898963864 0.071280723780 0.074816257686 0.078486902012 0.082276604631 0.086171529263 0.090159721577 0.094230827508 0.098375855756 0.102586977563 0.106857357875 0.111181012880 0.115552689653 0.119967764345 0.124422155902 0.128912252813 0.133434850786 0.137987099601 0.142566457692 0.147170653238 0.151797650747 0.156445622294 0.161112922702 0.165798068073 0.170499717170 0.175216655240 0.179947779920 0.184692088922 0.189448669269 0.194216687841 0.198995383071 0.203784057628 0.208582071955 0.213388838559 0.218203816943 0.223026509109 0.227856455554 0.232693231707 0.237536444734 0.242385730697 0.242385730697 0.122461499690 0.118127761809 0.113841854274 0.109608661262 0.105433696631 0.101323199028 0.097284242772 0.093324867161 0.089454227237 0.085682769426 0.082022435918 0.078486902012 0.075091851168 0.071855293114 0.068797931692 0.065943592419 0.063319728827 0.060958052410 0.058895408043 0.057175270528 0.055851251183 0.055000000000 0.055851251183 0.057175270528 0.058895408043 0.060958052410 0.063319728827 0.065943592419 0.068797931692 0.071855293114 0.075091851168 0.078486902012 0.082022435918 0.085682769426 0.089454227237 0.093324867161 0.097284242772 0.101323199028 0.105433696631 0.109608661262 0.113841854274 0.118127761809 0.122461499690 0.126838731799 0.131255599945 0.135708663553 0.140194847710 0.144711398342 0.149255843483 0.153825959742 0.158419743214 0.163035384206 0.167671245223 0.172325841764 0.176997825537 0.181685969746 0.186389156187 0.191106363893 0.195836659129 0.200579186566 0.205333161462 0.210097862742 0.214872626852 0.219656842289 0.224449944732 0.229251412693 0.234060763630 0.238877550466 0.243701358462 0.248531802417 0.253368524137 0.258211190165 0.263059489720 0.267913132847 0.272771848731 0.277635384177 0.282503502226 0.287375980896 0.292252612041 0.297133200307 0.302017562179 0.306905525118 0.311796926760 0.316691614190 0.321589443279 0.326490278066 0.331393990200 0.336300458421 0.341209568083 0.346121210718 0.351035283630 0.355951689519 0.360870336139 0.365791135976 0.370714005953 0.375638867157 0.380565644582 0.385494266895 0.390424666216 
0.200614367182 0.197837537876 0.195143052414 0.192534416154 0.190015258673 0.187589332611 0.185260511739 0.183032788242 0.180910269314 0.178897173270 0.176997825536 0.175216655236 0.173558193516 0.172027075659 0.170628050501 0.169366003271 0.168246002150 0.167273378804 0.166453773263 0.165791986144 0.165273066535 0.164633026693 0.162752850194 0.158419743214 0.153825959742 0.149255843483 0.144711398342 0.140194847710 0.135708663553 0.131255599945 0.126838731799 0.122461499690 0.118127761809 0.113841854274 0.109608661262 0.105433696631 0.101323199028 0.097284242772 0.093324867161 0.089454227237 0.085682769426 0.082022435918 0.078486902012 0.075091851168 0.071855293114 0.068797931692 0.065943592419 0.063319728827 0.060958052410 0.058895408043 0.057175270528 0.055851251183 0.055000000000 0.055851251183 0.057175270528 0.058895408043 0.060958052410 0.063319728827 0.065943592419 0.068797931692 0.071855293114 0.075091851168 0.078486902012 0.082022435918 0.085682769426 0.089454227237 0.093324867161 0.097284242772 0.101323199028 0.105433696631 0.109608661262 0.113841854274 0.118127761809 0.122461499690 0.126838731799 0.131255599945 0.135708663553 0.140194847710 0.144711398342 0.149255843483 0.153825959742 0.158419743214 0.163035384206 0.167671245223 0.172325841764 0.176997825537 0.181685969746 0.186389156187 0.191106363893 0.195836659129 0.200579186566 0.205333161462 0.210097862742 0.214872626852 0.219656842289 0.224449944732 0.229251412693 0.234060763630 0.238877550466 0.243701358462 0.243701358462 0.125092923250 0.120841381172 0.116641825249 0.112499342594 0.108419641449 0.104409138544 0.100475059579 0.096625554662 0.092869830761 0.089218303332 0.085682769426 0.082276604631 0.079014986313 0.075915145892 0.072996653914 0.070281744764 0.067795696848 0.065567309478 0.063629591934 0.062021020242 0.060788660837 0.060000000000 0.060788660837 0.062021020242 0.063629591934 0.065567309478 0.067795696848 0.070281744764 0.072996653914 0.075915145892 0.079014986313 0.082276604631 0.085682769426 0.089218303332 0.092869830761 0.096625554662 0.100475059579 0.104409138544 0.108419641449 0.112499342594 0.116641825249 0.120841381172 0.125092923250 0.129391909562 0.133734277373 0.138116385750 0.142534965627 0.146987076329 0.151470067662 0.155981546831 0.160519349529 0.165081514621 0.169666261964 0.174271972929 0.178897173270 0.183540518038 0.188200778270 0.192876829223 0.197567639959 0.202272264112 0.206989831683 0.211719541740 0.216460655921 0.221212492623 0.225974421814 0.230745860390 0.235526268002 0.240315143318 0.245112020654 0.249916466943 0.254728078999 0.259546481044 0.264371322474 0.269202275833 0.274039034977 0.278881313404 0.283728842737 0.288581371343 0.293438663073 0.298300496112 0.303166661930 0.308036964317 0.312911218506 0.317789250366 0.322670895657 0.327555999355 0.332444415018 0.337336004218 0.342230636003 0.347128186407 0.352028538002 0.356931579474 0.361837205239 0.366745315082 0.371655813827 0.376568611028 0.381483620680 0.386400760958 0.391319953966 
0.196456336517 0.193625679843 0.190877490685 0.188215406362 0.185643201635 0.183164788188 0.180784213266 0.178505657428 0.176333431507 0.174271972929 0.172325841764 0.170499717170 0.168798395399 0.167226791438 0.165789947898 0.164493057808 0.163341514020 0.162341011548 0.161497762992 0.160818986804 0.160314200838 0.160000000000 0.160258018757 0.159447910016 0.155981546831 0.151470067662 0.146987076329 0.142534965627 0.138116385750 0.133734277373 0.129391909562 0.125092923250 0.120841381172 0.116641825249 0.112499342594 0.108419641449 0.104409138544 0.100475059579 0.096625554662 0.092869830761 0.089218303332 0.085682769426 0.082276604631 0.079014986313 0.075915145892 0.072996653914 0.070281744764 0.067795696848 0.065567309478 0.063629591934 0.062021020242 0.060788660837 0.060000000000 0.060788660837 0.062021020242 0.063629591934 0.065567309478 0.067795696848 0.070281744764 0.072996653914 0.075915145892 0.079014986313 0.082276604631 0.085682769426 0.089218303332 0.092869830761 0.096625554662 0.100475059579 0.104409138544 0.108419641449 0.112499342594 0.116641825249 0.120841381172 0.125092923250 0.129391909562 0.133734277373 0.138116385750 0.142534965627 0.146987076329 0.151470067662 0.155981546831 0.160519349529 0.165081514621 0.169666261964 0.174271972929 0.178897173270 0.183540518038 0.188200778270 0.192876829223 0.197567639959 0.202272264112 0.206989831683 0.211719541740 0.216460655921 0.221212492623 0.225974421814 0.230745860390 0.235526268002 0.240315143318 0.245112020654 0.245112020654 0.127853263527 0.123684268258 0.119571119462 0.115519053888 0.111533913527 0.107622224707 0.103791287837 0.100049278999 0.096405364667 0.092869830761 0.089454227237 0.086171529263 0.083036316016 0.080064968271 0.077275887021 0.074689738529 0.072329740444 0.070222028730 0.068396216941 0.066886486487 0.065734428236 0.065000000000 0.065734428236 0.066886486487 0.068396216941 0.070222028730 0.072329740444 0.074689738529 0.077275887021 0.080064968271 0.083036316016 0.086171529263 0.089454227237 0.092869830761 0.096405364667 0.100049278999 0.103791287837 0.107622224707 0.111533913527 0.115519053888 0.119571119462 0.123684268258 0.127853263527 0.132073404143 0.136340463377 0.140650635097 0.145000486470 0.149386916408 0.153807119006 0.158258551388 0.162738905375 0.167246082520 0.171778172071 0.176333431507 0.180910269314 0.185507229734 0.190122979235 0.194756294494 0.199406051715 0.204071217106 0.208750838391 0.213444037227 0.218150002421 0.222867983853 0.227597287026 0.232337268172 0.237087329847 0.241846916962 0.246615513207 0.251392637818 0.256177842656 0.260970709558 0.265770847939 0.270577892611 0.275391501806 0.280211355369 0.285037153121 0.289868613355 0.294705471475 0.299547478738 0.304394401112 0.309246018228 0.314102122415 0.318962517819 0.323827019588 0.328695453125 0.333567653402 0.338443464321 0.343322738133 0.348205334895 0.353091121967 0.357979973555 0.362871770278 0.367766398772 0.372663751323 0.377563725521 0.382466223948 0.387371153874 0.392278426993 
0.192334761237 0.189448664599 0.186645079190 0.183927777316 0.181300683150 0.178767873015 0.176333574740 0.174002166055 0.171778172071 0.169666261964 0.167671245223 0.165798068073 0.164051811260 0.162437691246 0.160961068516 0.159627469775 0.158442637127 0.157412631299 0.156544050961 0.155844532951 0.155324082820 0.155000000000 0.155324082820 0.155844532951 0.156057949504 0.153807119006 0.149386916408 0.145000486470 0.140650635097 0.136340463377 0.132073404143 0.127853263527 0.123684268258 0.119571119462 0.115519053888 0.111533913527 0.107622224707 0.103791287837 0.100049278999 0.096405364667 0.092869830761 0.089454227237 0.086171529263 0.083036316016 0.080064968271 0.077275887021 0.074689738529 0.072329740444 0.070222028730 0.068396216941 0.066886486487 0.065734428236 0.065000000000 0.065734428236 0.066886486487 0.068396216941 0.070222028730 0.072329740444 0.074689738529 0.077275887021 0.080064968271 0.083036316016 0.086171529263 0.089454227237 0.092869830761 0.096405364667 0.100049278999 0.103791287837 0.107622224707 0.111533913527 0.115519053888 0.119571119462 0.123684268258 0.127853263527 0.132073404143 0.136340463377 0.140650635097 0.145000486470 0.149386916408 0.153807119006 0.158258551388 0.162738905375 0.167246082520 0.171778172071 0.176333431507 0.180910269314 0.185507229734 0.190122979235 0.194756294494 0.199406051715 0.204071217106 0.208750838391 0.213444037227 0.218150002421 0.222867983853 0.227597287026 0.232337268172 0.237087329847 0.241846916962 0.246615513207 0.246615513207 0.130734282525 0.126647752268 0.122620623946 0.118658235475 0.114766508484 0.110952019024 0.107222076690 0.103584812905 0.100049278999 0.096625554662 0.093324867161 0.090159721577 0.087144042205 0.084293325532 0.081624806303 0.079157641721 0.076913128172 0.074914989806 0.073189847395 0.071768190944 0.070687005667 0.070000000000 0.070687005667 0.071768190944 0.073189847395 0.074914989806 0.076913128172 0.079157641721 0.081624806303 0.084293325532 0.087144042205 0.090159721577 0.093324867161 0.096625554662 0.100049278999 0.103584812905 0.107222076690 0.110952019024 0.114766508484 0.118658235475 0.122620623946 0.126647752268 0.130734282525 0.134875397499 0.139066744613 0.143304386117 0.147584754883 0.151904615173 0.156261027848 0.160651319498 0.165073055050 0.169524013450 0.174002166055 0.178505657428 0.183032788242 0.187582000055 0.192151861737 0.196741057352 0.201348375332 0.205972698787 0.210612996832 0.215268316803 0.219937777273 0.224620561770 0.229315913123 0.234023128371 0.238741554160 0.243470582593 0.248209647473 0.252958220902 0.257715810192 0.262481955070 0.267256225130 0.272038217515 0.276827554814 0.281623883130 0.286426870333 0.291236204446 0.296051592182 0.300872757596 0.305699440854 0.310531397099 0.315368395413 0.320210217860 0.325056658605 0.329907523102 0.334762627350 0.339621797200 0.344484867715 0.349351682585 0.354222093575 0.359095960028 0.363973148384 0.368853531758 0.373736989525 0.378623406951 0.383512674844 0.388404689223 0.393299351022 
0.188251815462 0.185308627297 0.182447905078 0.179673558675 0.176989665541 0.174400471968 0.171910393357 0.169524013450 0.167246082520 0.165081514621 0.163035384206 0.161112922702 0.159319516195 0.157660706286 0.156142197860 0.154769880702 0.153549878397 0.152488652400 0.151593225317 0.150871693555 0.150334596842 0.150000000000 0.150334596842 0.150871693555 0.151593225317 0.152488652400 0.151618401672 0.147584754883 0.143304386117 0.139066744613 0.134875397499 0.130734282525 0.126647752268 0.122620623946 0.118658235475 0.114766508484 0.110952019024 0.107222076690 0.103584812905 0.100049278999 0.096625554662 0.093324867161 0.090159721577 0.087144042205 0.084293325532 0.081624806303 0.079157641721 0.076913128172 0.074914989806 0.073189847395 0.071768190944 0.070687005667 0.070000000000 0.070687005667 0.071768190944 0.073189847395 0.074914989806 0.076913128172 0.079157641721 0.081624806303 0.084293325532 0.087144042205 0.090159721577 0.093324867161 0.096625554662 0.100049278999 0.103584812905 0.107222076690 0.110952019024 0.114766508484 0.118658235475 0.122620623946 0.126647752268 0.130734282525 0.134875397499 0.139066744613 0.143304386117 0.147584754883 0.151904615173 0.156261027848 0.160651319498 0.165073055050 0.169524013450 0.174002166055 0.178505657428 0.183032788242 0.187582000055 0.192151861737 0.196741057352 0.201348375332 0.205972698787 0.210612996832 0.215268316803 0.219937777273 0.224620561770 0.229315913123 0.234023128371 0.238741554160 0.243470582593 0.248209647473 0.248209647473 0.133728256578 0.129723744202 0.125781882506 0.121908067292 0.118108252407 0.114389012221 0.110757610596 0.107222076690 0.103791287837 0.100475059579 0.097284242772 0.094230827508 0.091328053577 0.088590527532 0.086034347771 0.083677242757 0.081538737093 0.079640384619 0.078006174149 0.076663417060 0.075645202313 0.075000000000 0.075645202313 0.076663417060 0.078006174149 0.079640384619 0.081538737093 0.083677242757 0.086034347771 0.088590527532 0.091328053577 0.094230827508 0.097284242772 0.100475059579 0.103791287837 0.107222076690 0.110757610596 0.114389012221 0.118108252407 0.121908067292 0.125781882506 0.129723744202 0.133728256578 0.137790525496 0.141906107727 0.146070965374 0.150281425001 0.154534141041 0.158826063041 0.163154406380 0.167516626074 0.171910393357 0.176333574740 0.180784213266 0.185260511739 0.189760817695 0.194283609933 0.198827486436 0.203391153522 0.207973416092 0.212573168867 0.217189388487 0.221821126398 0.226467502427 0.231127698988 0.235800955831 0.240486565302 0.245183868037 0.249892249063 0.254611134255 0.259339987111 0.264078305828 0.268825620625 0.273581491311 0.278345505064 0.283117274394 0.287896435287 0.292682645506 0.297475583026 0.302274944607 0.307080444477 0.311891813122 0.316708796180 0.321531153412 0.326358657757 0.331191094467 0.336028260295 0.340869962758 0.345716019445 0.350566257384 0.355420512446 0.360278628805 0.365140458427 0.370005860594 0.374874701475 0.379746853708 0.384622196028 0.389500612910 0.394381994238 
0.184209830378 0.181207862931 0.178288217346 0.175454943067 0.172712274205 0.170064631968 0.167516626074 0.165073055050 0.162738905375 0.160519349529 0.158419743214 0.156445622294 0.154602700565 0.152896870419 0.151334210171 0.149921005124 0.148663796185 0.147569484753 0.146645560018 0.145900624543 0.145345804909 0.145000000000 0.145345804909 0.145900624543 0.146645560018 0.147569484753 0.148663796185 0.149077062725 0.146070965374 0.141906107727 0.137790525496 0.133728256578 0.129723744202 0.125781882506 0.121908067292 0.118108252407 0.114389012221 0.110757610596 0.107222076690 0.103791287837 0.100475059579 0.097284242772 0.094230827508 0.091328053577 0.088590527532 0.086034347771 0.083677242757 0.081538737093 0.079640384619 0.078006174149 0.076663417060 0.075645202313 0.075000000000 0.075645202313 0.076663417060 0.078006174149 0.079640384619 0.081538737093 0.083677242757 0.086034347771 0.088590527532 0.091328053577 0.094230827508 0.097284242772 0.100475059579 0.103791287837 0.107222076690 0.110757610596 0.114389012221 0.118108252407 0.121908067292 0.125781882506 0.129723744202 0.133728256578 0.137790525496 0.141906107727 0.146070965374 0.150281425001 0.154534141041 0.158826063041 0.163154406380 0.167516626074 0.171910393357 0.176333574740 0.180784213266 0.185260511739 0.189760817695 0.194283609933 0.198827486436 0.203391153522 0.207973416092 0.212573168867 0.217189388487 0.221821126398 0.226467502427 0.231127698988 0.235800955831 0.240486565302 0.245183868037 0.249892249063 0.249892249063 0.136827955504 0.132904708562 0.129047058274 0.125260420292 0.121550739800 0.117924546127 0.114389012221 0.110952019024 0.107622224707 0.104409138544 0.101323199028 0.098375855756 0.095579654616 0.092948326319 0.090496879863 0.088241706404 0.086200708704 0.084393495188 0.082841741370 0.081570014333 0.080608087519 0.080000000000 0.080608087519 0.081570014333 0.082841741370 0.084393495188 0.086200708704 0.088241706404 0.090496879863 0.092948326319 0.095579654616 0.098375855756 0.101323199028 0.104409138544 0.107622224707 0.110952019024 0.114389012221 0.117924546127 0.121550739800 0.125260420292 0.129047058274 0.132904708562 0.136827955504 0.140811863053 0.144851929299 0.148944045183 0.153084457115 0.157269733173 0.161496732597 0.165762578276 0.170064631968 0.174400471968 0.178767873015 0.183164788188 0.187589332611 0.192039768769 0.196514493283 0.201012024979 0.205530994129 0.210070132738 0.214628265768 0.219204303210 0.223797232896 0.228406114011 0.233030071191 0.237668289184 0.242320007994 0.246984518473 0.251661158303 0.256349308346 0.261048389312 0.265757858718 0.270477208117 0.275205960560 0.279943668272 0.284689910531 0.289444291718 0.294206439529 0.298976003335 0.303752652671 0.308536075849 0.313325978682 0.318122083301 0.322924127072 0.327731861593 0.332545051766 0.337363474937 0.342186920110 0.347015187204 0.351848086378 0.356685437396 0.361527069041 0.366372818568 0.371222531202 0.376076059661 0.380933263721 0.385794009804 0.390658170595 0.395525624692 
0.180211306719 0.177148839691 0.174168441033 0.171274301069 0.168470813303 0.165762578276 0.163154406380 0.160651319498 0.158258551388 0.155981546831 0.153825959742 0.151797650747 0.149902685297 0.148147334342 0.146538081368 0.145081643009 0.143785017394 0.142655589854 0.141701364316 0.140931502370 0.140357777346 0.140000000000 0.140357777346 0.140931502370 0.141701364316 0.142655589854 0.143785017394 0.145081643009 0.146481797966 0.144851929299 0.140811863053 0.136827955504 0.132904708562 0.129047058274 0.125260420292 0.121550739800 0.117924546127 0.114389012221 0.110952019024 0.107622224707 0.104409138544 0.101323199028 0.098375855756 0.095579654616 0.092948326319 0.090496879863 0.088241706404 0.086200708704 0.084393495188 0.082841741370 0.081570014333 0.080608087519 0.080000000000 0.080608087519 0.081570014333 0.082841741370 0.084393495188 0.086200708704 0.088241706404 0.090496879863 0.092948326319 0.095579654616 0.098375855756 0.101323199028 0.104409138544 0.107622224707 0.110952019024 0.114389012221 0.117924546127 0.121550739800 0.125260420292 0.129047058274 0.132904708562 0.136827955504 0.140811863053 0.144851929299 0.148944045183 0.153084457115 0.157269733173 0.161496732597 0.165762578276 0.170064631968 0.174400471968 0.178767873015 0.183164788188 0.187589332611 0.192039768769 0.196514493283 0.201012024979 0.205530994129 0.210070132738 0.214628265768 0.219204303210 0.223797232896 0.228406114011 0.233030071191 0.237668289184 0.242320007994 0.246984518473 0.251661158303 0.251661158303 0.140026620296 0.136183634017 0.132408895899 0.128707808520 0.125086273705 0.121550739800 0.118108252407 0.114766508484 0.111533913527 0.108419641449 0.105433696631 0.102586977563 0.099891341621 0.097359671190 0.095005942992 0.092845306583 0.090894187571 0.089170454377 0.087693748274 0.086486259560 0.085574923798 0.085000000000 0.085574923798 0.086486259560 0.087693748274 0.089170454377 0.090894187571 0.092845306583 0.095005942992 0.097359671190 0.099891341621 0.102586977563 0.105433696631 0.108419641449 0.111533913527 0.114766508484 0.118108252407 0.121550739800 0.125086273705 0.128707808520 0.132408895899 0.136183634017 0.140026620296 0.143932907631 0.147897964042 0.151917635643 0.155988112755 0.160105898989 0.164267783082 0.168470813303 0.172712274205 0.176989665541 0.181300683150 0.185643201635 0.190015258673 0.194415040801 0.198840870538 0.203291194718 0.207764573907 0.212259672819 0.216775251609 0.221310157972 0.225863319972 0.230433739516 0.235020486424 0.239622693027 0.244239549249 0.248870298121 0.253514231693 0.258170687291 0.262839044110 0.267518720086 0.272209169038 0.276909878048 0.281620365059 0.286340176672 0.291068886119 0.295806091401 0.300551413578 0.305304495189 0.310064998798 0.314832605657 0.319607014463 0.324387940218 0.329175113171 0.333968277840 0.338767192104 0.343571626366 0.348381362774 0.353196194495 0.358015925049 0.362840367679 0.367669344775 0.372502687333 0.377340234449 0.382181832855 0.387027336474 0.391876606019 0.396729508606 
0.176258928232 0.173134213452 0.170091192713 0.167134197647 0.164267783082 0.161496732597 0.158826063041 0.156261027848 0.153807119006 0.151470067662 0.149255843483 0.147170653238 0.145220939573 0.143413381991 0.141754903835 0.140252692603 0.138914248109 0.137747489038 0.136760988562 0.135964527476 0.135370594236 0.135000000000 0.135370594236 0.135964527476 0.136760988562 0.137747489038 0.138914248109 0.140252692603 0.141754903835 0.143413381991 0.143818355965 0.140026620296 0.136183634017 0.132408895899 0.128707808520 0.125086273705 0.121550739800 0.118108252407 0.114766508484 0.111533913527 0.108419641449 0.105433696631 0.102586977563 0.099891341621 0.097359671190 0.095005942992 0.092845306583 0.090894187571 0.089170454377 0.087693748274 0.086486259560 0.085574923798 0.085000000000 0.085574923798 0.086486259560 0.087693748274 0.089170454377 0.090894187571 0.092845306583 0.095005942992 0.097359671190 0.099891341621 0.102586977563 0.105433696631 0.108419641449 0.111533913527 0.114766508484 0.118108252407 0.121550739800 0.125086273705 0.128707808520 0.132408895899 0.136183634017 0.140026620296 0.143932907631 0.147897964042 0.151917635643 0.155988112755 0.160105898989 0.164267783082 0.168470813303 0.172712274205 0.176989665541 0.181300683150 0.185643201635 0.190015258673 0.194415040801 0.198840870538 0.203291194718 0.207764573907 0.212259672819 0.216775251609 0.221310157972 0.225863319972 0.230433739516 0.235020486424 0.239622693027 0.244239549249 0.248870298121 0.253514231693 0.253514231693 0.143317939762 0.139554003501 0.135860683918 0.132243342426 0.128707808520 0.125260420292 0.121908067292 0.118658235475 0.115519053888 0.112499342594 0.109608661262 0.106857357875 0.104256617213 0.101818509545 0.099556041748 0.097483217271 0.095615120793 0.093968065993 0.092559903081 0.091410756706 0.090545119447 0.090000000000 0.090545119447 0.091410756706 0.092559903081 0.093968065993 0.095615120793 0.097483217271 0.099556041748 0.101818509545 0.104256617213 0.106857357875 0.109608661262 0.112499342594 0.115519053888 0.118658235475 0.121908067292 0.125260420292 0.128707808520 0.132243342426 0.135860683918 0.139554003501 0.143317939762 0.147147561347 0.151038331489 0.154986075077 0.158986948216 0.163037410181 0.167134197647 0.171274301069 0.175454943067 0.179673558675 0.183927777316 0.188215406362 0.192534416154 0.196882926349 0.201259193491 0.205661599685 0.210088642284 0.214538924498 0.219011146828 0.223504099265 0.228016654175 0.232547759804 0.237096434356 0.241661760579 0.246242880816 0.250838992487 0.255449343946 0.260073230689 0.264709991888 0.269359007197 0.274019693837 0.278691503905 0.283373921909 0.288066462504 0.292768668393 0.297480108411 0.302200375751 0.306929086321 0.311665877240 0.316410405440 0.321162346375 0.325921392824 0.330687253790 0.335459653472 0.340238330314 0.345023036127 0.349813535262 0.354609603858 0.359411029126 0.364217608698 0.369029150004 0.373845469708 0.378666393172 0.383491753957 0.388321393361 0.393155159983 0.397992909319 
0.172355576141 0.169166843444 0.166059297354 0.163037410181 0.160105898989 0.157269733173 0.154534141041 0.151904615173 0.149386916408 0.146987076329 0.144711398342 0.142566457692 0.140559101353 0.138696449704 0.136985903792 0.135435165610 0.134052286234 0.132845773337 0.131824831177 0.130999928468 0.130384347160 0.130000000000 0.130384347160 0.130999928468 0.131824831177 0.132845773337 0.134052286234 0.135435165610 0.136985903792 0.138696449704 0.140559101353 0.142218188864 0.139554003501 0.135860683918 0.132243342426 0.128707808520 0.125260420292 0.121908067292 0.118658235475 0.115519053888 0.112499342594 0.109608661262 0.106857357875 0.104256617213 0.101818509545 0.099556041748 0.097483217271 0.095615120793 0.093968065993 0.092559903081 0.091410756706 0.090545119447 0.090000000000 0.090545119447 0.091410756706 0.092559903081 0.093968065993 0.095615120793 0.097483217271 0.099556041748 0.101818509545 0.104256617213 0.106857357875 0.109608661262 0.112499342594 0.115519053888 0.118658235475 0.121908067292 0.125260420292 0.128707808520 0.132243342426 0.135860683918 0.139554003501 0.143317939762 0.147147561347 0.151038331489 0.154986075077 0.158986948216 0.163037410181 0.167134197647 0.171274301069 0.175454943067 0.179673558675 0.183927777316 0.188215406362 0.192534416154 0.196882926349 0.201259193491 0.205661599685 0.210088642284 0.214538924498 0.219011146828 0.223504099265 0.228016654175 0.232547759804 0.237096434356 0.241661760579 0.246242880816 0.250838992487 0.255449343946 0.255449343946 0.146696026538 0.143009764241 0.139396217824 0.135860683918 0.132408895899 0.129047058274 0.125781882506 0.122620623946 0.119571119462 0.116641825249 0.113841854274 0.111181012880 0.108669836383 0.106319624359 0.104142478194 0.102151347679 0.100360102722 0.098783667982 0.097438313946 0.096342363477 0.095518194407 0.095000000000 0.095518194407 0.096342363477 0.097438313946 0.098783667982 0.100360102722 0.102151347679 0.104142478194 0.106319624359 0.108669836383 0.111181012880 0.113841854274 0.116641825249 0.119571119462 0.122620623946 0.125781882506 0.129047058274 0.132408895899 0.135860683918 0.139396217824 0.143009764241 0.146696026538 0.150450112109 0.154267501449 0.158144019132 0.162075806685 0.166059297354 0.170091192713 0.174168441033 0.178288217346 0.182447905078 0.186645079190 0.190877490685 0.195143052414 0.199439826068 0.203766010262 0.208119929631 0.212500024850 0.216904843495 0.221333031690 0.225783326449 0.230254548676 0.234745596747 0.239255440634 0.243783116523 0.248327721872 0.252888410882 0.257464390342 0.262054915811 0.266659288108 0.271276850088 0.275906983678 0.280549107139 0.285202672554 0.289867163511 0.294542092956 0.299227001226 0.303921454219 0.308625041712 0.313337375801 0.318058089454 0.322786835178 0.327523283781 0.332267123217 0.337018057525 0.341775805839 0.346540101461 0.351310691011 0.356087333631 0.360869800238 0.365657872837 0.370451343875 0.375250015641 0.380053699705 0.384862216390 0.389675394289 0.394493069800 0.399315086699 
0.168504344677 0.165249809196 0.162075806685 0.158986948216 0.155988112755 0.153084457115 0.150281425001 0.147584754883 0.145000486470 0.142534965627 0.140194847710 0.137987099601 0.135919001265 0.133998148661 0.132232461766 0.130630205190 0.129200036588 0.127951115320 0.126893347067 0.126037967197 0.125399141320 0.125000000000 0.125399141320 0.126037967197 0.126893347067 0.127951115320 0.129200036588 0.130630205190 0.132232461766 0.133998148661 0.135919001265 0.137987099601 0.140194847710 0.139396217824 0.135860683918 0.132408895899 0.129047058274 0.125781882506 0.122620623946 0.119571119462 0.116641825249 0.113841854274 0.111181012880 0.108669836383 0.106319624359 0.104142478194 0.102151347679 0.100360102722 0.098783667982 0.097438313946 0.096342363477 0.095518194407 0.095000000000 0.095518194407 0.096342363477 0.097438313946 0.098783667982 0.100360102722 0.102151347679 0.104142478194 0.106319624359 0.108669836383 0.111181012880 0.113841854274 0.116641825249 0.119571119462 0.122620623946 0.125781882506 0.129047058274 0.132408895899 0.135860683918 0.139396217824 0.143009764241 0.146696026538 0.150450112109 0.154267501449 0.158144019132 0.162075806685 0.166059297354 0.170091192713 0.174168441033 0.178288217346 0.182447905078 0.186645079190 0.190877490685 0.195143052414 0.199439826068 0.203766010262 0.208119929631 0.212500024850 0.216904843495 0.221333031690 0.225783326449 0.230254548676 0.234745596747 0.239255440634 0.243783116523 0.248327721872 0.252888410882 0.257464390342 0.257464390342 0.150155392918 0.146545298147 0.143009764241 0.139554003501 0.136183634017 0.132904708562 0.129723744202 0.126647752268 0.123684268258 0.120841381172 0.118127761809 0.115552689653 0.113126078397 0.110858501030 0.108761217413 0.106846211403 0.105126253666 0.103615027284 0.102327406495 0.101280136684 0.100493755255 0.100000000000 0.100493755255 0.101280136684 0.102327406495 0.103615027284 0.105126253666 0.106846211403 0.108761217413 0.110858501030 0.113126078397 0.115552689653 0.118127761809 0.120841381172 0.123684268258 0.126647752268 0.129723744202 0.132904708562 0.136183634017 0.139554003501 0.143009764241 0.146545298147 0.150155392918 0.153835214141 0.157580278582 0.161386428804 0.165249809196 0.169166843444 0.173134213452 0.177148839691 0.181207862931 0.185308627297 0.189448664599 0.193625679843 0.197837537876 0.202082251071 0.206357967987 0.210662962943 0.214995626420 0.219354456240 0.223738049461 0.228145094921 0.232574366392 0.237024716282 0.241495069846 0.245984419866 0.250491821748 0.255016389023 0.259557289196 0.264113739927 0.268685005508 0.273270393624 0.277869252356 0.282480967421 0.287104959625 0.291740682502 0.296387620140 0.301045285167 0.305713216887 0.310390979552 0.315078160764 0.319774369992 0.324479237196 0.329192411550 0.333913560254 0.338642367432 0.343378533107 0.348121772246 0.352871813869 0.357628400224 0.362391286013 0.367160237670 0.371935032691 0.376715459006 0.381501314387 0.386292405906 0.391088549418 0.395889569077 0.400695296891 
0.164708557696 0.161386428804 0.158144019132 0.154986075077 0.151917635643 0.148944045183 0.146070965374 0.143304386117 0.140650635097 0.138116385750 0.135708663553 0.133434850786 0.131302690479 0.129320291268 0.127496136834 0.125839107428 0.124358529006 0.123064283388 0.121967057868 0.121078944965 0.120415098162 0.120000000000 0.120415098162 0.121078944965 0.121967057868 0.123064283388 0.124358529006 0.125839107428 0.127496136834 0.129320291268 0.131302690479 0.133434850786 0.135708663553 0.138116385750 0.139554003501 0.136183634017 0.132904708562 0.129723744202 0.126647752268 0.123684268258 0.120841381172 0.118127761809 0.115552689653 0.113126078397 0.110858501030 0.108761217413 0.106846211403 0.105126253666 0.103615027284 0.102327406495 0.101280136684 0.100493755255 0.100000000000 0.100493755255 0.101280136684 0.102327406495 0.103615027284 0.105126253666 0.106846211403 0.108761217413 0.110858501030 0.113126078397 0.115552689653 0.118127761809 0.120841381172 0.123684268258 0.126647752268 0.129723744202 0.132904708562 0.136183634017 0.139554003501 0.143009764241 0.146545298147 0.150155392918 0.153835214141 0.157580278582 0.161386428804 0.165249809196 0.169166843444 0.173134213452 0.177148839691 0.181207862931 0.185308627297 0.189448664599 0.193625679843 0.197837537876 0.202082251071 0.206357967987 0.210662962943 0.214995626420 0.219354456240 0.223738049461 0.228145094921 0.232574366392 0.237024716282 0.241495069846 0.245984419866 0.250491821748 0.255016389023 0.259557289196 0.259557289196 0.153690926824 0.150155392918 0.146696026538 0.143317939762 0.140026620296 0.136827955504 0.133728256578 0.130734282525 0.127853263527 0.125092923250 0.122461499690 0.119967764345 0.117621039933 0.115431217843 0.113408778487 0.111564821852 0.109911124352 0.108460258223 0.107225860741 0.106223291046 0.105471476602 0.105000000000 0.105471476602 0.106223291046 0.107225860741 0.108460258223 0.109911124352 0.111564821852 0.113408778487 0.115431217843 0.117621039933 0.119967764345 0.122461499690 0.125092923250 0.127853263527 0.130734282525 0.133728256578 0.136827955504 0.140026620296 0.143317939762 0.146696026538 0.150155392918 0.153690926824 0.157297868255 0.160971786413 0.164708557696 0.168504344677 0.172355576141 0.176258928232 0.180211306719 0.184209830378 0.188251815462 0.192334761237 0.196456336517 0.200614367182 0.204806824591 0.209031814869 0.213287568987 0.217572433601 0.221884862584 0.226223409216 0.230586718970 0.234973522850 0.239382631259 0.243812928324 0.248263366669 0.252732962592 0.257220791606 0.261725984325 0.266247722669 0.270785236351 0.275337799629 0.279904728315 0.284485376990 0.289079136441 0.293685431284 0.298303717755 0.302933481675 0.307574236550 0.312225521820 0.316886901224 0.321557961286 0.326238309905 0.330927575053 0.335625403545 0.340331459917 0.345045425362 0.349766996746 0.354495885696 0.359231817736 0.363974531490 0.368723777939 0.373479319715 0.378240930457 0.383008394191 0.387781504768 0.392560065320 0.397343887763 0.402132792323 
0.160971786413 0.157580278582 0.154267501449 0.151038331489 0.147897964042 0.144851929299 0.141906107727 0.139066744613 0.136340463377 0.133734277373 0.131255599945 0.128912252813 0.126712473341 0.124664922261 0.122778695414 0.121063347013 0.119528940175 0.118186159143 0.117046564450 0.116123210164 0.115432358602 0.115000000000 0.115432358602 0.116123210164 0.117046564450 0.118186159143 0.119528940175 0.121063347013 0.122778695414 0.124664922261 0.126712473341 0.128912252813 0.131255599945 0.133734277373 0.136340463377 0.139066744613 0.136827955504 0.133728256578 0.130734282525 0.127853263527 0.125092923250 0.122461499690 0.119967764345 0.117621039933 0.115431217843 0.113408778487 0.111564821852 0.109911124352 0.108460258223 0.107225860741 0.106223291046 0.105471476602 0.105000000000 0.105471476602 0.106223291046 0.107225860741 0.108460258223 0.109911124352 0.111564821852 0.113408778487 0.115431217843 0.117621039933 0.119967764345 0.122461499690 0.125092923250 0.127853263527 0.130734282525 0.133728256578 0.136827955504 0.140026620296 0.143317939762 0.146696026538 0.150155392918 0.153690926824 0.157297868255 0.160971786413 0.164708557696 0.168504344677 0.172355576141 0.176258928232 0.180211306719 0.184209830378 0.188251815462 0.192334761237 0.196456336517 0.200614367182 0.204806824591 0.209031814869 0.213287568987 0.217572433601 0.221884862584 0.226223409216 0.230586718970 0.234973522850 0.239382631259 0.243812928324 0.248263366669 0.252732962592 0.257220791606 0.261725984325 0.261725984325 0.157297868255 0.153835214141 0.150450112109 0.147147561347 0.143932907631 0.140811863053 0.137790525496 0.134875397499 0.132073404143 0.129391909562 0.126838731799 0.124422155902 0.122150945683 0.120034355526 0.118082145632 0.116304608141 0.114712620096 0.113317758590 0.112132562327 0.111171167745 0.110451087074 0.110000000000 0.110451087074 0.111171167745 0.112132562327 0.113317758590 0.114712620096 0.116304608141 0.118082145632 0.120034355526 0.122150945683 0.124422155902 0.126838731799 0.129391909562 0.132073404143 0.134875397499 0.137790525496 0.140811863053 0.143932907631 0.147147561347 0.150450112109 0.153835214141 0.157297868255 0.160833402160 0.164437451066 0.168105938756 0.171835059305 0.175621259520 0.179461222197 0.183351850227 0.187290251580 0.191273725161 0.195299747542 0.199365960533 0.203470159577 0.207610282927 0.211784401571 0.215990709860 0.220227516811 0.224493238031 0.228786388226 0.233105574262 0.237449488734 0.241816904009 0.246206666707 0.250617692599 0.255048961869 0.259499514742 0.263968447419 0.268454908326 0.272958094631 0.277477249014 0.282011656678 0.286560642580 0.291123568848 0.295699832404 0.300288862737 0.304890119852 0.309503092353 0.314127295663 0.318762270372 0.323407580699 0.328062813052 0.332727574703 0.337401492535 0.342084211887 0.346775395471 0.351474722362 0.356181887053 0.360896598576 0.365618579681 0.370347566057 0.375083305621 0.379825557836 0.384574093082 0.389328692063 0.394089145252 0.398855252367 0.403626821885 
0.157297868255 0.153835214141 0.150450112109 0.147147561347 0.143932907631 0.140811863053 0.137790525496 0.134875397499 0.132073404143 0.129391909562 0.126838731799 0.124422155902 0.122150945683 0.120034355526 0.118082145632 0.116304608141 0.114712620096 0.113317758590 0.112132562327 0.111171167745 0.110451087074 0.110000000000 0.110451087074 0.111171167745 0.112132562327 0.113317758590 0.114712620096 0.116304608141 0.118082145632 0.120034355526 0.122150945683 0.124422155902 0.126838731799 0.129391909562 0.132073404143 0.134875397499 0.137790525496 0.137790525496 0.134875397499 0.132073404143 0.129391909562 0.126838731799 0.124422155902 0.122150945683 0.120034355526 0.118082145632 0.116304608141 0.114712620096 0.113317758590 0.112132562327 0.111171167745 0.110451087074 0.110000000000 0.110451087074 0.111171167745 0.112132562327 0.113317758590 0.114712620096 0.116304608141 0.118082145632 0.120034355526 0.122150945683 0.124422155902 0.126838731799 0.129391909562 0.132073404143 0.134875397499 0.137790525496 0.140811863053 0.143932907631 0.147147561347 0.150450112109 0.153835214141 0.157297868255 0.160833402160 0.164437451066 0.168105938756 0.171835059305 0.175621259520 0.179461222197 0.183351850227 0.187290251580 0.191273725161 0.195299747542 0.199365960533 0.203470159577 0.207610282927 0.211784401571 0.215990709860 0.220227516811 0.224493238031 0.228786388226 0.233105574262 0.237449488734 0.241816904009 0.246206666707 0.250617692599 0.255048961869 0.259499514742 0.263968447419 0.263968447419 0.160971786413 0.157580278582 0.154267501449 0.151038331489 0.147897964042 0.144851929299 0.141906107727 0.139066744613 0.136340463377 0.133734277373 0.131255599945 0.128912252813 0.126712473341 0.124664922261 0.122778695414 0.121063347013 0.119528940175 0.118186159143 0.117046564450 0.116123210164 0.115432358602 0.115000000000 0.115432358602 0.116123210164 0.117046564450 0.118186159143 0.119528940175 0.121063347013 0.122778695414 0.124664922261 0.126712473341 0.128912252813 0.131255599945 0.133734277373 0.136340463377 0.139066744613 0.141906107727 0.144851929299 0.147897964042 0.151038331489 0.154267501449 0.157580278582 0.160971786413 0.164437451066 0.167972984972 0.171574370749 0.175237845419 0.178959885089 0.182737190182 0.186566671288 0.190445435686 0.194370774542 0.198340150811 0.202351187831 0.206401658602 0.210489475725 0.214612681988 0.218769441560 0.222958031778 0.227176835484 0.231424333888 0.235699099922 0.239999792066 0.244325148595 0.248673982239 0.253045175224 0.257437674653 0.261850488229 0.266282680272 0.270733368020 0.275201718196 0.279686943817 0.284188301225 0.288705087330 0.293236637043 0.297782320895 0.302341542814 0.306913738059 0.311498371297 0.316094934815 0.320702946842 0.325321950000 0.329951509850 0.334591213537 0.339240668524 0.343899501417 0.348567356856 0.353243896486 0.357928797996 0.362621754211 0.367322472252 0.372030672745 0.376746089076 0.381468466703 0.386197562500 0.390933144145 0.395674989551 0.400422886325 0.405176631260 
0.153690926824 0.150155392918 0.146696026538 0.143317939762 0.140026620296 0.136827955504 0.133728256578 0.130734282525 0.127853263527 0.125092923250 0.122461499690 0.119967764345 0.117621039933 0.115431217843 0.113408778487 0.111564821852 0.109911124352 0.108460258223 0.107225860741 0.106223291046 0.105471476602 0.105000000000 0.105471476602 0.106223291046 0.107225860741 0.108460258223 0.109911124352 0.111564821852 0.113408778487 0.115431217843 0.117621039933 0.119967764345 0.122461499690 0.125092923250 0.127853263527 0.130734282525 0.133728256578 0.136827955504 0.139066744613 0.136340463377 0.133734277373 0.131255599945 0.128912252813 0.126712473341 0.124664922261 0.122778695414 0.121063347013 0.119528940175 0.118186159143 0.117046564450 0.116123210164 0.115432358602 0.115000000000 0.115432358602 0.116123210164 0.117046564450 0.118186159143 0.119528940175 0.121063347013 0.122778695414 0.124664922261 0.126712473341 0.128912252813 0.131255599945 0.133734277373 0.136340463377 0.139066744613 0.141906107727 0.144851929299 0.147897964042 0.151038331489 0.154267501449 0.157580278582 0.160971786413 0.164437451066 0.167972984972 0.171574370749 0.175237845419 0.178959885089 0.182737190182 0.186566671288 0.190445435686 0.194370774542 0.198340150811 0.202351187831 0.206401658602 0.210489475725 0.214612681988 0.218769441560 0.222958031778 0.227176835484 0.231424333888 0.235699099922 0.239999792066 0.244325148595 0.248673982239 0.253045175224 0.257437674653 0.261850488229 0.266282680272 0.266282680272 0.164708557696 0.161386428804 0.158144019132 0.154986075077 0.151917635643 0.148944045183 0.146070965374 0.143304386117 0.140650635097 0.138116385750 0.135708663553 0.133434850786 0.131302690479 0.129320291268 0.127496136834 0.125839107428 0.124358529006 0.123064283388 0.121967057868 0.121078944965 0.120415098162 0.120000000000 0.120415098162 0.121078944965 0.121967057868 0.123064283388 0.124358529006 0.125839107428 0.127496136834 0.129320291268 0.131302690479 0.133434850786 0.135708663553 0.138116385750 0.140650635097 0.143304386117 0.146070965374 0.148944045183 0.151917635643 0.154986075077 0.158144019132 0.161386428804 0.164708557696 0.168105938756 0.171574370749 0.175109904654 0.178708830169 0.182367662436 0.186083129116 0.189852157882 0.193671864391 0.197539540772 0.201452644660 0.205408788790 0.209405731142 0.213441365650 0.217513713439 0.221620914609 0.225761220509 0.229932986507 0.234134665224 0.238364800208 0.242622020022 0.246905032730 0.251212620747 0.255543636046 0.259896995679 0.264271677609 0.268666716825 0.273081201722 0.277514270726 0.281965109153 0.286432946279 0.290917052611 0.295416737343 0.299931345983 0.304460258143 0.309002885475 0.313558669744 0.318127081036 0.322707616077 0.327299796666 0.331903168216 0.336517298380 0.341141775779 0.345776208798 0.350420224473 0.355073467441 0.359735598958 0.364406295980 0.369085250302 0.373772167749 0.378466767417 0.383168780966 0.387877951945 0.392594035171 0.397316796137 0.402046010454 0.406781463337 
0.150155392918 0.146545298147 0.143009764241 0.139554003501 0.136183634017 0.132904708562 0.129723744202 0.126647752268 0.123684268258 0.120841381172 0.118127761809 0.115552689653 0.113126078397 0.110858501030 0.108761217413 0.106846211403 0.105126253666 0.103615027284 0.102327406495 0.101280136684 0.100493755255 0.100000000000 0.100493755255 0.101280136684 0.102327406495 0.103615027284 0.105126253666 0.106846211403 0.108761217413 0.110858501030 0.113126078397 0.115552689653 0.118127761809 0.120841381172 0.123684268258 0.126647752268 0.129723744202 0.132904708562 0.136183634017 0.139554003501 0.138116385750 0.135708663553 0.133434850786 0.131302690479 0.129320291268 0.127496136834 0.125839107428 0.124358529006 0.123064283388 0.121967057868 0.121078944965 0.120415098162 0.120000000000 0.120415098162 0.121078944965 0.121967057868 0.123064283388 0.124358529006 0.125839107428 0.127496136834 0.129320291268 0.131302690479 0.133434850786 0.135708663553 0.138116385750 0.140650635097 0.143304386117 0.146070965374 0.148944045183 0.151917635643 0.154986075077 0.158144019132 0.161386428804 0.164708557696 0.168105938756 0.171574370749 0.175109904654 0.178708830169 0.182367662436 0.186083129116 0.189852157882 0.193671864391 0.197539540772 0.201452644660 0.205408788790 0.209405731142 0.213441365650 0.217513713439 0.221620914609 0.225761220509 0.229932986507 0.234134665224 0.238364800208 0.242622020022 0.246905032730 0.251212620747 0.255543636046 0.259896995679 0.264271677609 0.268666716825 0.268666716825 0.168504344677 0.165249809196 0.162075806685 0.158986948216 0.155988112755 0.153084457115 0.150281425001 0.147584754883 0.145000486470 0.142534965627 0.140194847710 0.137987099601 0.135919001265 0.133998148661 0.132232461766 0.130630205190 0.129200036588 0.127951115320 0.126893347067 0.126037967197 0.125399141320 0.125000000000 0.125399141320 0.126037967197 0.126893347067 0.127951115320 0.129200036588 0.130630205190 0.132232461766 0.133998148661 0.135919001265 0.137987099601 0.140194847710 0.142534965627 0.145000486470 0.147584754883 0.150281425001 0.153084457115 0.155988112755 0.158986948216 0.162075806685 0.165249809196 0.168504344677 0.171835059305 0.175237845419 0.178708830169 0.182244364075 0.185841009632 0.189495530077 0.193204878410 0.196966186734 0.200776755960 0.204634045933 0.208535665983 0.212479365925 0.216463027508 0.220484656327 0.224542374166 0.228634411786 0.232759102133 0.236914873954 0.241100245794 0.245313820383 0.249554279357 0.253820378326 0.258110942255 0.262424861144 0.266761085990 0.271118625006 0.275496540096 0.279893943558 0.284309995002 0.288743898471 0.293194899752 0.297662283865 0.302145372714 0.306643522893 0.311156123633 0.315682594885 0.320222385528 0.324774971691 0.329339855179 0.333916562011 0.338504641038 0.343103662659 0.347713217611 0.352332915841 0.356962385442 0.361601271662 0.366249235969 0.370905955175 0.375571120615 0.380244437374 0.384925623559 0.389614409621 0.394310537711 0.399013761074 0.403723843485 0.408440558712 
0.146696026538 0.143009764241 0.139396217824 0.135860683918 0.132408895899 0.129047058274 0.125781882506 0.122620623946 0.119571119462 0.116641825249 0.113841854274 0.111181012880 0.108669836383 0.106319624359 0.104142478194 0.102151347679 0.100360102722 0.098783667982 0.097438313946 0.096342363477 0.095518194407 0.095000000000 0.095518194407 0.096342363477 0.097438313946 0.098783667982 0.100360102722 0.102151347679 0.104142478194 0.106319624359 0.108669836383 0.111181012880 0.113841854274 0.116641825249 0.119571119462 0.122620623946 0.125781882506 0.129047058274 0.132408895899 0.135860683918 0.139396217824 0.140194847710 0.137987099601 0.135919001265 0.133998148661 0.132232461766 0.130630205190 0.129200036588 0.127951115320 0.126893347067 0.126037967197 0.125399141320 0.125000000000 0.125399141320 0.126037967197 0.126893347067 0.127951115320 0.129200036588 0.130630205190 0.132232461766 0.133998148661 0.135919001265 0.137987099601 0.140194847710 0.142534965627 0.145000486470 0.147584754883 0.150281425001 0.153084457115 0.155988112755 0.158986948216 0.162075806685 0.165249809196 0.168504344677 0.171835059305 0.175237845419 0.178708830169 0.182244364075 0.185841009632 0.189495530077 0.193204878410 0.196966186734 0.200776755960 0.204634045933 0.208535665983 0.212479365925 0.216463027508 0.220484656327 0.224542374166 0.228634411786 0.232759102133 0.236914873954 0.241100245794 0.245313820383 0.249554279357 0.253820378326 0.258110942255 0.262424861144 0.266761085990 0.271118625006 0.271118625006 0.172355576141 0.169166843444 0.166059297354 0.163037410181 0.160105898989 0.157269733173 0.154534141041 0.151904615173 0.149386916408 0.146987076329 0.144711398342 0.142566457692 0.140559101353 0.138696449704 0.136985903792 0.135435165610 0.134052286234 0.132845773337 0.131824831177 0.130999928468 0.130384347160 0.130000000000 0.130384347160 0.130999928468 0.131824831177 0.132845773337 0.134052286234 0.135435165610 0.136985903792 0.138696449704 0.140559101353 0.142566457692 0.144711398342 0.146987076329 0.149386916408 0.151904615173 0.154534141041 0.157269733173 0.160105898989 0.163037410181 0.166059297354 0.169166843444 0.172355576141 0.175621259520 0.178959885089 0.182367662436 0.185841009632 0.189376543538 0.192971070124 0.196621574898 0.200325213521 0.204079302662 0.207881311155 0.211728851468 0.215619671526 0.219551646894 0.223522773323 0.227531159677 0.231575021219 0.235652673257 0.239762525156 0.243903074671 0.248072902626 0.252270667899 0.256495102710 0.260745008194 0.265019250251 0.269316755645 0.273636508353 0.277977546136 0.282338957334 0.286719877857 0.291119488367 0.295537011643 0.299971710104 0.304422883502 0.308889866745 0.313372027875 0.317868766156 0.322379510299 0.326903716785 0.331440868299 0.335990472266 0.340552059466 0.345125182746 0.349709415808 0.354304352065 0.358909603581 0.363524800057 0.368149587896 0.372783629311 0.377426601495 0.382078195835 0.386738117175 0.391406083121 0.396081823388 0.400765079186 0.405455602637 0.410153156229 
0.143317939762 0.139554003501 0.135860683918 0.132243342426 0.128707808520 0.125260420292 0.121908067292 0.118658235475 0.115519053888 0.112499342594 0.109608661262 0.106857357875 0.104256617213 0.101818509545 0.099556041748 0.097483217271 0.095615120793 0.093968065993 0.092559903081 0.091410756706 0.090545119447 0.090000000000 0.090545119447 0.091410756706 0.092559903081 0.093968065993 0.095615120793 0.097483217271 0.099556041748 0.101818509545 0.104256617213 0.106857357875 0.109608661262 0.112499342594 0.115519053888 0.118658235475 0.121908067292 0.125260420292 0.128707808520 0.132243342426 0.135860683918 0.139554003501 0.142218188864 0.140559101353 0.138696449704 0.136985903792 0.135435165610 0.134052286234 0.132845773337 0.131824831177 0.130999928468 0.130384347160 0.130000000000 0.130384347160 0.130999928468 0.131824831177 0.132845773337 0.134052286234 0.135435165610 0.136985903792 0.138696449704 0.140559101353 0.142566457692 0.144711398342 0.146987076329 0.149386916408 0.151904615173 0.154534141041 0.157269733173 0.160105898989 0.163037410181 0.166059297354 0.169166843444 0.172355576141 0.175621259520 0.178959885089 0.182367662436 0.185841009632 0.189376543538 0.192971070124 0.196621574898 0.200325213521 0.204079302662 0.207881311155 0.211728851468 0.215619671526 0.219551646894 0.223522773323 0.227531159677 0.231575021219 0.235652673257 0.239762525156 0.243903074671 0.248072902626 0.252270667899 0.256495102710 0.260745008194 0.265019250251 0.269316755645 0.273636508353 0.273636508353 0.176258928232 0.173134213452 0.170091192713 0.167134197647 0.164267783082 0.161496732597 0.158826063041 0.156261027848 0.153807119006 0.151470067662 0.149255843483 0.147170653238 0.145220939573 0.143413381991 0.141754903835 0.140252692603 0.138914248109 0.137747489038 0.136760988562 0.135964527476 0.135370594236 0.135000000000 0.135370594236 0.135964527476 0.136760988562 0.137747489038 0.138914248109 0.140252692603 0.141754903835 0.143413381991 0.145220939573 0.147170653238 0.149255843483 0.151470067662 0.153807119006 0.156261027848 0.158826063041 0.161496732597 0.164267783082 0.167134197647 0.170091192713 0.173134213452 0.176258928232 0.179461222197 0.182737190182 0.186083129116 0.189495530077 0.192971070124 0.196506604030 0.200099156002 0.203745911477 0.207444209054 0.211191532616 0.214985503675 0.218823873983 0.222704518412 0.226625428140 0.230584704123 0.234580550891 0.238611270628 0.242675257571 0.246770992695 0.250897038686 0.255052035193 0.259234694352 0.263443796557 0.267678186488 0.271936769364 0.276218507423 0.280522416608 0.284847563461 0.289193062194 0.293558071945 0.297941794203 0.302343470382 0.306762379551 0.311197836297 0.315649188727 0.320115816581 0.324597129470 0.329092565216 0.333601588293 0.338123688366 0.342658378915 0.347205195944 0.351763696766 0.356333458862 0.360914078806 0.365505171258 0.370106368013 0.374717317104 0.379337681964 0.383967140632 0.388605385004 0.393252120132 0.397907063560 0.402569944696 0.407240504226 0.411918493552 
0.140026620296 0.136183634017 0.132408895899 0.128707808520 0.125086273705 0.121550739800 0.118108252407 0.114766508484 0.111533913527 0.108419641449 0.105433696631 0.102586977563 0.099891341621 0.097359671190 0.095005942992 0.092845306583 0.090894187571 0.089170454377 0.087693748274 0.086486259560 0.085574923798 0.085000000000 0.085574923798 0.086486259560 0.087693748274 0.089170454377 0.090894187571 0.092845306583 0.095005942992 0.097359671190 0.099891341621 0.102586977563 0.105433696631 0.108419641449 0.111533913527 0.114766508484 0.118108252407 0.121550739800 0.125086273705 0.128707808520 0.132408895899 0.136183634017 0.140026620296 0.143818355965 0.143413381991 0.141754903835 0.140252692603 0.138914248109 0.137747489038 0.136760988562 0.135964527476 0.135370594236 0.135000000000 0.135370594236 0.135964527476 0.136760988562 0.137747489038 0.138914248109 0.140252692603 0.141754903835 0.143413381991 0.145220939573 0.147170653238 0.149255843483 0.151470067662 0.153807119006 0.156261027848 0.158826063041 0.161496732597 0.164267783082 0.167134197647 0.170091192713 0.173134213452 0.176258928232 0.179461222197 0.182737190182 0.186083129116 0.189495530077 0.192971070124 0.196506604030 0.200099156002 0.203745911477 0.207444209054 0.211191532616 0.214985503675 0.218823873983 0.222704518412 0.226625428140 0.230584704123 0.234580550891 0.238611270628 0.242675257571 0.246770992695 0.250897038686 0.255052035193 0.259234694352 0.263443796557 0.267678186488 0.271936769364 0.276218507423 0.276218507423 0.180211306719 0.177148839691 0.174168441033 0.171274301069 0.168470813303 0.165762578276 0.163154406380 0.160651319498 0.158258551388 0.155981546831 0.153825959742 0.151797650747 0.149902685297 0.148147334342 0.146538081368 0.145081643009 0.143785017394 0.142655589854 0.141701364316 0.140931502370 0.140357777346 0.140000000000 0.140357777346 0.140931502370 0.141701364316 0.142655589854 0.143785017394 0.145081643009 0.146538081368 0.148147334342 0.149902685297 0.151797650747 0.153825959742 0.155981546831 0.158258551388 0.160651319498 0.163154406380 0.165762578276 0.168470813303 0.171274301069 0.174168441033 0.177148839691 0.180211306719 0.183351850227 0.186566671288 0.189852157882 0.193204878410 0.196621574898 0.200099156002 0.203634689908 0.207225397217 0.210868643871 0.214561934179 0.218302903992 0.222089314053 0.225919043558 0.229790083942 0.233700532899 0.237648588657 0.241632544502 0.245650783557 0.249701773812 0.253784063402 0.257896276128 0.262037107219 0.266205319313 0.270399738669 0.274619251577 0.278862800983 0.283129383300 0.287418045400 0.291727881783 0.296058031914 0.300407677708 0.304776041172 0.309162382176 0.313565996362 0.317986213179 0.322422394025 0.326873930506 0.331340242798 0.335820778101 0.340315009187 0.344822433037 0.349342569548 0.353874960327 0.358419167549 0.362974772880 0.367541376469 0.372118595992 0.376706065753 0.381303435839 0.385910371317 0.390526551486 0.395151669159 0.399785429999 0.404427551879 0.409077764289 0.413735807767 
0.136827955504 0.132904708562 0.129047058274 0.125260420292 0.121550739800 0.117924546127 0.114389012221 0.110952019024 0.107622224707 0.104409138544 0.101323199028 0.098375855756 0.095579654616 0.092948326319 0.090496879863 0.088241706404 0.086200708704 0.084393495188 0.082841741370 0.081570014333 0.080608087519 0.080000000000 0.080608087519 0.081570014333 0.082841741370 0.084393495188 0.086200708704 0.088241706404 0.090496879863 0.092948326319 0.095579654616 0.098375855756 0.101323199028 0.104409138544 0.107622224707 0.110952019024 0.114389012221 0.117924546127 0.121550739800 0.125260420292 0.129047058274 0.132904708562 0.136827955504 0.140811863053 0.144851929299 0.146481797966 0.145081643009 0.143785017394 0.142655589854 0.141701364316 0.140931502370 0.140357777346 0.140000000000 0.140357777346 0.140931502370 0.141701364316 0.142655589854 0.143785017394 0.145081643009 0.146538081368 0.148147334342 0.149902685297 0.151797650747 0.153825959742 0.155981546831 0.158258551388 0.160651319498 0.163154406380 0.165762578276 0.168470813303 0.171274301069 0.174168441033 0.177148839691 0.180211306719 0.183351850227 0.186566671288 0.189852157882 0.193204878410 0.196621574898 0.200099156002 0.203634689908 0.207225397217 0.210868643871 0.214561934179 0.218302903992 0.222089314053 0.225919043558 0.229790083942 0.233700532899 0.237648588657 0.241632544502 0.245650783557 0.249701773812 0.253784063402 0.257896276128 0.262037107219 0.266205319313 0.270399738669 0.274619251577 0.278862800983 0.278862800983 0.184209830378 0.181207862931 0.178288217346 0.175454943067 0.172712274205 0.170064631968 0.167516626074 0.165073055050 0.162738905375 0.160519349529 0.158419743214 0.156445622294 0.154602700565 0.152896870419 0.151334210171 0.149921005124 0.148663796185 0.147569484753 0.146645560018 0.145900624543 0.145345804909 0.145000000000 0.145345804909 0.145900624543 0.146645560018 0.147569484753 0.148663796185 0.149921005124 0.151334210171 0.152896870419 0.154602700565 0.156445622294 0.158419743214 0.160519349529 0.162738905375 0.165073055050 0.167516626074 0.170064631968 0.172712274205 0.175454943067 0.178288217346 0.181207862931 0.184209830378 0.187290251580 0.190445435686 0.193671864391 0.196966186734 0.200325213521 0.203745911477 0.207225397217 0.210760931123 0.214349911185 0.217989866876 0.221678453092 0.225413444213 0.229192728300 0.233014301459 0.236876262387 0.240776807122 0.244714223986 0.248686888745 0.252693259983 0.256731874680 0.260801344008 0.264900349329 0.269027638392 0.273182021734 0.277362369255 0.281567606994 0.285796714063 0.290048719757 0.294322700823 0.298617778877 0.302933117970 0.307267922290 0.311621433994 0.315992931161 0.320381725866 0.324787162362 0.329208615361 0.333645488426 0.338097212440 0.342563244174 0.347043064929 0.351536179263 0.356042113783 0.360560416011 0.365090653311 0.369632411881 0.374185295794 0.378748926103 0.383322939985 0.387906989947 0.392500743057 0.397103880238 0.401716095584 0.406337095725 0.410966599220 0.415604335985 
0.133728256578 0.129723744202 0.125781882506 0.121908067292 0.118108252407 0.114389012221 0.110757610596 0.107222076690 0.103791287837 0.100475059579 0.097284242772 0.094230827508 0.091328053577 0.088590527532 0.086034347771 0.083677242757 0.081538737093 0.079640384619 0.078006174149 0.076663417060 0.075645202313 0.075000000000 0.075645202313 0.076663417060 0.078006174149 0.079640384619 0.081538737093 0.083677242757 0.086034347771 0.088590527532 0.091328053577 0.094230827508 0.097284242772 0.100475059579 0.103791287837 0.107222076690 0.110757610596 0.114389012221 0.118108252407 0.121908067292 0.125781882506 0.129723744202 0.133728256578 0.137790525496 0.141906107727 0.146070965374 0.149077062725 0.148663796185 0.147569484753 0.146645560018 0.145900624543 0.145345804909 0.145000000000 0.145345804909 0.145900624543 0.146645560018 0.147569484753 0.148663796185 0.149921005124 0.151334210171 0.152896870419 0.154602700565 0.156445622294 0.158419743214 0.160519349529 0.162738905375 0.165073055050 0.167516626074 0.170064631968 0.172712274205 0.175454943067 0.178288217346 0.181207862931 0.184209830378 0.187290251580 0.190445435686 0.193671864391 0.196966186734 0.200325213521 0.203745911477 0.207225397217 0.210760931123 0.214349911185 0.217989866876 0.221678453092 0.225413444213 0.229192728300 0.233014301459 0.236876262387 0.240776807122 0.244714223986 0.248686888745 0.252693259983 0.256731874680 0.260801344008 0.264900349329 0.269027638392 0.273182021734 0.277362369255 0.281567606994 0.281567606994 0.188251815462 0.185308627297 0.182447905078 0.179673558675 0.176989665541 0.174400471968 0.171910393357 0.169524013450 0.167246082520 0.165081514621 0.163035384206 0.161112922702 0.159319516195 0.157660706286 0.156142197860 0.154769880702 0.153549878397 0.152488652400 0.151593225317 0.150871693555 0.150334596842 0.150000000000 0.150334596842 0.150871693555 0.151593225317 0.152488652400 0.153549878397 0.154769880702 0.156142197860 0.157660706286 0.159319516195 0.161112922702 0.163035384206 0.165081514621 0.167246082520 0.169524013450 0.171910393357 0.174400471968 0.176989665541 0.179673558675 0.182447905078 0.185308627297 0.188251815462 0.191273725161 0.194370774542 0.197539540772 0.200776755960 0.204079302662 0.207444209054 0.210868643871 0.214349911185 0.217885445091 0.221472804357 0.225109667087 0.228793825440 0.232523180428 0.236295736837 0.240109598273 0.243962962361 0.247854116107 0.251781431424 0.255743360845 0.259738433396 0.263765250665 0.267822483042 0.271908866129 0.276023197330 0.280164332606 0.284331183394 0.288522713676 0.292737937214 0.296975914914 0.301235752344 0.305516597373 0.309817637951 0.314138099992 0.318477245392 0.322834370140 0.327208802542 0.331599901540 0.336007055125 0.340429678838 0.344867214350 0.349319128130 0.353784910176 0.358264072823 0.362756149618 0.367260694249 0.371777279542 0.376305496511 0.380844953455 0.385395275107 0.389956101837 0.394527088885 0.399107905643 0.403698234980 0.408297772590 0.412906226391 0.417523315942 
0.130734282525 0.126647752268 0.122620623946 0.118658235475 0.114766508484 0.110952019024 0.107222076690 0.103584812905 0.100049278999 0.096625554662 0.093324867161 0.090159721577 0.087144042205 0.084293325532 0.081624806303 0.079157641721 0.076913128172 0.074914989806 0.073189847395 0.071768190944 0.070687005667 0.070000000000 0.070687005667 0.071768190944 0.073189847395 0.074914989806 0.076913128172 0.079157641721 0.081624806303 0.084293325532 0.087144042205 0.090159721577 0.093324867161 0.096625554662 0.100049278999 0.103584812905 0.107222076690 0.110952019024 0.114766508484 0.118658235475 0.122620623946 0.126647752268 0.130734282525 0.134875397499 0.139066744613 0.143304386117 0.147584754883 0.151618401672 0.152488652400 0.151593225317 0.150871693555 0.150334596842 0.150000000000 0.150334596842 0.150871693555 0.151593225317 0.152488652400 0.153549878397 0.154769880702 0.156142197860 0.157660706286 0.159319516195 0.161112922702 0.163035384206 0.165081514621 0.167246082520 0.169524013450 0.171910393357 0.174400471968 0.176989665541 0.179673558675 0.182447905078 0.185308627297 0.188251815462 0.191273725161 0.194370774542 0.197539540772 0.200776755960 0.204079302662 0.207444209054 0.210868643871 0.214349911185 0.217885445091 0.221472804357 0.225109667087 0.228793825440 0.232523180428 0.236295736837 0.240109598273 0.243962962361 0.247854116107 0.251781431424 0.255743360845 0.259738433396 0.263765250665 0.267822483042 0.271908866129 0.276023197330 0.280164332606 0.284331183394 0.284331183394 0.192334761237 0.189448664599 0.186645079190 0.183927777316 0.181300683150 0.178767873015 0.176333574740 0.174002166055 0.171778172071 0.169666261964 0.167671245223 0.165798068073 0.164051811260 0.162437691246 0.160961068516 0.159627469775 0.158442637127 0.157412631299 0.156544050961 0.155844532951 0.155324082820 0.155000000000 0.155324082820 0.155844532951 0.156544050961 0.157412631299 0.158442637127 0.159627469775 0.160961068516 0.162437691246 0.164051811260 0.165798068073 0.167671245223 0.169666261964 0.171778172071 0.174002166055 0.176333574740 0.178767873015 0.181300683150 0.183927777316 0.186645079190 0.189448664599 0.192334761237 0.195299747542 0.198340150811 0.201452644660 0.204634045933 0.207881311155 0.211191532616 0.214561934179 0.217989866876 0.221472804357 0.225008338263 0.228594173550 0.232228123825 0.235908106712 0.239632139292 0.243398333627 0.247204892395 0.251050104646 0.254932341692 0.258850053140 0.262801763065 0.266786066345 0.270801625135 0.274847165497 0.278921474184 0.283023395564 0.287151828693 0.291305724527 0.295484083274 0.299685951870 0.303910421590 0.308156625780 0.312423737697 0.316710968477 0.321017565195 0.325342809038 0.329686013564 0.334046523065 0.338423711012 0.342816978581 0.347225753263 0.351649487545 0.356087657664 0.360539762428 0.365005322097 0.369483877331 0.373974988186 0.378478233172 0.382993208354 0.387519526504 0.392056816304 0.396604721579 0.401162900580 0.405731025304 0.410308780846 0.414895864785 0.419491986608 
0.127853263527 0.123684268258 0.119571119462 0.115519053888 0.111533913527 0.107622224707 0.103791287837 0.100049278999 0.096405364667 0.092869830761 0.089454227237 0.086171529263 0.083036316016 0.080064968271 0.077275887021 0.074689738529 0.072329740444 0.070222028730 0.068396216941 0.066886486487 0.065734428236 0.065000000000 0.065734428236 0.066886486487 0.068396216941 0.070222028730 0.072329740444 0.074689738529 0.077275887021 0.080064968271 0.083036316016 0.086171529263 0.089454227237 0.092869830761 0.096405364667 0.100049278999 0.103791287837 0.107622224707 0.111533913527 0.115519053888 0.119571119462 0.123684268258 0.127853263527 0.132073404143 0.136340463377 0.140650635097 0.145000486470 0.149386916408 0.153807119006 0.156057949504 0.155844532951 0.155324082820 0.155000000000 0.155324082820 0.155844532951 0.156544050961 0.157412631299 0.158442637127 0.159627469775 0.160961068516 0.162437691246 0.164051811260 0.165798068073 0.167671245223 0.169666261964 0.171778172071 0.174002166055 0.176333574740 0.178767873015 0.181300683150 0.183927777316 0.186645079190 0.189448664599 0.192334761237 0.195299747542 0.198340150811 0.201452644660 0.204634045933 0.207881311155 0.211191532616 0.214561934179 0.217989866876 0.221472804357 0.225008338263 0.228594173550 0.232228123825 0.235908106712 0.239632139292 0.243398333627 0.247204892395 0.251050104646 0.254932341692 0.258850053140 0.262801763065 0.266786066345 0.270801625135 0.274847165497 0.278921474184 0.283023395564 0.287151828693 0.287151828693 0.196456336517 0.193625679843 0.190877490685 0.188215406362 0.185643201635 0.183164788188 0.180784213266 0.178505657428 0.176333431507 0.174271972929 0.172325841764 0.170499717170 0.168798395399 0.167226791438 0.165789947898 0.164493057808 0.163341514020 0.162341011548 0.161497762992 0.160818986804 0.160314200838 0.160000000000 0.160314200838 0.160818986804 0.161497762992 0.162341011548 0.163341514020 0.164493057808 0.165789947898 0.167226791438 0.168798395399 0.170499717170 0.172325841764 0.174271972929 0.176333431507 0.178505657428 0.180784213266 0.183164788188 0.185643201635 0.188215406362 0.190877490685 0.193625679843 0.196456336517 0.199365960533 0.202351187831 0.205408788790 0.208535665983 0.211728851468 0.214985503675 0.218302903992 0.221678453092 0.225109667087 0.228594173550 0.232129707456 0.235714107086 0.239345309926 0.243021348595 0.246740346822 0.250500515490 0.254300148779 0.258137620398 0.262011379931 0.265919949306 0.269861919383 0.273835946666 0.277840750149 0.281875108287 0.285937856099 0.290027882395 0.294144127126 0.298285578861 0.302451272379 0.306640286375 0.310851741282 0.315084797194 0.319338651897 0.323612538999 0.327905726147 0.332217513346 0.336547231356 0.340894240174 0.345257927595 0.349637707849 0.354033020305 0.358443328244 0.362868117700 0.367306896354 0.371759192493 0.376224554020 0.380702547512 0.385192757337 0.389694784805 0.394208247373 0.398732777886 0.403268023855 0.407813646781 0.412369321505 0.416934735595 0.421509588766 
0.125092923250 0.120841381172 0.116641825249 0.112499342594 0.108419641449 0.104409138544 0.100475059579 0.096625554662 0.092869830761 0.089218303332 0.085682769426 0.082276604631 0.079014986313 0.075915145892 0.072996653914 0.070281744764 0.067795696848 0.065567309478 0.063629591934 0.062021020242 0.060788660837 0.060000000000 0.060788660837 0.062021020242 0.063629591934 0.065567309478 0.067795696848 0.070281744764 0.072996653914 0.075915145892 0.079014986313 0.082276604631 0.085682769426 0.089218303332 0.092869830761 0.096625554662 0.100475059579 0.104409138544 0.108419641449 0.112499342594 0.116641825249 0.120841381172 0.125092923250 0.129391909562 0.133734277373 0.138116385750 0.142534965627 0.146987076329 0.151470067662 0.155981546831 0.159447910016 0.160258018757 0.160000000000 0.160314200838 0.160818986804 0.161497762992 0.162341011548 0.163341514020 0.164493057808 0.165789947898 0.167226791438 0.168798395399 0.170499717170 0.172325841764 0.174271972929 0.176333431507 0.178505657428 0.180784213266 0.183164788188 0.185643201635 0.188215406362 0.190877490685 0.193625679843 0.196456336517 0.199365960533 0.202351187831 0.205408788790 0.208535665983 0.211728851468 0.214985503675 0.218302903992 0.221678453092 0.225109667087 0.228594173550 0.232129707456 0.235714107086 0.239345309926 0.243021348595 0.246740346822 0.250500515490 0.254300148779 0.258137620398 0.262011379931 0.265919949306 0.269861919383 0.273835946666 0.277840750149 0.281875108287 0.285937856099 0.290027882395 0.290027882395 0.200614367182 0.197837537876 0.195143052414 0.192534416154 0.190015258673 0.187589332611 0.185260511739 0.183032788242 0.180910269314 0.178897173270 0.176997825537 0.175216655240 0.173558193533 0.172027075730 0.170628050815 0.169366004790 0.168246010276 0.167273427904 0.166454117897 0.165794916828 0.165304896022 0.165000000000 0.165304896022 0.165794916828 0.166454117897 0.167273427904 0.168246010276 0.169366004790 0.170628050815 0.172027075730 0.173558193533 0.175216655240 0.176997825537 0.178897173270 0.180910269314 0.183032788242 0.185260511739 0.187589332611 0.190015258673 0.192534416154 0.195143052414 0.197837537876 0.200614367182 0.203470159577 0.206401658602 0.209405731142 0.212479365925 0.215619671526 0.218823873983 0.222089314053 0.225413444213 0.228793825440 0.232228123825 0.235714107086 0.239249640992 0.242832685759 0.246461292433 0.250133599292 0.253847828288 0.257602281541 0.261395337909 0.265225449642 0.269091139122 0.272990995705 0.276923672671 0.280887884273 0.284882402904 0.288906056365 0.292957725257 0.297036340464 0.301140880762 0.305270370521 0.309423877516 0.313600510839 0.317799418906 0.322019787559 0.326260838258 0.330521826365 0.334802039506 0.339100796016 0.343417443461 0.347751357237 0.352101939232 0.356468616560 0.360850840358 0.365248084647 0.369659845241 0.374085638722 0.378525001464 0.382977488700 0.387442673646 0.391920146662 0.396409514459 0.400910399347 0.405422438516 0.409945283361 0.414478598832 0.419022062823 0.423575365592 
0.122461499690 0.118127761809 0.113841854274 0.109608661262 0.105433696631 0.101323199028 0.097284242772 0.093324867161 0.089454227237 0.085682769426 0.082022435918 0.078486902012 0.075091851168 0.071855293114 0.068797931692 0.065943592419 0.063319728827 0.060958052410 0.058895408043 0.057175270528 0.055851251183 0.055000000000 0.055851251183 0.057175270528 0.058895408043 0.060958052410 0.063319728827 0.065943592419 0.068797931692 0.071855293114 0.075091851168 0.078486902012 0.082022435918 0.085682769426 0.089454227237 0.093324867161 0.097284242772 0.101323199028 0.105433696631 0.109608661262 0.113841854274 0.118127761809 0.122461499690 0.126838731799 0.131255599945 0.135708663553 0.140194847710 0.144711398342 0.149255843483 0.153825959742 0.158419743214 0.162752850194 0.164633026693 0.165273066535 0.165791986144 0.166453773263 0.167273378804 0.168246002150 0.169366003271 0.170628050501 0.172027075659 0.173558193515 0.175216655236 0.176997825536 0.178897173270 0.180910269314 0.183032788242 0.185260511739 0.187589332611 0.190015258673 0.192534416154 0.195143052414 0.197837537876 0.200614367182 0.203470159577 0.206401658602 0.209405731142 0.212479365925 0.215619671526 0.218823873983 0.222089314053 0.225413444213 0.228793825440 0.232228123825 0.235714107086 0.239249640992 0.242832685759 0.246461292433 0.250133599292 0.253847828288 0.257602281541 0.261395337909 0.265225449642 0.269091139122 0.272990995705 0.276923672671 0.280887884273 0.284882402904 0.288906056365 0.292957725257 0.292957725257 0.204806824591 0.202082251071 0.199439826068 0.196882926349 0.194415040801 0.192039768769 0.189760817695 0.187582000055 0.185507229734 0.183540518038 0.181685969746 0.179947779920 0.178330232620 0.176837703575 0.175474670289 0.174245735926 0.173155679032 0.172209553932 0.171412898530 0.170772199974 0.170296119635 0.170000000000 0.170296119635 0.170772199974 0.171412898530 0.172209553932 0.173155679032 0.174245735926 0.175474670289 0.176837703575 0.178330232620 0.179947779920 0.181685969746 0.183540518038 0.185507229734 0.187582000055 0.189760817695 0.192039768769 0.194415040801 0.196882926349 0.199439826068 0.202082251071 0.204806824591 0.207610282927 0.210489475725 0.213441365650 0.216463027508 0.219551646894 0.222704518412 0.225919043558 0.229192728300 0.232523180428 0.235908106712 0.239345309926 0.242832685759 0.246368219665 0.249949983674 0.253576133194 0.257244903815 0.260954608153 0.264703632737 0.268490434946 0.272313540023 0.276171538165 0.280063081691 0.283986882301 0.287941708429 0.291926382685 0.295939779392 0.299980822224 0.304048481927 0.308141774148 0.312259757344 0.316401530787 0.320566232657 0.324753038220 0.328961158088 0.333189836559 0.337438350038 0.341706005529 0.345992139200 0.350296115018 0.354617323444 0.358955180202 0.363309125097 0.367678620896 0.372063152267 0.376462224760 0.380875363852 0.385302114026 0.389742037901 0.394194715411 0.398659743011 0.403136732933 0.407625312476 0.412125123329 0.416635820928 0.421157073845 0.425688563207 
0.119967764345 0.115552689653 0.111181012880 0.106857357875 0.102586977563 0.098375855756 0.094230827508 0.090159721577 0.086171529263 0.082276604631 0.078486902012 0.074816257686 0.071280723780 0.067898963864 0.064692721914 0.061687380507 0.058912634035 0.056403329783 0.054200610184 0.052353759066 0.050924246878 0.050000000000 0.050924246878 0.052353759066 0.054200610184 0.056403329783 0.058912634035 0.061687380507 0.064692721914 0.067898963864 0.071280723780 0.074816257686 0.078486902012 0.082276604631 0.086171529263 0.090159721577 0.094230827508 0.098375855756 0.102586977563 0.106857357875 0.111181012880 0.115552689653 0.119967764345 0.124422155902 0.128912252813 0.133434850786 0.137987099601 0.142566457692 0.147170653238 0.151797650747 0.156445622294 0.161112922702 0.165798068073 0.169061342870 0.170561600974 0.171385435870 0.172205645622 0.173155039804 0.174245617941 0.175474646173 0.176837698195 0.178330231325 0.179947779587 0.181685969656 0.183540518012 0.185507229727 0.187582000052 0.189760817695 0.192039768769 0.194415040801 0.196882926349 0.199439826068 0.202082251071 0.204806824591 0.207610282927 0.210489475725 0.213441365650 0.216463027508 0.219551646894 0.222704518412 0.225919043558 0.229192728300 0.232523180428 0.235908106712 0.239345309926 0.242832685759 0.246368219665 0.249949983674 0.253576133194 0.257244903815 0.260954608153 0.264703632737 0.268490434946 0.272313540023 0.276171538165 0.280063081691 0.283986882301 0.287941708429 0.291926382685 0.295939779392 0.295939779392 0.209031814869 0.206357967987 0.203766010262 0.201259193491 0.198840870538 0.196514493283 0.194283609933 0.192151861737 0.190122979235 0.188200778270 0.186389156187 0.184692088922 0.183113630152 0.181657914503 0.180329168249 0.179131733673 0.178070118858 0.177149097037 0.176373910661 0.175750726393 0.175287828251 0.175000000000 0.175287828251 0.175750726393 0.176373910661 0.177149097037 0.178070118858 0.179131733673 0.180329168249 0.181657914503 0.183113630152 0.184692088922 0.186389156187 0.188200778270 0.190122979235 0.192151861737 0.194283609933 0.196514493283 0.198840870538 0.201259193491 0.203766010262 0.206357967987 0.209031814869 0.211784401571 0.214612681988 0.217513713439 0.220484656327 0.223522773323 0.226625428140 0.229790083942 0.233014301459 0.236295736837 0.239632139292 0.243021348595 0.246461292433 0.249949983674 0.253485517580 0.257066068972 0.260689889387 0.264355304246 0.268060710032 0.271804571515 0.275585419018 0.279401845743 0.283252505159 0.287136108460 0.291051422099 0.294997265399 0.298972508247 0.302976068860 0.307006911649 0.311064045146 0.315146520031 0.319253427226 0.323383896071 0.327537092586 0.331712217793 0.335908506127 0.340125223905 0.344361667874 0.348617163820 0.352891065240 0.357182752079 0.361491629524 0.365817126857 0.370158696356 0.374515812257 0.378887969757 0.383274684072 0.387675489533 0.392089938729 0.396517601693 0.400958065122 0.405410931641 0.409875819094 0.414352359875 0.418840200293 0.423338999959 0.427848431210 
0.117621039933 0.113126078397 0.108669836383 0.104256617213 0.099891341621 0.095579654616 0.091328053577 0.087144042205 0.083036316016 0.079014986313 0.075091851168 0.071280723780 0.067597830914 0.064062297008 0.060696733548 0.057527959631 0.054587892173 0.051914674486 0.049554198564 0.047562465409 0.046010412560 0.045000000000 0.046010412560 0.047562465409 0.049554198564 0.051914674486 0.054587892173 0.057527959631 0.060696733548 0.064062297008 0.067597830914 0.071280723780 0.075091851168 0.079014986313 0.083036316016 0.087144042205 0.091328053577 0.095579654616 0.099891341621 0.104256617213 0.108669836383 0.113126078397 0.117621039933 0.122150945683 0.126712473341 0.131302690479 0.135919001265 0.140559101353 0.145220939573 0.149902685297 0.154602700565 0.159319516195 0.164051811260 0.168798395399 0.173103852232 0.175674186484 0.177020874682 0.178048333938 0.179127720437 0.180328353948 0.181657734286 0.183113587109 0.184692077927 0.186389153206 0.188200777417 0.190122978978 0.192151861656 0.194283609907 0.196514493275 0.198840870536 0.201259193490 0.203766010261 0.206357967987 0.209031814869 0.211784401571 0.214612681988 0.217513713439 0.220484656327 0.223522773323 0.226625428140 0.229790083942 0.233014301459 0.236295736837 0.239632139292 0.243021348595 0.246461292433 0.249949983674 0.253485517580 0.257066068972 0.260689889387 0.264355304246 0.268060710032 0.271804571515 0.275585419018 0.279401845743 0.283252505159 0.287136108460 0.291051422099 0.294997265399 0.298972508247 0.298972508247 0.213287568987 0.210662962943 0.208119929631 0.205661599685 0.203291194718 0.201012024979 0.198827486436 0.196741057352 0.194756294494 0.192876829223 0.191106363893 0.189448669269 0.187907584132 0.186487019018 0.185190967484 0.184023530893 0.182988968202 0.182091794233 0.181336980062 0.180730397729 0.180279983045 0.180000000000 0.180279983045 0.180730397729 0.181336980062 0.182091794233 0.182988968202 0.184023530893 0.185190967484 0.186487019018 0.187907584132 0.189448669269 0.191106363893 0.192876829223 0.194756294494 0.196741057352 0.198827486436 0.201012024979 0.203291194718 0.205661599685 0.208119929631 0.210662962943 0.213287568987 0.215990709860 0.218769441560 0.221620914609 0.224542374166 0.227531159677 0.230584704123 0.233700532899 0.236876262387 0.240109598273 0.243398333627 0.246740346822 0.250133599292 0.253576133194 0.257066068972 0.260601602878 0.264181004450 0.267802613981 0.271464839982 0.275166156671 0.278905101485 0.282680272628 0.286490326674 0.290333976217 0.294209987581 0.298117178597 0.302054416444 0.306020615558 0.310014735612 0.314035779570 0.318082791808 0.322154856307 0.326251094919 0.330370665699 0.334512761307 0.338676607476 0.342861461545 0.347066611054 0.351291372403 0.355535089566 0.359797132867 0.364076897804 0.368373803936 0.372687293812 0.377016831950 0.381361903871 0.385722015167 0.390096690618 0.394485473351 0.398887924033 0.403303620107 0.407732155060 0.412173137731 0.416626191639 0.421090954358 0.425567076910 0.430054223190 
0.115431217843 0.110858501030 0.106319624359 0.101818509545 0.097359671190 0.092948326319 0.088590527532 0.084293325532 0.080064968271 0.075915145892 0.071855293114 0.067898963864 0.064062297008 0.060364597372 0.056829063466 0.053483704033 0.050362503765 0.047506936584 0.044968023792 0.042809452475 0.041113570061 0.040000000000 0.041113570061 0.042809452475 0.044968023792 0.047506936584 0.050362503765 0.053483704033 0.056829063466 0.060364597372 0.064062297008 0.067898963864 0.071855293114 0.075915145892 0.080064968271 0.084293325532 0.088590527532 0.092948326319 0.097359671190 0.101818509545 0.106319624359 0.110858501030 0.115431217843 0.120034355526 0.124664922261 0.129320291268 0.133998148661 0.138696449704 0.143413381991 0.148147334342 0.152896870419 0.157660706286 0.162437691246 0.167226791438 0.172027075730 0.176837703575 0.180463636605 0.182578872308 0.183939133000 0.185173573841 0.186483180438 0.187906672724 0.189448437896 0.191106301519 0.192876811473 0.194756289190 0.196741055695 0.198827485897 0.201012024797 0.203291194655 0.205661599662 0.208119929623 0.210662962940 0.213287568986 0.215990709860 0.218769441560 0.221620914609 0.224542374166 0.227531159677 0.230584704123 0.233700532899 0.236876262387 0.240109598273 0.243398333627 0.246740346822 0.250133599292 0.253576133194 0.257066068972 0.260601602878 0.264181004450 0.267802613981 0.271464839982 0.275166156671 0.278905101485 0.282680272628 0.286490326674 0.290333976217 0.294209987581 0.298117178597 0.302054416444 0.302054416444 0.217572433601 0.214995626420 0.212500024850 0.210088642284 0.207764573907 0.205530994129 0.203391153522 0.201348375332 0.199406051715 0.197567639959 0.195836659129 0.194216687841 0.192711364323 0.191324390683 0.190059544694 0.188920704957 0.187911900619 0.187037408529 0.186301950010 0.185711125658 0.185272549212 0.185000000000 0.185272549212 0.185711125658 0.186301950010 0.187037408529 0.187911900619 0.188920704957 0.190059544694 0.191324390683 0.192711364323 0.194216687841 0.195836659129 0.197567639959 0.199406051715 0.201348375332 0.203391153522 0.205530994129 0.207764573907 0.210088642284 0.212500024850 0.214995626420 0.217572433601 0.220227516811 0.222958031778 0.225761220509 0.228634411786 0.231575021219 0.234580550891 0.237648588657 0.240776807122 0.243962962361 0.247204892395 0.250500515490 0.253847828288 0.257244903815 0.260689889387 0.264181004450 0.267716538356 0.271294848117 0.274914356136 0.278573547946 0.282270969950 0.286005227192 0.289774981155 0.293578947601 0.297415894452 0.301284639726 0.305184049525 0.309113036077 0.313070555844 0.317055607684 0.321067231077 0.325104504417 0.329166543361 0.333252499240 0.337361557534 0.341492936404 0.345645885287 0.349819683542 0.354013639159 0.358227087514 0.362459390191 0.366709933834 0.370978129072 0.375263409472 0.379565230549 0.383883068818 0.388216420883 0.392564802577 0.396927748131 0.401304809383 0.405695555029 0.410099569899 0.414516454274 0.418945823225 0.423387305992 0.427840545385 0.432305197214 
0.113408778487 0.108761217413 0.104142478194 0.099556041748 0.095005942992 0.090496879863 0.086034347771 0.081624806303 0.077275887021 0.072996653914 0.068797931692 0.064692721914 0.060696733548 0.056829063466 0.053113075002 0.049577541096 0.046258148022 0.043199510225 0.040457971700 0.038105838669 0.036239150945 0.035000000000 0.036239150945 0.038105838669 0.040457971700 0.043199510225 0.046258148022 0.049577541096 0.053113075002 0.056829063466 0.060696733548 0.064692721914 0.068797931692 0.072996653914 0.077275887021 0.081624806303 0.086034347771 0.090496879863 0.095005942992 0.099556041748 0.104142478194 0.108761217413 0.113408778487 0.118082145632 0.122778695414 0.127496136834 0.132232461766 0.136985903792 0.141754903835 0.146538081368 0.151334210171 0.156142197860 0.160961068516 0.165789947898 0.170628050815 0.175474670289 0.180329168249 0.184805841859 0.187881362454 0.189793500941 0.191262511706 0.192696598992 0.194212958281 0.195835660589 0.197567357794 0.199405967959 0.201348349328 0.203391145108 0.205530991301 0.207764572924 0.210088641931 0.212500024719 0.214995626370 0.217572433582 0.220227516804 0.222958031775 0.225761220507 0.228634411785 0.231575021218 0.234580550891 0.237648588657 0.240776807122 0.243962962361 0.247204892395 0.250500515490 0.253847828288 0.257244903815 0.260689889387 0.264181004450 0.267716538356 0.271294848117 0.274914356136 0.278573547946 0.282270969950 0.286005227192 0.289774981155 0.293578947601 0.297415894452 0.301284639726 0.305184049525 0.305184049525 0.221884862584 0.219354456240 0.216904843495 0.214538924498 0.212259672819 0.210070132738 0.207973416092 0.205972698787 0.204071217106 0.202272264112 0.200579186566 0.198995383071 0.197524304590 0.196169459219 0.194934424446 0.193822872644 0.192838620664 0.191985725827 0.191268679164 0.190692830650 0.190265495453 0.190000000000 0.190265495453 0.190692830650 0.191268679164 0.191985725827 0.192838620664 0.193822872644 0.194934424446 0.196169459219 0.197524304590 0.198995383071 0.200579186566 0.202272264112 0.204071217106 0.205972698787 0.207973416092 0.210070132738 0.212259672819 0.214538924498 0.216904843495 0.219354456240 0.221884862584 0.224493238031 0.227176835484 0.229932986507 0.232759102133 0.235652673257 0.238611270628 0.241632544502 0.244714223986 0.247854116107 0.251050104646 0.254300148779 0.257602281541 0.260954608153 0.264355304246 0.267802613981 0.271294848117 0.274830382022 0.278407653663 0.282025161565 0.285681462786 0.289375170884 0.293104953912 0.296869532435 0.300667677576 0.304498209109 0.308359993584 0.312251942507 0.316173010565 0.320122193897 0.324098528433 0.328101088268 0.332128984102 0.336181361736 0.340257400608 0.344356312402 0.348477339694 0.352619754659 0.356782857825 0.360965976881 0.365168465527 0.369389702378 0.373629089909 0.377886053448 0.382160040209 0.386450518366 0.390756976171 0.395078921106 0.399415879074 0.403767393622 0.408133025207 0.412512350481 0.416904961623 0.421310465685 0.425728483978 0.430158651483 0.434600616284 
0.111564821852 0.106846211403 0.102151347679 0.097483217271 0.092845306583 0.088241706404 0.083677242757 0.079157641721 0.074689738529 0.070281744764 0.065943592419 0.061687380507 0.057527959631 0.053483704033 0.049577541096 0.045838339360 0.042302805454 0.039018126900 0.036045776078 0.033467360800 0.031395133507 0.030000000000 0.031395133507 0.033467360800 0.036045776078 0.039018126900 0.042302805454 0.045838339360 0.049577541096 0.053483704033 0.057527959631 0.061687380507 0.065943592419 0.070281744764 0.074689738529 0.079157641721 0.083677242757 0.088241706404 0.092845306583 0.097483217271 0.102151347679 0.106846211403 0.111564821852 0.116304608141 0.121063347013 0.125839107428 0.130630205190 0.135435165610 0.140252692603 0.145081643009 0.149921005124 0.154769880702 0.159627469775 0.164493057808 0.169366004790 0.174245735926 0.179131733673 0.184023530893 0.188915432315 0.192862635505 0.195506394297 0.197345916868 0.198949002627 0.200566725305 0.202268751817 0.204070178650 0.205972377729 0.207973312655 0.210070098120 0.212259660819 0.214538920200 0.216904841908 0.219354455637 0.221884862349 0.224493237938 0.227176835446 0.229932986491 0.232759102127 0.235652673254 0.238611270627 0.241632544501 0.244714223986 0.247854116106 0.251050104646 0.254300148779 0.257602281541 0.260954608153 0.264355304246 0.267802613981 0.271294848117 0.274830382022 0.278407653663 0.282025161565 0.285681462786 0.289375170884 0.293104953912 0.296869532435 0.300667677576 0.304498209109 0.308359993584 0.308359993584 0.226223409216 0.223738049461 0.221333031690 0.219011146828 0.216775251609 0.214628265768 0.212573168867 0.210612996832 0.208750838391 0.206989831683 0.205333161462 0.203784057628 0.202345796180 0.201021704473 0.199815173915 0.198729685722 0.197768860338 0.196936552247 0.196237039734 0.195675440908 0.195258793551 0.195000000000 0.195258793551 0.195675440908 0.196237039734 0.196936552247 0.197768860338 0.198729685722 0.199815173915 0.201021704473 0.202345796180 0.203784057628 0.205333161462 0.206989831683 0.208750838391 0.210612996832 0.212573168867 0.214628265768 0.216775251609 0.219011146828 0.221333031690 0.223738049461 0.226223409216 0.228786388226 0.231424333888 0.234134665224 0.236914873954 0.239762525156 0.242675257571 0.245650783557 0.248686888745 0.251781431424 0.254932341692 0.258137620398 0.261395337909 0.264703632737 0.268060710032 0.271464839982 0.274914356136 0.278407653663 0.281943187569 0.285519470886 0.289135072848 0.292788617052 0.296478779642 0.300204287490 0.303963916405 0.307756489373 0.311580874821 0.315435984923 0.319320773942 0.323234236617 0.327175406594 0.331143354898 0.335137188462 0.339156048689 0.343199110078 0.347265578883 0.351354691829 0.355465714873 0.359597942004 0.363750694103 0.367923317832 0.372115184575 0.376325689422 0.380554250189 0.384800306479 0.389063318789 0.393342767641 0.397638152761 0.401948992289 0.406274822018 0.410615194670 0.414969679203 0.419337860148 0.423719336969 0.428113723459 0.432520647154 0.436939748779 
0.109911124352 0.105126253666 0.100360102722 0.095615120793 0.090894187571 0.086200708704 0.081538737093 0.076913128172 0.072329740444 0.067795696848 0.063319728827 0.058912634035 0.054587892173 0.050362503765 0.046258148022 0.042302805454 0.038533072467 0.034997538561 0.031761878943 0.028916990041 0.026593716789 0.025000000000 0.026593716789 0.028916990041 0.031761878943 0.034997538561 0.038533072467 0.042302805454 0.046258148022 0.050362503765 0.054587892173 0.058912634035 0.063319728827 0.067795696848 0.072329740444 0.076913128172 0.081538737093 0.086200708704 0.090894187571 0.095615120793 0.100360102722 0.105126253666 0.109911124352 0.114712620096 0.119528940175 0.124358529006 0.129200036588 0.134052286234 0.138914248109 0.143785017394 0.148663796185 0.153549878397 0.158442637127 0.163341514020 0.168246010276 0.173155679032 0.178070118858 0.182988968202 0.187911900619 0.192838620664 0.197446762504 0.200931514016 0.203333989623 0.205203903537 0.206952881904 0.208739920818 0.210609636067 0.212572091638 0.214627907107 0.216775127893 0.219011102726 0.221333015479 0.223738043328 0.226223406834 0.228786387277 0.231424333501 0.234134665063 0.236914873885 0.239762525126 0.242675257558 0.245650783551 0.248686888742 0.251781431423 0.254932341692 0.258137620397 0.261395337909 0.264703632737 0.268060710032 0.271464839982 0.274914356136 0.278407653663 0.281943187569 0.285519470886 0.289135072848 0.292788617052 0.296478779642 0.300204287490 0.303963916405 0.307756489373 0.311580874821 0.311580874821 0.230586718970 0.228145094921 0.225783326449 0.223504099265 0.221310157972 0.219204303210 0.217189388487 0.215268316803 0.213444037227 0.211719541740 0.210097862742 0.208582071955 0.207175281809 0.205880651142 0.204701398298 0.203640827094 0.202702376012 0.201889711819 0.201206915909 0.200658891453 0.200252418001 0.200000000000 0.200252418001 0.200658891453 0.201206915909 0.201889711819 0.202702376012 0.203640827094 0.204701398298 0.205880651142 0.207175281809 0.208582071955 0.210097862742 0.211719541740 0.213444037227 0.215268316803 0.217189388487 0.219204303210 0.221310157972 0.223504099265 0.225783326449 0.228145094921 0.230586718970 0.233105574262 0.235699099922 0.238364800208 0.241100245794 0.243903074671 0.246770992695 0.249701773812 0.252693259983 0.255743360845 0.258850053140 0.262011379931 0.265225449642 0.268490434946 0.271804571515 0.275166156671 0.278573547946 0.282025161565 0.285519470886 0.289055004792 0.292630346059 0.296244129710 0.299895041360 0.303581815569 0.307303234203 0.311058124808 0.314845359016 0.318663850968 0.322512555778 0.326390468018 0.330296620254 0.334230081608 0.338189956367 0.342175382634 0.346185531011 0.350219603337 0.354276831455 0.358356476035 0.362457825425 0.366580194551 0.370722923857 0.374885378281 0.379066946274 0.383267038852 0.387485088693 0.391720549261 0.395972893967 0.400241615372 0.404526224409 0.408826249648 0.413141236583 0.417470746958 0.421814358110 0.426171662349 0.430542266357 0.434925790616 0.439321868859 
0.108460258223 0.103615027284 0.098783667982 0.093968065993 0.089170454377 0.084393495188 0.079640384619 0.074914989806 0.070222028730 0.065567309478 0.060958052410 0.056403329783 0.051914674486 0.047506936584 0.043199510225 0.039018126900 0.034997538561 0.031185648369 0.027650114463 0.024489530116 0.021854511497 0.020000000000 0.021854511497 0.024489530116 0.027650114463 0.031185648369 0.034997538561 0.039018126900 0.043199510225 0.047506936584 0.051914674486 0.056403329783 0.060958052410 0.065567309478 0.070222028730 0.074914989806 0.079640384619 0.084393495188 0.089170454377 0.093968065993 0.098783667982 0.103615027284 0.108460258223 0.113317758590 0.118186159143 0.123064283388 0.127951115320 0.132845773337 0.137747489038 0.142655589854 0.147569484753 0.152488652400 0.157412631299 0.162341011548 0.167273427904 0.172209553932 0.177149097037 0.182091794233 0.187037408529 0.191985725827 0.196936552247 0.201851235579 0.206049541890 0.209136882816 0.211407550200 0.213348019915 0.215238477278 0.217179822120 0.219201125968 0.221309065553 0.223503711169 0.225783184278 0.228145041321 0.230586698210 0.233105566016 0.235699096568 0.238364798813 0.241100245202 0.243903074414 0.246770992582 0.249701773761 0.252693259959 0.255743360834 0.258850053135 0.262011379928 0.265225449641 0.268490434945 0.271804571515 0.275166156671 0.278573547946 0.282025161565 0.285519470886 0.289055004792 0.292630346059 0.296244129710 0.299895041360 0.303581815569 0.307303234203 0.311058124808 0.314845359016 0.314845359016 0.234973522850 0.232574366392 0.230254548676 0.228016654175 0.225863319972 0.223797232896 0.221821126398 0.219937777273 0.218150002421 0.216460655921 0.214872626852 0.213388838559 0.212012250453 0.210745864124 0.209592736791 0.208556007442 0.207638945750 0.206845044479 0.206178202493 0.205643123339 0.205246345694 0.205000000000 0.205246345694 0.205643123339 0.206178202493 0.206845044479 0.207638945750 0.208556007442 0.209592736791 0.210745864124 0.212012250453 0.213388838559 0.214872626852 0.216460655921 0.218150002421 0.219937777273 0.221821126398 0.223797232896 0.225863319972 0.228016654175 0.230254548676 0.232574366392 0.234973522850 0.237449488734 0.239999792066 0.242622020022 0.245313820383 0.248072902626 0.250897038686 0.253784063402 0.256731874680 0.259738433396 0.262801763065 0.265919949306 0.269091139122 0.272313540023 0.275585419018 0.278905101485 0.282270969950 0.285681462786 0.289135072848 0.292630346059 0.296165879965 0.299740322255 0.303352369276 0.307000764535 0.310684297208 0.314401800652 0.318152150932 0.321934265371 0.325747101119 0.329589653745 0.333460955867 0.337360075808 0.341286116280 0.345238213119 0.349215534036 0.353217277418 0.357242671165 0.361290971555 0.365361462156 0.369453452772 0.373566278421 0.377699298358 0.381851895124 0.386023473636 0.390213460309 0.394421302213 0.398646466258 0.402888438415 0.407146722966 0.411420841782 0.415710333634 0.420014753524 0.424333672053 0.428666674805 0.433013361762 0.437373346740 0.441746256853 
0.107225860741 0.102327406495 0.097438313946 0.092559903081 0.087693748274 0.082841741370 0.078006174149 0.073189847395 0.068396216941 0.063629591934 0.058895408043 0.054200610184 0.049554198564 0.044968023792 0.040457971700 0.036045776078 0.031761878943 0.027650114463 0.023775749150 0.020240215244 0.017211152034 0.015000000000 0.017211152034 0.020240215244 0.023775749150 0.027650114463 0.031761878943 0.036045776078 0.040457971700 0.044968023792 0.049554198564 0.054200610184 0.058895408043 0.063629591934 0.068396216941 0.073189847395 0.078006174149 0.082841741370 0.087693748274 0.092559903081 0.097438313946 0.102327406495 0.107225860741 0.112132562327 0.117046564450 0.121967057868 0.126893347067 0.131824831177 0.136760988562 0.141701364316 0.146645560018 0.151593225317 0.156544050961 0.161497762992 0.166454117897 0.171412898530 0.176373910661 0.181336980062 0.186301950010 0.191268679164 0.196237039734 0.201206915909 0.206178202493 0.210868703299 0.214663380074 0.217479524531 0.219712271965 0.221747058167 0.223772509462 0.225854827493 0.228013645286 0.230253449942 0.232573953511 0.234973363451 0.237449425611 0.239999766462 0.242622009399 0.245313815881 0.248072900680 0.250897037828 0.253784063016 0.256731874503 0.259738433314 0.262801763027 0.265919949288 0.269091139113 0.272313540019 0.275585419016 0.278905101484 0.282270969949 0.285681462786 0.289135072847 0.292630346059 0.296165879965 0.299740322255 0.303352369276 0.307000764535 0.310684297208 0.314401800652 0.318152150932 0.318152150932 0.239382631259 0.237024716282 0.234745596747 0.232547759804 0.230433739516 0.228406114011 0.226467502427 0.224620561770 0.222867983853 0.221212492623 0.219656842289 0.218203816943 0.216856232748 0.215616944435 0.214488859066 0.213474962292 0.212578366969 0.211802404326 0.211150803726 0.210628082975 0.210240555640 0.210000000000 0.210240555640 0.210628082975 0.211150803726 0.211802404326 0.212578366969 0.213474962292 0.214488859066 0.215616944435 0.216856232748 0.218203816943 0.219656842289 0.221212492623 0.222867983853 0.224620561770 0.226467502427 0.228406114011 0.230433739516 0.232547759804 0.234745596747 0.237024716282 0.239382631259 0.241816904009 0.244325148595 0.246905032730 0.249554279357 0.252270667899 0.255052035193 0.257896276128 0.260801344008 0.263765250665 0.266786066345 0.269861919383 0.272990995705 0.276171538165 0.279401845743 0.282680272628 0.286005227192 0.289375170884 0.292788617052 0.296244129710 0.299740322255 0.303275856161 0.306849439639 0.310459826291 0.314105813750 0.317786242330 0.321499993669 0.325245989396 0.329023189804 0.332830592550 0.336667231367 0.340532174817 0.344424525054 0.348343416628 0.352288015314 0.356257516975 0.360251146456 0.364268156508 0.368307826751 0.372369462665 0.376452394616 0.380555976910 0.384679586891 0.388822624054 0.392984509206 0.397164683643 0.401362608371 0.405577763343 0.409809646732 0.414057774232 0.418321678382 0.422600907920 0.426895027158 0.431203615384 0.435526266288 0.439862587411 0.444212199613 
0.106223291046 0.101280136684 0.096342363477 0.091410756706 0.086486259560 0.081570014333 0.076663417060 0.071768190944 0.066886486487 0.062021020242 0.057175270528 0.052353759066 0.047562465409 0.042809452475 0.038105838669 0.033467360800 0.028916990041 0.024489530116 0.020240215244 0.016262178533 0.012726644627 0.010000000000 0.012726644627 0.016262178533 0.020240215244 0.024489530116 0.028916990041 0.033467360800 0.038105838669 0.042809452475 0.047562465409 0.052353759066 0.057175270528 0.062021020242 0.066886486487 0.071768190944 0.076663417060 0.081570014333 0.086486259560 0.091410756706 0.096342363477 0.101280136684 0.106223291046 0.111171167745 0.116123210164 0.121078944965 0.126037967197 0.130999928468 0.135964527476 0.140931502370 0.145900624543 0.150871693555 0.155844532951 0.160818986804 0.165794916828 0.170772199974 0.175750726393 0.180730397729 0.185711125658 0.190692830650 0.195675440908 0.200658891453 0.205643123339 0.210628082975 0.215549021784 0.219915492025 0.223347955481 0.225991237642 0.228238853045 0.230375369305 0.232527008595 0.234738024478 0.237021876576 0.239381537639 0.241816472036 0.244324973828 0.246904960401 0.249554248774 0.252270654702 0.255052029387 0.257896273527 0.260801342821 0.263765250115 0.266786066086 0.269861919259 0.272990995645 0.276171538135 0.279401845729 0.282680272621 0.286005227188 0.289375170882 0.292788617051 0.296244129709 0.299740322255 0.303275856161 0.306849439639 0.310459826291 0.314105813750 0.317786242330 0.321499993669 0.321499993669 0.243812928324 0.241495069846 0.239255440634 0.237096434356 0.235020486424 0.233030071191 0.231127698988 0.229315913123 0.227597287026 0.225974421814 0.224449944732 0.223026509109 0.221706796915 0.220493525607 0.219389462167 0.218397449438 0.217520454400 0.216761658107 0.216124632254 0.215613721526 0.215235028735 0.215000000000 0.215235028735 0.215613721526 0.216124632254 0.216761658107 0.217520454400 0.218397449438 0.219389462167 0.220493525607 0.221706796915 0.223026509109 0.224449944732 0.225974421814 0.227597287026 0.229315913123 0.231127698988 0.233030071191 0.235020486424 0.237096434356 0.239255440634 0.241495069846 0.243812928324 0.246206666707 0.248673982239 0.251212620747 0.253820378326 0.256495102710 0.259234694352 0.262037107219 0.264900349329 0.267822483042 0.270801625135 0.273835946666 0.276923672671 0.280063081691 0.283252505159 0.286490326674 0.289774981155 0.293104953912 0.296478779642 0.299895041360 0.303352369276 0.306849439639 0.310384973545 0.313957735725 0.317566533318 0.321210214643 0.324887667960 0.328597820244 0.332339635963 0.336112115873 0.339914295827 0.343745245599 0.347604067739 0.351489896447 0.355401896468 0.359339262019 0.363301215745 0.367287007698 0.371295914347 0.375327237619 0.379380303968 0.383454463471 0.387549088959 0.391663575168 0.395797337930 0.399949813379 0.404120457197 0.408308743878 0.412514166022 0.416736233656 0.420974473579 0.425228428728 0.429497657572 0.433781733531 0.438080244408 0.442392791854 0.446718990846 
0.105471476602 0.100493755255 0.095518194407 0.090545119447 0.085574923798 0.080608087519 0.075645202313 0.070687005667 0.065734428236 0.060788660837 0.055851251183 0.050924246878 0.046010412560 0.041113570061 0.036239150945 0.031395133507 0.026593716789 0.021854511497 0.017211152034 0.012726644627 0.008535533906 0.005000000000 0.008535533906 0.012726644627 0.017211152034 0.021854511497 0.026593716789 0.031395133507 0.036239150945 0.041113570061 0.046010412560 0.050924246878 0.055851251183 0.060788660837 0.065734428236 0.070687005667 0.075645202313 0.080608087519 0.085574923798 0.090545119447 0.095518194407 0.100493755255 0.105471476602 0.110451087074 0.115432358602 0.120415098162 0.125399141320 0.130384347160 0.135370594236 0.140357777346 0.145345804909 0.150334596842 0.155324082820 0.160314200838 0.165304896022 0.170296119635 0.175287828251 0.180279983045 0.185272549212 0.190265495453 0.195258793551 0.200252418001 0.205246345694 0.210240555640 0.215235028735 0.220225414309 0.224958818902 0.228972674321 0.232122207424 0.234674739203 0.236969377025 0.239208587702 0.241477459617 0.243806150485 0.246203993816 0.248672902953 0.251212174990 0.253820190230 0.256495021705 0.259234658785 0.262037091312 0.264900342089 0.267822479691 0.270801623559 0.273835945914 0.276923672307 0.280063081511 0.283252505070 0.286490326629 0.289774981132 0.293104953900 0.296478779636 0.299895041357 0.303352369274 0.306849439638 0.310384973545 0.313957735724 0.317566533318 0.321210214643 0.324887667960 0.324887667960 0.248263366669 0.245984419866 0.243783116523 0.241661760579 0.239622693027 0.237668289184 0.235800955831 0.234023128371 0.232337268172 0.230745860390 0.229251412693 0.227856455554 0.226563545143 0.225375270491 0.224294267772 0.223323246672 0.222465038298 0.221722683882 0.221099608236 0.220599994409 0.220229747552 0.220000000000 0.220229747552 0.220599994409 0.221099608236 0.221722683882 0.222465038298 0.223323246672 0.224294267772 0.225375270491 0.226563545143 0.227856455554 0.229251412693 0.230745860390 0.232337268172 0.234023128371 0.235800955831 0.237668289184 0.239622693027 0.241661760579 0.243783116523 0.245984419866 0.248263366669 0.250617692599 0.253045175224 0.255543636046 0.258110942255 0.260745008194 0.263443796557 0.266205319313 0.269027638392 0.271908866129 0.274847165497 0.277840750149 0.280887884273 0.283986882301 0.287136108460 0.290333976217 0.293578947601 0.296869532435 0.300204287490 0.303581815569 0.307000764535 0.310459826291 0.313957735725 0.317493269631 0.321065245603 0.324672520922 0.328313991431 0.331988590412 0.335695287462 0.339433087382 0.343201029071 0.346998184440 0.350823657333 0.354676582476 0.358556124443 0.362461476646 0.366391860340 0.370346523668 0.374324740712 0.378325810588 0.382349056552 0.386393825144 0.390459485345 0.394545427776 0.398651063907 0.402775825305 0.406919162897 0.411080546265 0.415259462958 0.419455417840 0.423667932448 0.427896544380 0.432140806703 0.436400287387 0.440674568753 0.444963246944 0.449265931421 
0.105000000000 0.100000000000 0.095000000000 0.090000000000 0.085000000000 0.080000000000 0.075000000000 0.070000000000 0.065000000000 0.060000000000 0.055000000000 0.050000000000 0.045000000000 0.040000000000 0.035000000000 0.030000000000 0.025000000000 0.020000000000 0.015000000000 0.010000000000 0.005000000000 0.000000000000 0.005000000000 0.010000000000 0.015000000000 0.020000000000 0.025000000000 0.030000000000 0.035000000000 0.040000000000 0.045000000000 0.050000000000 0.055000000000 0.060000000000 0.065000000000 0.070000000000 0.075000000000 0.080000000000 0.085000000000 0.090000000000 0.095000000000 0.100000000000 0.105000000000 0.110000000000 0.115000000000 0.120000000000 0.125000000000 0.130000000000 0.135000000000 0.140000000000 0.145000000000 0.150000000000 0.155000000000 0.160000000000 0.165000000000 0.170000000000 0.175000000000 0.180000000000 0.185000000000 0.190000000000 0.195000000000 0.200000000000 0.205000000000 0.210000000000 0.215000000000 0.220000000000 0.224999831791 0.229910997585 0.234374821938 0.238057132819 0.241006705485 0.243526958382 0.245885977417 0.248225202892 0.250602618198 0.253039091163 0.255541126354 0.258109884840 0.260744553542 0.263443597254 0.266205230321 0.269027597952 0.271908847441 0.274847156722 0.277840745964 0.280887882249 0.283986881307 0.287136107966 0.290333975968 0.293578947474 0.296869532369 0.300204287456 0.303581815551 0.307000764526 0.310459826286 0.313957735722 0.317493269629 0.321065245602 0.324672520922 0.328313991431 0.328313991431 0.252732962592 0.250491821748 0.248327721872 0.246242880816 0.244239549249 0.242320007994 0.240486565302 0.238741554160 0.237087329847 0.235526268002 0.234060763630 0.232693231707 0.231426110382 0.230261868440 0.229203019778 0.228252149788 0.227411962859 0.226685369861 0.226075658556 0.225586860835 0.225224696164 0.225000000000 0.225224696164 0.225586860835 0.226075658556 0.226685369861 0.227411962859 0.228252149788 0.229203019778 0.230261868440 0.231426110382 0.232693231707 0.234060763630 0.235526268002 0.237087329847 0.238741554160 0.240486565302 0.242320007994 0.244239549249 0.246242880816 0.248327721872 0.250491821748 0.252732962592 0.255048961869 0.257437674653 0.259896995679 0.262424861144 0.265019250251 0.267678186488 0.270399738669 0.273182021734 0.276023197330 0.278921474184 0.281875108287 0.284882402904 0.287941708429 0.291051422099 0.294209987581 0.297415894452 0.300667677576 0.303963916405 0.307303234203 0.310684297208 0.314105813750 0.317566533318 0.321065245603 0.324600779509 0.328172002149 0.331777817827 0.335417167012 0.339089025314 0.342792402454 0.346526341249 0.350289916597 0.354082234484 0.357902430991 0.361749671334 0.365623148907 0.369522084354 0.373445724657 0.377393342246 0.381364234131 0.385357721062 0.389373146701 0.393409876826 0.397467298560 0.401544819611 0.405641867553 0.409757889112 0.413892349490 0.418044731701 0.422214535935 0.426401278937 0.430604493420 0.434823727484 0.439058544062 0.443308520389 0.447573247483 0.451852329651 
0.105471476602 0.100493755255 0.095518194407 0.090545119447 0.085574923798 0.080608087519 0.075645202313 0.070687005667 0.065734428236 0.060788660837 0.055851251183 0.050924246878 0.046010412560 0.041113570061 0.036239150945 0.031395133507 0.026593716789 0.021854511497 0.017211152034 0.012726644627 0.008535533906 0.005000000000 0.008535533906 0.012726644627 0.017211152034 0.021854511497 0.026593716789 0.031395133507 0.036239150945 0.041113570061 0.046010412560 0.050924246878 0.055851251183 0.060788660837 0.065734428236 0.070687005667 0.075645202313 0.080608087519 0.085574923798 0.090545119447 0.095518194407 0.100493755255 0.105471476602 0.110451087074 0.115432358602 0.120415098162 0.125399141320 0.130384347160 0.135370594236 0.140357777346 0.145345804909 0.150334596842 0.155324082820 0.160314200838 0.165304896022 0.170296119635 0.175287828251 0.180279983045 0.185272549212 0.190265495453 0.195258793551 0.200252418001 0.205246345694 0.210240555640 0.215235028735 0.220229747552 0.225224688921 0.230215413417 0.235154283673 0.239829582733 0.243904344836 0.247246146598 0.250035569890 0.252548081936 0.254974437108 0.257407294832 0.259884394430 0.262419533377 0.265016954032 0.267677178182 0.270399287879 0.273181816697 0.276023102521 0.278921429648 0.281875087047 0.284882392626 0.287941703386 0.291051419591 0.294209986318 0.297415893807 0.300667677243 0.303963916231 0.307303234111 0.310684297159 0.314105813724 0.317566533304 0.320288556653 0.322574023268 0.324732456065 0.326890026029 0.326890026029 0.257220791606 0.255016389023 0.252888410882 0.250838992487 0.248870298121 0.246984518473 0.245183868037 0.243470582593 0.241846916962 0.240315143318 0.238877550466 0.237536444734 0.236294153477 0.235153032789 0.234115482157 0.233183970817 0.232361084838 0.231649613376 0.231052716134 0.230574283419 0.230219859984 0.230000000000 0.230219859984 0.230574283419 0.231052716134 0.231649613376 0.232361084838 0.233183970817 0.234115482157 0.235153032789 0.236294153477 0.237536444734 0.238877550466 0.240315143318 0.241846916962 0.243470582593 0.245183868037 0.246984518473 0.248870298121 0.250838992487 0.252888410882 0.255016389023 0.257220791606 0.259499514742 0.261850488229 0.264271677609 0.266761085990 0.269316755645 0.271936769364 0.274619251577 0.277362369255 0.280164332606 0.283023395564 0.285937856099 0.288906056365 0.291926382685 0.294997265399 0.298117178597 0.301284639726 0.304498209109 0.307756489373 0.311058124808 0.314401800652 0.317786242330 0.321210214643 0.324672520922 0.328172002149 0.331707536055 0.335278036204 0.338882451061 0.342519763056 0.346188987642 0.349889172358 0.353619395893 0.357378767159 0.361166424375 0.364981534160 0.368823290643 0.372690914586 0.376583652527 0.380500775940 0.384441580411 0.388405384836 0.392391530642 0.396399381022 0.400428320196 0.404477752692 0.408547102647 0.412635813125 0.416743345467 0.420869178649 0.425012808666 0.429173747939 0.433351524735 0.437545682611 0.441755779875 0.445981389066 0.449053980867 0.450171256893 
0.106223291046 0.101280136684 0.096342363477 0.091410756706 0.086486259560 0.081570014333 0.076663417060 0.071768190944 0.066886486487 0.062021020242 0.057175270528 0.052353759066 0.047562465409 0.042809452475 0.038105838669 0.033467360800 0.028916990041 0.024489530116 0.020240215244 0.016262178533 0.012726644627 0.010000000000 0.012726644627 0.016262178533 0.020240215244 0.024489530116 0.028916990041 0.033467360800 0.038105838669 0.042809452475 0.047562465409 0.052353759066 0.057175270528 0.062021020242 0.066886486487 0.071768190944 0.076663417060 0.081570014333 0.086486259560 0.091410756706 0.096342363477 0.101280136684 0.106223291046 0.111171167745 0.116123210164 0.121078944965 0.126037967197 0.130999928468 0.135964527476 0.140931502370 0.145900624543 0.150871693555 0.155844532951 0.160818986804 0.165794916828 0.170772199974 0.175750726393 0.180730397729 0.185711125658 0.190692830650 0.195675440908 0.200658891453 0.205643123339 0.210628082975 0.215613721526 0.220599994409 0.225586860345 0.230573986318 0.235557686376 0.240511031470 0.245309519241 0.249678181228 0.253387890758 0.256478496322 0.259181094259 0.261716680324 0.264215311469 0.266737041592 0.269306330793 0.271932170951 0.274617188146 0.277361427782 0.280163896090 0.283023190025 0.285937757875 0.288906008752 0.291926359287 0.294997253749 0.298117172722 0.301284636727 0.304434217258 0.306671680939 0.308553697971 0.310371183609 0.312219902507 0.314125656096 0.316094443054 0.318126929570 0.320222337678 0.322379494813 0.322379494813 0.261725984325 0.259557289196 0.257464390342 0.255449343946 0.253514231693 0.251661158303 0.249892249063 0.248209647473 0.246615513207 0.245112020654 0.243701358462 0.242385730697 0.241167360618 0.240048498625 0.239031437051 0.238118536464 0.237312272316 0.236615319980 0.236030719321 0.235562227832 0.235215225629 0.235000000000 0.235215225629 0.235562227832 0.236030719321 0.236615319980 0.237312272316 0.238118536464 0.239031437051 0.240048498625 0.241167360618 0.242385730697 0.243701358462 0.245112020654 0.246615513207 0.248209647473 0.249892249063 0.251661158303 0.253514231693 0.255449343946 0.257464390342 0.259557289196 0.261725984325 0.263968447419 0.266282680272 0.268666716825 0.271118625006 0.273636508353 0.276218507423 0.278862800983 0.281567606994 0.284331183394 0.287151828693 0.290027882395 0.292957725257 0.295939779392 0.298972508247 0.302054416444 0.305184049525 0.308359993584 0.311580874821 0.314845359016 0.318152150932 0.321499993669 0.324887667960 0.328313991431 0.331777817827 0.335278036204 0.338813570110 0.342383376741 0.345986446090 0.349621800090 0.353288491746 0.356985604280 0.360712250271 0.364467570801 0.368250734611 0.372060937271 0.375897400356 0.379759370640 0.383646119300 0.387556941145 0.391491153849 0.395448097214 0.399427132441 0.403427641427 0.407449026075 0.411490707624 0.415552125999 0.419632739183 0.423732022598 0.427849468517 0.431984585481 0.436136897749 0.440305944752 0.443744788018 0.444871417296 0.445109468270 0.445297685895 
0.107225860741 0.102327406495 0.097438313946 0.092559903081 0.087693748274 0.082841741370 0.078006174149 0.073189847395 0.068396216941 0.063629591934 0.058895408043 0.054200610184 0.049554198564 0.044968023792 0.040457971700 0.036045776078 0.031761878943 0.027650114463 0.023775749150 0.020240215244 0.017211152034 0.015000000000 0.017211152034 0.020240215244 0.023775749150 0.027650114463 0.031761878943 0.036045776078 0.040457971700 0.044968023792 0.049554198564 0.054200610184 0.058895408043 0.063629591934 0.068396216941 0.073189847395 0.078006174149 0.082841741370 0.087693748274 0.092559903081 0.097438313946 0.102327406495 0.107225860741 0.112132562327 0.117046564450 0.121967057868 0.126893347067 0.131824831177 0.136760988562 0.141701364316 0.146645560018 0.151593225317 0.156544050961 0.161497762992 0.166454117897 0.171412898530 0.176373910661 0.181336980062 0.186301950010 0.191268679164 0.196237039734 0.201206915909 0.206178202493 0.211150803726 0.216124632254 0.221099608236 0.226075658512 0.231052690033 0.236030303245 0.241005766742 0.245962893178 0.250828719158 0.255404159958 0.259435816707 0.262841694665 0.265769686840 0.268441553996 0.271020574432 0.273593517071 0.276199409486 0.278854186787 0.281563659949 0.284329346556 0.287150960907 0.290027466424 0.292765160511 0.294542161059 0.296014504767 0.297467015876 0.298973949254 0.300550901344 0.302200243109 0.303921418631 0.305713207015 0.307574233724 0.309503091520 0.311498371045 0.313558669665 0.315682594860 0.317868766148 0.317868766148 0.266247722669 0.264113739927 0.262054915811 0.260073230689 0.258170687291 0.256349308346 0.254611134255 0.252958220902 0.251392637818 0.249916466943 0.248531802417 0.247240751992 0.246045441057 0.244948020794 0.243950683081 0.243055686717 0.242265403615 0.241582402640 0.241009611361 0.240550662500 0.240210780799 0.240000000000 0.240210780799 0.240550662500 0.241009611361 0.241582402640 0.242265403615 0.243055686717 0.243950683081 0.244948020794 0.246045441057 0.247240751992 0.248531802417 0.249916466943 0.251392637818 0.252958220902 0.254611134255 0.256349308346 0.258170687291 0.260073230689 0.262054915811 0.264113739927 0.266247722669 0.268454908326 0.270733368020 0.273081201722 0.275496540096 0.277977546136 0.280522416608 0.283129383300 0.285796714063 0.288522713676 0.291305724527 0.294144127126 0.297036340464 0.299980822224 0.302976068860 0.306020615558 0.309113036077 0.312251942507 0.315435984923 0.318663850968 0.321934265371 0.325245989396 0.328597820244 0.331988590412 0.335417167012 0.338882451061 0.342383376741 0.345918910647 0.349488051014 0.353089826936 0.356723297577 0.360387551380 0.364081705273 0.367804903884 0.371556318750 0.375335147546 0.379140613314 0.382971963704 0.386828470228 0.390709427531 0.394614152666 0.398541984396 0.402492282501 0.406464427104 0.410457818022 0.414471874117 0.418506032681 0.422559748823 0.426632494887 0.430723759874 0.434833048890 0.438713117999 0.440106592422 0.440115138312 0.440000000000 0.440115138312 0.440301229738 
0.108460258223 0.103615027284 0.098783667982 0.093968065993 0.089170454377 0.084393495188 0.079640384619 0.074914989806 0.070222028730 0.065567309478 0.060958052410 0.056403329783 0.051914674486 0.047506936584 0.043199510225 0.039018126900 0.034997538561 0.031185648369 0.027650114463 0.024489530116 0.021854511497 0.020000000000 0.021854511497 0.024489530116 0.027650114463 0.031185648369 0.034997538561 0.039018126900 0.043199510225 0.047506936584 0.051914674486 0.056403329783 0.060958052410 0.065567309478 0.070222028730 0.074914989806 0.079640384619 0.084393495188 0.089170454377 0.093968065993 0.098783667982 0.103615027284 0.108460258223 0.113317758590 0.118186159143 0.123064283388 0.127951115320 0.132845773337 0.137747489038 0.142655589854 0.147569484753 0.152488652400 0.157412631299 0.162341011548 0.167273427904 0.172209553932 0.177149097037 0.182091794233 0.187037408529 0.191985725827 0.196936552247 0.201889711819 0.206845044479 0.211802404326 0.216761658107 0.221722683882 0.226685369856 0.231649610571 0.236615273633 0.241581962513 0.246547650652 0.251502099103 0.256401600367 0.261112199229 0.265405096796 0.269118222956 0.272299196616 0.275137137503 0.277815589450 0.280449445223 0.282849325478 0.284164822777 0.285199731084 0.286250944725 0.287375417282 0.288581259090 0.289868589720 0.291236199209 0.292682644290 0.294206439234 0.295806091327 0.297480108392 0.299227001220 0.301045285166 0.302933481674 0.304890119852 0.306913738058 0.309002885474 0.311156123633 0.313372027875 0.313372027875 0.270785236351 0.268685005508 0.266659288108 0.264709991888 0.262839044110 0.261048389312 0.259339987111 0.257715810192 0.256177842656 0.254728078999 0.253368524137 0.252101195057 0.250928125062 0.249851372119 0.248873033839 0.247995273613 0.247220366332 0.246550781034 0.245989339920 0.245539558328 0.245206514168 0.245000000000 0.245206514168 0.245539558328 0.245989339920 0.246550781034 0.247220366332 0.247995273613 0.248873033839 0.249851372119 0.250928125062 0.252101195057 0.253368524137 0.254728078999 0.256177842656 0.257715810192 0.259339987111 0.261048389312 0.262839044110 0.264709991888 0.266659288108 0.268685005508 0.270785236351 0.272958094631 0.275201718196 0.277514270726 0.279893943558 0.282338957334 0.284847563461 0.287418045400 0.290048719757 0.292737937214 0.295484083274 0.298285578861 0.301140880762 0.304048481927 0.307006911649 0.310014735612 0.313070555844 0.316173010565 0.319320773942 0.322512555778 0.325747101119 0.329023189804 0.332339635963 0.335695287462 0.339089025314 0.342519763056 0.345986446090 0.349488051014 0.353023584920 0.356592084691 0.360192616281 0.363824273989 0.367486179731 0.371177482312 0.374897356697 0.378645003288 0.382419647208 0.386220537591 0.390046946879 0.393898170138 0.397773524371 0.401672347859 0.405593999505 0.409537858192 0.413503322165 0.417489808411 0.421496752074 0.425523605864 0.429569839499 0.433634939154 0.435519835433 0.435559538493 0.435304693940 0.435116464170 0.435000000000 0.435116464170 0.435304693940 
0.109911124352 0.105126253666 0.100360102722 0.095615120793 0.090894187571 0.086200708704 0.081538737093 0.076913128172 0.072329740444 0.067795696848 0.063319728827 0.058912634035 0.054587892173 0.050362503765 0.046258148022 0.042302805454 0.038533072467 0.034997538561 0.031761878943 0.028916990041 0.026593716789 0.025000000000 0.026593716789 0.028916990041 0.031761878943 0.034997538561 0.038533072467 0.042302805454 0.046258148022 0.050362503765 0.054587892173 0.058912634035 0.063319728827 0.067795696848 0.072329740444 0.076913128172 0.081538737093 0.086200708704 0.090894187571 0.095615120793 0.100360102722 0.105126253666 0.109911124352 0.114712620096 0.119528940175 0.124358529006 0.129200036588 0.134052286234 0.138914248109 0.143785017394 0.148663796185 0.153549878397 0.158442637127 0.163341514020 0.168246010276 0.173155679032 0.178070118858 0.182988968202 0.187911900619 0.192838620664 0.197768860338 0.202702376012 0.207638945750 0.212578366969 0.217520454400 0.222465038298 0.227411962859 0.232361084485 0.237312266288 0.242265344969 0.247219941344 0.252174520042 0.257122305780 0.262036188538 0.266829117258 0.271318815661 0.274586167426 0.276149077427 0.276953063038 0.277673038807 0.278462917522 0.279340979199 0.280308006971 0.281362698631 0.282503501697 0.283728842627 0.285037153096 0.286426870328 0.287896435286 0.289444291717 0.291068886119 0.292768668393 0.294542092956 0.296387620140 0.298303717755 0.300288862737 0.302341542814 0.304460258143 0.306643522893 0.308889866745 0.308889866745 0.275337799629 0.273270393624 0.271276850088 0.269359007197 0.267518720086 0.265757858718 0.264078305828 0.262481955070 0.260970709558 0.259546481044 0.258211190165 0.256966768312 0.255815162088 0.254758341804 0.253798316538 0.252937160138 0.252177056479 0.251520380922 0.250969856665 0.250528888470 0.250202415293 0.250000000000 0.250202415293 0.250528888470 0.250969856665 0.251520380922 0.252177056479 0.252937160138 0.253798316538 0.254758341804 0.255815162088 0.256966768312 0.258211190165 0.259546481044 0.260970709558 0.262481955070 0.264078305828 0.265757858718 0.267518720086 0.269359007197 0.271276850088 0.273270393624 0.275337799629 0.277477249014 0.279686943817 0.281965109153 0.284309995002 0.286719877857 0.289193062194 0.291727881783 0.294322700823 0.296975914914 0.299685951870 0.302451272379 0.305270370521 0.308141774148 0.311064045146 0.314035779570 0.317055607684 0.320122193897 0.323234236617 0.326390468018 0.329589653745 0.332830592550 0.336112115873 0.339433087382 0.342792402454 0.346188987642 0.349621800090 0.353089826936 0.356592084691 0.360127618597 0.363695501976 0.367294835569 0.370924746869 0.374584389445 0.378272942277 0.381989609078 0.385733617630 0.389504219121 0.393300687487 0.397122318766 0.400968430454 0.404838360884 0.408731468599 0.412647131752 0.416584747509 0.420543731466 0.424523517085 0.428523555133 0.431054930065 0.431274741425 0.430888726924 0.430566037291 0.430308238241 0.430117820745 0.430000000000 0.430117820745 0.430308238241 
0.111564821852 0.106846211403 0.102151347679 0.097483217271 0.092845306583 0.088241706404 0.083677242757 0.079157641721 0.074689738529 0.070281744764 0.065943592419 0.061687380507 0.057527959631 0.053483704033 0.049577541096 0.045838339360 0.042302805454 0.039018126900 0.036045776078 0.033467360800 0.031395133507 0.030000000000 0.031395133507 0.033467360800 0.036045776078 0.039018126900 0.042302805454 0.045838339360 0.049577541096 0.053483704033 0.057527959631 0.061687380507 0.065943592419 0.070281744764 0.074689738529 0.079157641721 0.083677242757 0.088241706404 0.092845306583 0.097483217271 0.102151347679 0.106846211403 0.111564821852 0.116304608141 0.121063347013 0.125839107428 0.130630205190 0.135435165610 0.140252692603 0.145081643009 0.149921005124 0.154769880702 0.159627469775 0.164493057808 0.169366004790 0.174245735926 0.179131733673 0.184023530893 0.188920704957 0.193822872644 0.198729685722 0.203640827094 0.208556007442 0.213474962292 0.218397449438 0.223323246672 0.228252149788 0.233183970767 0.238118535574 0.243055677857 0.247995208313 0.252936765012 0.257879151532 0.262817698152 0.267190708087 0.269753261335 0.270801406873 0.271399623529 0.272018125638 0.272725146843 0.273525702556 0.274418682206 0.275402412482 0.276475201776 0.277635384158 0.278881313400 0.280211355368 0.281623883130 0.283117274394 0.284689910531 0.286340176672 0.288066462504 0.289867163511 0.291740682502 0.293685431284 0.295699832404 0.297782320895 0.299931345983 0.302145372714 0.304422883502 0.304422883502 0.279904728315 0.277869252356 0.275906983678 0.274019693837 0.272209169038 0.270477208117 0.268825620625 0.267256225130 0.265770847939 0.264371322474 0.263059489720 0.261837200301 0.260706319122 0.259668734007 0.258726370803 0.257881219242 0.257135377716 0.256491133579 0.255951116892 0.255518628111 0.255198474526 0.255000000000 0.255198474526 0.255518628111 0.255951116892 0.256491133579 0.257135377716 0.257881219242 0.258726370803 0.259668734007 0.260706319122 0.261837200301 0.263059489720 0.264371322474 0.265770847939 0.267256225130 0.268825620625 0.270477208117 0.272209169038 0.274019693837 0.275906983678 0.277869252356 0.279904728315 0.282011656678 0.284188301225 0.286432946279 0.288743898471 0.291119488367 0.293558071945 0.296058031914 0.298617778877 0.301235752344 0.303910421590 0.306640286375 0.309423877516 0.312259757344 0.315146520031 0.318082791808 0.321067231077 0.324098528433 0.327175406594 0.330296620254 0.333460955867 0.336667231367 0.339914295827 0.343201029071 0.346526341249 0.349889172358 0.353288491746 0.356723297577 0.360192616281 0.363695501976 0.367231035882 0.370798325718 0.374396505094 0.378024732893 0.381682192651 0.385368091939 0.389081661738 0.392822155826 0.396588850162 0.400381042280 0.404198050685 0.408039214264 0.411903891699 0.415791460894 0.419701318412 0.423632878918 0.426765405770 0.427258436579 0.426743069567 0.426289664414 0.425899150650 0.425572687748 0.425311865439 0.425119209110 0.425000000000 0.425119209110 0.425311865439 
0.113408778487 0.108761217413 0.104142478194 0.099556041748 0.095005942992 0.090496879863 0.086034347771 0.081624806303 0.077275887021 0.072996653914 0.068797931692 0.064692721914 0.060696733548 0.056829063466 0.053113075002 0.049577541096 0.046258148022 0.043199510225 0.040457971700 0.038105838669 0.036239150945 0.035000000000 0.036239150945 0.038105838669 0.040457971700 0.043199510225 0.046258148022 0.049577541096 0.053113075002 0.056829063466 0.060696733548 0.064692721914 0.068797931692 0.072996653914 0.077275887021 0.081624806303 0.086034347771 0.090496879863 0.095005942992 0.099556041748 0.104142478194 0.108761217413 0.113408778487 0.118082145632 0.122778695414 0.127496136834 0.132232461766 0.136985903792 0.141754903835 0.146538081368 0.151334210171 0.156142197860 0.160961068516 0.165789947898 0.170628050815 0.175474670289 0.180329168249 0.185190967484 0.190059544694 0.194934424446 0.199815173915 0.204701398298 0.209592736791 0.214488859066 0.219389462167 0.224294267772 0.229203019778 0.234115482149 0.239031436905 0.243950681594 0.248873022695 0.253798248238 0.258726009546 0.262764352272 0.264766500151 0.265459856993 0.265912501993 0.266435538837 0.267056527595 0.267775387150 0.268590207591 0.269499069686 0.270500140076 0.271591645374 0.272771848731 0.274039034977 0.275391501806 0.276827554814 0.278345505064 0.279943668272 0.281620365059 0.283373921909 0.285202672554 0.287104959625 0.289079136441 0.291123568848 0.293236637043 0.295416737343 0.297662283865 0.299971710104 0.299971710104 0.284485376990 0.282480967421 0.280549107139 0.278691503905 0.276909878048 0.275205960560 0.273581491311 0.272038217515 0.270577892611 0.269202275833 0.267913132847 0.266712238014 0.265601379205 0.264582366555 0.263657047594 0.262827332957 0.262095240669 0.261462975302 0.260933079193 0.260508754281 0.260194682944 0.260000000000 0.260194682944 0.260508754281 0.260933079193 0.261462975302 0.262095240669 0.262827332957 0.263657047594 0.264582366555 0.265601379205 0.266712238014 0.267913132847 0.269202275833 0.270577892611 0.272038217515 0.273581491311 0.275205960560 0.276909878048 0.278691503905 0.280549107139 0.282480967421 0.284485376990 0.286560642580 0.288705087330 0.290917052611 0.293194899752 0.295537011643 0.297941794203 0.300407677708 0.302933117970 0.305516597373 0.308156625780 0.310851741282 0.313600510839 0.316401530787 0.319253427226 0.322154856307 0.325104504417 0.328101088268 0.331143354898 0.334230081608 0.337360075808 0.340532174817 0.343745245599 0.346998184440 0.350289916597 0.353619395893 0.356985604280 0.360387551380 0.363824273989 0.367294835569 0.370798325718 0.374333859624 0.377900577512 0.381497644080 0.385124247928 0.388779600989 0.392462937951 0.396173515683 0.399910612667 0.403673528424 0.407461582954 0.411274116180 0.415110487391 0.418970074705 0.422651168435 0.423484466238 0.422868320253 0.422285067817 0.421763669626 0.421304937841 0.420909819835 0.420579495210 0.420315578463 0.420120630394 0.420000000000 0.420120630394 0.420315578463 
0.115431217843 0.110858501030 0.106319624359 0.101818509545 0.097359671190 0.092948326319 0.088590527532 0.084293325532 0.080064968271 0.075915145892 0.071855293114 0.067898963864 0.064062297008 0.060364597372 0.056829063466 0.053483704033 0.050362503765 0.047506936584 0.044968023792 0.042809452475 0.041113570061 0.040000000000 0.041113570061 0.042809452475 0.044968023792 0.047506936584 0.050362503765 0.053483704033 0.056829063466 0.060364597372 0.064062297008 0.067898963864 0.071855293114 0.075915145892 0.080064968271 0.084293325532 0.088590527532 0.092948326319 0.097359671190 0.101818509545 0.106319624359 0.110858501030 0.115431217843 0.120034355526 0.124664922261 0.129320291268 0.133998148661 0.138696449704 0.143413381991 0.148147334342 0.152896870419 0.157660706286 0.162437691246 0.167226791438 0.172027075730 0.176837703575 0.181657914503 0.186487019018 0.191324390683 0.196169459219 0.201021704473 0.205880651142 0.210745864124 0.215616944435 0.220493525607 0.225375270491 0.230261868440 0.235153032787 0.240048498599 0.244948020522 0.249851370039 0.254758328888 0.258472843530 0.259816168419 0.260184862467 0.260508164727 0.260933032894 0.261462970842 0.262095240165 0.262827332892 0.263657047585 0.264582366554 0.265601379205 0.266712238014 0.267913132847 0.269202275833 0.270577892611 0.272038217515 0.273581491311 0.275205960560 0.276909878048 0.278691503905 0.280549107139 0.282480967421 0.284485376990 0.286560642580 0.288705087330 0.290917052611 0.293194899752 0.295537011643 0.295537011643 0.289079136441 0.287104959625 0.285202672554 0.283373921909 0.281620365059 0.279943668272 0.278345505064 0.276827554814 0.275391501806 0.274039034977 0.272771848731 0.271591645377 0.270500140093 0.269499069787 0.268590208231 0.267775391610 0.267056562312 0.266435846958 0.265915705159 0.265499245689 0.265191032278 0.265000000000 0.265191032278 0.265499245689 0.265915705159 0.266435846958 0.267056562312 0.267775391610 0.268590208231 0.269499069787 0.270500140093 0.271591645377 0.272771848731 0.274039034977 0.275391501806 0.276827554814 0.278345505064 0.279943668272 0.281620365059 0.283373921909 0.285202672554 0.287104959625 0.289079136441 0.291123568848 0.293236637043 0.295416737343 0.297662283865 0.299971710104 0.302343470382 0.304776041172 0.307267922290 0.309817637951 0.312423737697 0.315084797194 0.317799418906 0.320566232657 0.323383896071 0.326251094919 0.329166543361 0.332128984102 0.335137188462 0.338189956367 0.341286116280 0.344424525054 0.347604067739 0.350823657333 0.354082234484 0.357378767159 0.360712250271 0.364081705273 0.367486179731 0.370924746869 0.374396505094 0.377900577512 0.381436111418 0.385002277787 0.388598270753 0.392223307079 0.395876625630 0.399557486837 0.403265172171 0.406998983606 0.410758243096 0.414542292049 0.418350490813 0.419865962162 0.419267450222 0.418554393746 0.417902455112 0.417312327734 0.416784757581 0.416320574115 0.415920743203 0.415586465273 0.415319380384 0.415122085775 0.415000000000 0.415122085775 0.415319380384 
0.117621039933 0.113126078397 0.108669836383 0.104256617213 0.099891341621 0.095579654616 0.091328053577 0.087144042205 0.083036316016 0.079014986313 0.075091851168 0.071280723780 0.067597830914 0.064062297008 0.060696733548 0.057527959631 0.054587892173 0.051914674486 0.049554198564 0.047562465409 0.046010412560 0.045000000000 0.046010412560 0.047562465409 0.049554198564 0.051914674486 0.054587892173 0.057527959631 0.060696733548 0.064062297008 0.067597830914 0.071280723780 0.075091851168 0.079014986313 0.083036316016 0.087144042205 0.091328053577 0.095579654616 0.099891341621 0.104256617213 0.108669836383 0.113126078397 0.117621039933 0.122150945683 0.126712473341 0.131302690479 0.135919001265 0.140559101353 0.145220939573 0.149902685297 0.154602700565 0.159319516195 0.164051811260 0.168798395399 0.173558193533 0.178330232620 0.183113630152 0.187907584132 0.192711364323 0.197524304590 0.202345796180 0.207175281809 0.212012250453 0.216856232748 0.221706796915 0.226563545143 0.231426110382 0.236294153477 0.241167360613 0.246045441003 0.250928124642 0.254254175099 0.255125847718 0.255000000000 0.255198474526 0.255518628111 0.255951116892 0.256491133579 0.257135377716 0.257881219242 0.258726370803 0.259668734007 0.260706319122 0.261837200301 0.263059489720 0.264371322474 0.265770847939 0.267256225130 0.268825620625 0.270477208117 0.272209169038 0.274019693837 0.275906983678 0.277869252356 0.279904728315 0.282011656678 0.284188301225 0.286432946279 0.288743898471 0.291119488367 0.291119488367 0.293685431284 0.291740682502 0.289867163511 0.288066462504 0.286340176672 0.284689910531 0.283117274394 0.281623883130 0.280211355369 0.278881313404 0.277635384177 0.276475201881 0.275402413049 0.274418685512 0.273525723520 0.272725293115 0.272019265424 0.271409693588 0.270898959113 0.270490082571 0.270187514858 0.270000000000 0.270187514858 0.270490082571 0.270898959113 0.271409693588 0.272019265424 0.272725293115 0.273525723520 0.274418685512 0.275402413049 0.276475201881 0.277635384177 0.278881313404 0.280211355369 0.281623883130 0.283117274394 0.284689910531 0.286340176672 0.288066462504 0.289867163511 0.291740682502 0.293685431284 0.295699832404 0.297782320895 0.299931345983 0.302145372714 0.304422883502 0.306762379551 0.309162382176 0.311621433994 0.314138099992 0.316710968477 0.319338651897 0.322019787559 0.324753038220 0.327537092586 0.330370665699 0.333252499240 0.336181361736 0.339156048689 0.342175382634 0.345238213119 0.348343416628 0.351489896447 0.354676582476 0.357902430991 0.361166424375 0.364467570801 0.367804903884 0.371177482312 0.374584389445 0.378024732893 0.381497644080 0.385002277787 0.388537811693 0.392103445893 0.395698402416 0.399321924740 0.402973277300 0.406651744990 0.410356632673 0.414087264688 0.416375167016 0.415944230971 0.415101159272 0.414318556359 0.413597078342 0.412937402274 0.412340238663 0.411806350837 0.411336586229 0.410931929891 0.410593603803 0.410323274416 0.410123576490 0.410000000000 0.410123576490 0.410323274416 
0.119967764345 0.115552689653 0.111181012880 0.106857357875 0.102586977563 0.098375855756 0.094230827508 0.090159721577 0.086171529263 0.082276604631 0.078486902012 0.074816257686 0.071280723780 0.067898963864 0.064692721914 0.061687380507 0.058912634035 0.056403329783 0.054200610184 0.052353759066 0.050924246878 0.050000000000 0.050924246878 0.052353759066 0.054200610184 0.056403329783 0.058912634035 0.061687380507 0.064692721914 0.067898963864 0.071280723780 0.074816257686 0.078486902012 0.082276604631 0.086171529263 0.090159721577 0.094230827508 0.098375855756 0.102586977563 0.106857357875 0.111181012880 0.115552689653 0.119967764345 0.124422155902 0.128912252813 0.133434850786 0.137987099601 0.142566457692 0.147170653238 0.151797650747 0.156445622294 0.161112922702 0.165798068073 0.170499717170 0.175216655240 0.179947779920 0.184692088922 0.189448669269 0.194216687841 0.198995383071 0.203784057628 0.208582071955 0.213388838559 0.218203816943 0.223026509109 0.227856455554 0.232693231707 0.237536444734 0.242385730697 0.247227362091 0.250089274054 0.250520893921 0.250202415293 0.250000000000 0.250202415293 0.250528888470 0.250969856665 0.251520380922 0.252177056479 0.252937160138 0.253798316538 0.254758341804 0.255815162088 0.256966768312 0.258211190165 0.259546481044 0.260970709558 0.262481955070 0.264078305828 0.265757858718 0.267518720086 0.269359007197 0.271276850088 0.273270393624 0.275337799629 0.277477249014 0.279686943817 0.281965109153 0.284309995002 0.286719877857 0.286719877857 0.298303717755 0.296387620140 0.294542092956 0.292768668393 0.291068886119 0.289444291718 0.287896435287 0.286426870333 0.285037153121 0.283728842737 0.282503502226 0.281362701340 0.280308021749 0.279341066069 0.278463472963 0.277676942327 0.276983278089 0.276384464044 0.275882807877 0.275481246556 0.275184123560 0.275000000000 0.275184123560 0.275481246556 0.275882807877 0.276384464044 0.276983278089 0.277676942327 0.278463472963 0.279341066069 0.280308021749 0.281362701340 0.282503502226 0.283728842737 0.285037153121 0.286426870333 0.287896435287 0.289444291718 0.291068886119 0.292768668393 0.294542092956 0.296387620140 0.298303717755 0.300288862737 0.302341542814 0.304460258143 0.306643522893 0.308889866745 0.311197836297 0.313565996362 0.315992931161 0.318477245392 0.321017565195 0.323612538999 0.326260838258 0.328961158088 0.331712217793 0.334512761307 0.337361557534 0.340257400608 0.343199110078 0.346185531011 0.349215534036 0.352288015314 0.355401896468 0.358556124443 0.361749671334 0.364981534160 0.368250734611 0.371556318750 0.374897356697 0.378272942277 0.381682192651 0.385124247928 0.388598270753 0.392103445893 0.395638979799 0.399204100169 0.402798055502 0.406420114636 0.410069566303 0.413054301673 0.412902647728 0.411929325932 0.411015820465 0.410162785786 0.409370883222 0.408640786635 0.407973190794 0.407368823996 0.406828467631 0.406352987806 0.405943389477 0.405600916949 0.405327263934 0.405125103839 0.405000000000 0.405125103839 0.405327263934 
0.122461499690 0.118127761809 0.113841854274 0.109608661262 0.105433696631 0.101323199028 0.097284242772 0.093324867161 0.089454227237 0.085682769426 0.082022435918 0.078486902012 0.075091851168 0.071855293114 0.068797931692 0.065943592419 0.063319728827 0.060958052410 0.058895408043 0.057175270528 0.055851251183 0.055000000000 0.055851251183 0.057175270528 0.058895408043 0.060958052410 0.063319728827 0.065943592419 0.068797931692 0.071855293114 0.075091851168 0.078486902012 0.082022435918 0.085682769426 0.089454227237 0.093324867161 0.097284242772 0.101323199028 0.105433696631 0.109608661262 0.113841854274 0.118127761809 0.122461499690 0.126838731799 0.131255599945 0.135708663553 0.140194847710 0.144711398342 0.149255843483 0.153825959742 0.158419743214 0.163035384206 0.167671245223 0.172325841764 0.176997825537 0.181685969746 0.186389156187 0.191106363893 0.195836659129 0.200579186566 0.205333161462 0.210097862742 0.214872626852 0.219656842289 0.224449944732 0.229251412693 0.234060763630 0.238877550466 0.243597612976 0.245978920882 0.245989339920 0.245539558328 0.245206514168 0.245000000000 0.245206514168 0.245539558328 0.245989339920 0.246550781034 0.247220366332 0.247995273613 0.248873033839 0.249851372119 0.250928125062 0.252101195057 0.253368524137 0.254728078999 0.256177842656 0.257715810192 0.259339987111 0.261048389312 0.262839044110 0.264709991888 0.266659288108 0.268685005508 0.270785236351 0.272958094631 0.275201718196 0.277514270726 0.279893943558 0.282338957334 0.282338957334 0.302933481675 0.301045285167 0.299227001226 0.297480108411 0.295806091401 0.294206439529 0.292682645506 0.291236204446 0.289868613355 0.288581371343 0.287375980896 0.286253950768 0.285216801293 0.284266073473 0.283403344047 0.282630250477 0.281948533255 0.281360110669 0.280867220555 0.280472720547 0.280180851754 0.280000000000 0.280180851754 0.280472720547 0.280867220555 0.281360110669 0.281948533255 0.282630250477 0.283403344047 0.284266073473 0.285216801293 0.286253950768 0.287375980896 0.288581371343 0.289868613355 0.291236204446 0.292682645506 0.294206439529 0.295806091401 0.297480108411 0.299227001226 0.301045285167 0.302933481675 0.304890119852 0.306913738059 0.309002885475 0.311156123633 0.313372027875 0.315649188727 0.317986213179 0.320381725866 0.322834370140 0.325342809038 0.327905726147 0.330521826365 0.333189836559 0.335908506127 0.338676607476 0.341492936404 0.344356312402 0.347265578883 0.350219603337 0.353217277418 0.356257516975 0.359339262019 0.362461476646 0.365623148907 0.368823290643 0.372060937271 0.375335147546 0.378645003288 0.381989609078 0.385368091939 0.388779600989 0.392223307079 0.395698402416 0.399204100169 0.402739634075 0.406304258022 0.409897245637 0.410146614577 0.409042898580 0.407998298161 0.407013483404 0.406089124632 0.405225895031 0.404424474528 0.403685555480 0.403009851115 0.402398108253 0.401851127083 0.401369793127 0.400955132009 0.400608411163 0.400331352476 0.400126669181 0.400000000000 0.400126669181 0.400331352476 
0.125092923250 0.120841381172 0.116641825249 0.112499342594 0.108419641449 0.104409138544 0.100475059579 0.096625554662 0.092869830761 0.089218303332 0.085682769426 0.082276604631 0.079014986313 0.075915145892 0.072996653914 0.070281744764 0.067795696848 0.065567309478 0.063629591934 0.062021020242 0.060788660837 0.060000000000 0.060788660837 0.062021020242 0.063629591934 0.065567309478 0.067795696848 0.070281744764 0.072996653914 0.075915145892 0.079014986313 0.082276604631 0.085682769426 0.089218303332 0.092869830761 0.096625554662 0.100475059579 0.104409138544 0.108419641449 0.112499342594 0.116641825249 0.120841381172 0.125092923250 0.129391909562 0.133734277373 0.138116385750 0.142534965627 0.146987076329 0.151470067662 0.155981546831 0.160519349529 0.165081514621 0.169666261964 0.174271972929 0.178897173270 0.183540518038 0.188200778270 0.192876829223 0.197567639959 0.202272264112 0.206989831683 0.211719541740 0.216460655921 0.221212492623 0.225974421814 0.230745860390 0.235526268002 0.240074717301 0.241948064584 0.241582402640 0.241009611361 0.240550662500 0.240210780799 0.240000000000 0.240210780799 0.240550662500 0.241009611361 0.241582402640 0.242265403615 0.243055686717 0.243950683081 0.244948020794 0.246045441057 0.247240751992 0.248531802417 0.249916466943 0.251392637818 0.252958220902 0.254611134255 0.256349308346 0.258170687291 0.260073230689 0.262054915811 0.264113739927 0.266247722669 0.268454908326 0.270733368020 0.273081201722 0.275496540096 0.277977546136 0.277977546136 0.307574236550 0.305713216887 0.303921454219 0.302200375751 0.300551413578 0.298976003335 0.297475583026 0.296051592182 0.294705471475 0.293438663073 0.292252612041 0.291148769355 0.290128597310 0.289193578652 0.288345231603 0.287585134644 0.286914968330 0.286336589004 0.285852168341 0.285464488614 0.285177693266 0.285000000000 0.285177693266 0.285464488614 0.285852168341 0.286336589004 0.286914968330 0.287585134644 0.288345231603 0.289193578652 0.290128597310 0.291148769355 0.292252612041 0.293438663073 0.294705471475 0.296051592182 0.297475583026 0.298976003335 0.300551413578 0.302200375751 0.303921454219 0.305713216887 0.307574236550 0.309503092353 0.311498371297 0.313558669744 0.315682594885 0.317868766156 0.320115816581 0.322422394025 0.324787162362 0.327208802542 0.329686013564 0.332217513346 0.334802039506 0.337438350038 0.340125223905 0.342861461545 0.345645885287 0.348477339694 0.351354691829 0.354276831455 0.357242671165 0.360251146456 0.363301215745 0.366391860340 0.369522084354 0.372690914586 0.375897400356 0.379140613314 0.382419647208 0.385733617630 0.389081661738 0.392462937951 0.395876625630 0.399321924740 0.402798055502 0.406304258022 0.407649997633 0.406445711284 0.405269954757 0.404153234997 0.403096243500 0.402099670133 0.401164204870 0.400290540416 0.399479376082 0.398731423507 0.398047415153 0.397428117147 0.396874349248 0.396387017178 0.395967168030 0.395616093216 0.395335543758 0.395128273946 0.395000000000 0.395128273946 0.395335543758 
0.127853263527 0.123684268258 0.119571119462 0.115519053888 0.111533913527 0.107622224707 0.103791287837 0.100049278999 0.096405364667 0.092869830761 0.089454227237 0.086171529263 0.083036316016 0.080064968271 0.077275887021 0.074689738529 0.072329740444 0.070222028730 0.068396216941 0.066886486487 0.065734428236 0.065000000000 0.065734428236 0.066886486487 0.068396216941 0.070222028730 0.072329740444 0.074689738529 0.077275887021 0.080064968271 0.083036316016 0.086171529263 0.089454227237 0.092869830761 0.096405364667 0.100049278999 0.103791287837 0.107622224707 0.111533913527 0.115519053888 0.119571119462 0.123684268258 0.127853263527 0.132073404143 0.136340463377 0.140650635097 0.145000486470 0.149386916408 0.153807119006 0.158258551388 0.162738905375 0.167246082520 0.171778172071 0.176333431507 0.180910269314 0.185507229734 0.190122979235 0.194756294494 0.199406051715 0.204071217106 0.208750838391 0.213444037227 0.218150002421 0.222867983853 0.227597287026 0.232337268172 0.236648288191 0.237998275880 0.237312272316 0.236615319980 0.236030719321 0.235562227832 0.235215225629 0.235000000000 0.235215225629 0.235562227832 0.236030719321 0.236615319980 0.237312272316 0.238118536464 0.239031437051 0.240048498625 0.241167360618 0.242385730697 0.243701358462 0.245112020654 0.246615513207 0.248209647473 0.249892249063 0.251661158303 0.253514231693 0.255449343946 0.257464390342 0.259557289196 0.261725984325 0.263968447419 0.266282680272 0.268666716825 0.271118625006 0.273636508353 0.273636508353 0.312225521820 0.310390979552 0.308625041712 0.306929086321 0.305304495189 0.303752652671 0.302274944607 0.300872757596 0.299547478738 0.298300496112 0.297133200307 0.296046987536 0.295043265138 0.294123460739 0.293289037218 0.292541517290 0.291882524823 0.291313857528 0.290837624347 0.290456535892 0.290174642341 0.290000000000 0.290174642341 0.290456535892 0.290837624347 0.291313857528 0.291882524823 0.292541517290 0.293289037218 0.294123460739 0.295043265138 0.296046987536 0.297133200307 0.298300496112 0.299547478738 0.300872757596 0.302274944607 0.303752652671 0.305304495189 0.306929086321 0.308625041712 0.310390979552 0.312225521820 0.314127295663 0.316094934815 0.318127081036 0.320222385528 0.322379510299 0.324597129470 0.326873930506 0.329208615361 0.331599901540 0.334046523065 0.336547231356 0.339100796016 0.341706005529 0.344361667874 0.347066611054 0.349819683542 0.352619754659 0.355465714873 0.358356476035 0.361290971555 0.364268156508 0.367287007698 0.370346523668 0.373445724657 0.376583652527 0.379759370640 0.382971963704 0.386220537591 0.389504219121 0.392822155826 0.396173515683 0.399557486837 0.402973277300 0.405181330763 0.404141295742 0.402834503380 0.401585917401 0.400396256267 0.399266234999 0.398196565804 0.397187959154 0.396241125507 0.395356777914 0.394535635904 0.393778431222 0.393085916390 0.392458877656 0.391898155174 0.391404675690 0.390979508612 0.390623970220 0.390339841683 0.390129919638 0.390000000000 0.390129919638 0.390339841683 
0.130734282525 0.126647752268 0.122620623946 0.118658235475 0.114766508484 0.110952019024 0.107222076690 0.103584812905 0.100049278999 0.096625554662 0.093324867161 0.090159721577 0.087144042205 0.084293325532 0.081624806303 0.079157641721 0.076913128172 0.074914989806 0.073189847395 0.071768190944 0.070687005667 0.070000000000 0.070687005667 0.071768190944 0.073189847395 0.074914989806 0.076913128172 0.079157641721 0.081624806303 0.084293325532 0.087144042205 0.090159721577 0.093324867161 0.096625554662 0.100049278999 0.103584812905 0.107222076690 0.110952019024 0.114766508484 0.118658235475 0.122620623946 0.126647752268 0.130734282525 0.134875397499 0.139066744613 0.143304386117 0.147584754883 0.151904615173 0.156261027848 0.160651319498 0.165073055050 0.169524013450 0.174002166055 0.178505657428 0.183032788242 0.187582000055 0.192151861737 0.196741057352 0.201348375332 0.205972698787 0.210612996832 0.215268316803 0.219937777273 0.224620561770 0.229315913123 0.233292644788 0.234115482157 0.233183970817 0.232361084838 0.231649613376 0.231052716134 0.230574283419 0.230219859984 0.230000000000 0.230219859984 0.230574283419 0.231052716134 0.231649613376 0.232361084838 0.233183970817 0.234115482157 0.235153032789 0.236294153477 0.237536444734 0.238877550466 0.240315143318 0.241846916962 0.243470582593 0.245183868037 0.246984518473 0.248870298121 0.250838992487 0.252888410882 0.255016389023 0.257220791606 0.259499514742 0.261850488229 0.264271677609 0.266761085990 0.269316755645 0.269316755645 0.316886901224 0.315078160764 0.313337375801 0.311665877240 0.310064998798 0.308536075849 0.307080444477 0.305699440854 0.304394401112 0.303166661930 0.302017562179 0.300948446144 0.299960669088 0.299055606442 0.298234668709 0.297499325830 0.296851148012 0.296291877418 0.295823563447 0.295448848498 0.295171693602 0.295000000000 0.295171693602 0.295448848498 0.295823563447 0.296291877418 0.296851148012 0.297499325830 0.298234668709 0.299055606442 0.299960669088 0.300948446144 0.302017562179 0.303166661930 0.304394401112 0.305699440854 0.307080444477 0.308536075849 0.310064998798 0.311665877240 0.313337375801 0.315078160764 0.316886901224 0.318762270372 0.320702946842 0.322707616077 0.324774971691 0.326903716785 0.329092565216 0.331340242798 0.333645488426 0.336007055125 0.338423711012 0.340894240174 0.343417443461 0.345992139200 0.348617163820 0.351291372403 0.354013639159 0.356782857825 0.359597942004 0.362457825425 0.365361462156 0.368307826751 0.371295914347 0.374324740712 0.377393342246 0.380500775940 0.383646119300 0.386828470228 0.390046946879 0.393300687487 0.396588850162 0.399910612667 0.402878866392 0.402132792323 0.400695296891 0.399315086699 0.397992909319 0.396729508606 0.395525624692 0.394381994238 0.393299351022 0.392278426993 0.391319953966 0.390424666216 0.389593304362 0.388826621128 0.388125389963 0.387490418106 0.386922566968 0.386422785190 0.385992165386 0.385632049651 0.385344250353 0.385131607834 0.385000000000 0.385131607834 0.385344250353 
0.133728256578 0.129723744202 0.125781882506 0.121908067292 0.118108252407 0.114389012221 0.110757610596 0.107222076690 0.103791287837 0.100475059579 0.097284242772 0.094230827508 0.091328053577 0.088590527532 0.086034347771 0.083677242757 0.081538737093 0.079640384619 0.078006174149 0.076663417060 0.075645202313 0.075000000000 0.075645202313 0.076663417060 0.078006174149 0.079640384619 0.081538737093 0.083677242757 0.086034347771 0.088590527532 0.091328053577 0.094230827508 0.097284242772 0.100475059579 0.103791287837 0.107222076690 0.110757610596 0.114389012221 0.118108252407 0.121908067292 0.125781882506 0.129723744202 0.133728256578 0.137790525496 0.141906107727 0.146070965374 0.150281425001 0.154534141041 0.158826063041 0.163154406380 0.167516626074 0.171910393357 0.176333574740 0.180784213266 0.185260511739 0.189760817695 0.194283609933 0.198827486436 0.203391153522 0.207973416092 0.212573168867 0.217189388487 0.221821126398 0.226467502427 0.230050731551 0.230261868440 0.229203019778 0.228252149788 0.227411962859 0.226685369861 0.226075658556 0.225586860835 0.225224696164 0.225000000000 0.225224696164 0.225586860835 0.226075658556 0.226685369861 0.227411962859 0.228252149788 0.229203019778 0.230261868440 0.231426110382 0.232693231707 0.234060763630 0.235526268002 0.237087329847 0.238741554160 0.240486565302 0.242320007994 0.244239549249 0.246242880816 0.248327721872 0.250491821748 0.252732962592 0.255048961869 0.257437674653 0.259896995679 0.262424861144 0.265019250251 0.265019250251 0.321557961286 0.319774369992 0.318058089454 0.316410405440 0.314832605657 0.313325978682 0.311891813122 0.310531397099 0.309246018228 0.308036964317 0.306905525118 0.305852995637 0.304880681763 0.303989909468 0.303182039644 0.302458492249 0.301820786653 0.301270612336 0.300809962134 0.300441413452 0.300168842026 0.300000000000 0.300168842026 0.300441413452 0.300809962134 0.301270612336 0.301820786653 0.302458492249 0.303182039644 0.303989909468 0.304880681763 0.305852995637 0.306905525118 0.308036964317 0.309246018228 0.310531397099 0.311891813122 0.313325978682 0.314832605657 0.316410405440 0.318058089454 0.319774369992 0.321557961286 0.323407580699 0.325321950000 0.327299796666 0.329339855179 0.331440868299 0.333601588293 0.335820778101 0.338097212440 0.340429678838 0.342816978581 0.345257927595 0.347751357237 0.350296115018 0.352891065240 0.355535089566 0.358227087514 0.360965976881 0.363750694103 0.366580194551 0.369453452772 0.372369462665 0.375327237619 0.378325810588 0.381364234131 0.384441580411 0.387556941145 0.390709427531 0.393898170138 0.397122318766 0.400381042280 0.400422886325 0.398855252367 0.397343887763 0.395889569077 0.394493069800 0.393155159983 0.391876606019 0.390658170595 0.389500612910 0.388404689223 0.387371153874 0.386400760958 0.385494266895 0.384652434315 0.383876037844 0.383165872775 0.382522768251 0.381947607855 0.381441363046 0.381005150582 0.380640339366 0.380348774083 0.380133340196 0.380000000000 0.380133340196 0.380348774083 
0.136827955504 0.132904708562 0.129047058274 0.125260420292 0.121550739800 0.117924546127 0.114389012221 0.110952019024 0.107622224707 0.104409138544 0.101323199028 0.098375855756 0.095579654616 0.092948326319 0.090496879863 0.088241706404 0.086200708704 0.084393495188 0.082841741370 0.081570014333 0.080608087519 0.080000000000 0.080608087519 0.081570014333 0.082841741370 0.084393495188 0.086200708704 0.088241706404 0.090496879863 0.092948326319 0.095579654616 0.098375855756 0.101323199028 0.104409138544 0.107622224707 0.110952019024 0.114389012221 0.117924546127 0.121550739800 0.125260420292 0.129047058274 0.132904708562 0.136827955504 0.140811863053 0.144851929299 0.148944045183 0.153084457115 0.157269733173 0.161496732597 0.165762578276 0.170064631968 0.174400471968 0.178767873015 0.183164788188 0.187589332611 0.192039768769 0.196514493283 0.201012024979 0.205530994129 0.210070132738 0.214628265768 0.219204303210 0.223797232896 0.226926340552 0.226563545143 0.225375270491 0.224294267772 0.223323246672 0.222465038298 0.221722683882 0.221099608236 0.220599994409 0.220229747552 0.220000000000 0.220229747552 0.220599994409 0.221099608236 0.221722683882 0.222465038298 0.223323246672 0.224294267772 0.225375270491 0.226563545143 0.227856455554 0.229251412693 0.230745860390 0.232337268172 0.234023128371 0.235800955831 0.237668289184 0.239622693027 0.241661760579 0.243783116523 0.245984419866 0.248263366669 0.250617692599 0.253045175224 0.255543636046 0.258110942255 0.260745008194 0.260745008194 0.326238309905 0.324479237196 0.322786835178 0.321162346375 0.319607014463 0.318122083301 0.316708796180 0.315368395413 0.314102122415 0.312911218506 0.311796926760 0.310760495391 0.309803183444 0.308926269992 0.308131068901 0.307418952750 0.306791392704 0.306250028237 0.305796798395 0.305434218601 0.305166082911 0.305000000000 0.305166082911 0.305434218601 0.305796798395 0.306250028237 0.306791392704 0.307418952750 0.308131068901 0.308926269992 0.309803183444 0.310760495391 0.311796926760 0.312911218506 0.314102122415 0.315368395413 0.316708796180 0.318122083301 0.319607014463 0.321162346375 0.322786835178 0.324479237196 0.326238309905 0.328062813052 0.329951509850 0.331903168216 0.333916562011 0.335990472266 0.338123688366 0.340315009187 0.342563244174 0.344867214350 0.347225753263 0.349637707849 0.352101939232 0.354617323444 0.357182752079 0.359797132867 0.362459390191 0.365168465527 0.367923317832 0.370722923857 0.373566278421 0.376452394616 0.379380303968 0.382349056552 0.385357721062 0.388405384836 0.391491153849 0.394614152666 0.397773524371 0.399013761074 0.397316796137 0.395674989551 0.394089145252 0.392560065320 0.391088549418 0.389675394289 0.388321393361 0.387027336474 0.385794009804 0.384622196028 0.383512674844 0.382466223948 0.381483620680 0.380565644582 0.379713081268 0.378926728239 0.378207403599 0.377555959364 0.376973302256 0.376460427522 0.376018477064 0.375648847637 0.375353417415 0.375135118473 0.375000000000 0.375135118473 0.375353417415 
0.140026620296 0.136183634017 0.132408895899 0.128707808520 0.125086273705 0.121550739800 0.118108252407 0.114766508484 0.111533913527 0.108419641449 0.105433696631 0.102586977563 0.099891341621 0.097359671190 0.095005942992 0.092845306583 0.090894187571 0.089170454377 0.087693748274 0.086486259560 0.085574923798 0.085000000000 0.085574923798 0.086486259560 0.087693748274 0.089170454377 0.090894187571 0.092845306583 0.095005942992 0.097359671190 0.099891341621 0.102586977563 0.105433696631 0.108419641449 0.111533913527 0.114766508484 0.118108252407 0.121550739800 0.125086273705 0.128707808520 0.132408895899 0.136183634017 0.140026620296 0.143932907631 0.147897964042 0.151917635643 0.155988112755 0.160105898989 0.164267783082 0.168470813303 0.172712274205 0.176989665541 0.181300683150 0.185643201635 0.190015258673 0.194415040801 0.198840870538 0.203291194718 0.207764573907 0.212259672819 0.216775251609 0.221310157972 0.223921033666 0.223026509109 0.221706796915 0.220493525607 0.219389462167 0.218397449438 0.217520454400 0.216761658107 0.216124632254 0.215613721526 0.215235028735 0.215000000000 0.215235028735 0.215613721526 0.216124632254 0.216761658107 0.217520454400 0.218397449438 0.219389462167 0.220493525607 0.221706796915 0.223026509109 0.224449944732 0.225974421814 0.227597287026 0.229315913123 0.231127698988 0.233030071191 0.235020486424 0.237096434356 0.239255440634 0.241495069846 0.243812928324 0.246206666707 0.248673982239 0.251212620747 0.253820378326 0.256495102710 0.256495102710 0.330927575053 0.329192411550 0.327523283781 0.325921392824 0.324387940218 0.322924127072 0.321531153412 0.320210217860 0.318962517819 0.317789250366 0.316691614190 0.315670813055 0.314728061528 0.313864594182 0.313081680274 0.312380647436 0.311762921084 0.311230093186 0.310784051592 0.310427252556 0.310163411854 0.310000000000 0.310163411854 0.310427252556 0.310784051592 0.311230093186 0.311762921084 0.312380647436 0.313081680274 0.313864594182 0.314728061528 0.315670813055 0.316691614190 0.317789250366 0.318962517819 0.320210217860 0.321531153412 0.322924127072 0.324387940218 0.325921392824 0.327523283781 0.329192411550 0.330927575053 0.332727574703 0.334591213537 0.336517298380 0.338504641038 0.340552059466 0.342658378915 0.344822433037 0.347043064929 0.349319128130 0.351649487545 0.354033020305 0.356468616560 0.358955180202 0.361491629524 0.364076897804 0.366709933834 0.369389702378 0.372115184575 0.374885378281 0.377699298358 0.380555976910 0.383454463471 0.386393825144 0.389373146701 0.392391530642 0.395448097214 0.397710826032 0.396081823388 0.394310537711 0.392594035171 0.390933144145 0.389328692063 0.387781504768 0.386292405906 0.384862216390 0.383491753957 0.382181832855 0.380933263721 0.379746853708 0.378623406951 0.377563725521 0.376568611028 0.375638867157 0.374775303538 0.373978741571 0.373250023201 0.372590024337 0.371999675862 0.371479997843 0.371032158373 0.370657583169 0.370358185131 0.370136944507 0.370000000000 0.370136944507 0.370358185131 
0.143317939762 0.139554003501 0.135860683918 0.132243342426 0.128707808520 0.125260420292 0.121908067292 0.118658235475 0.115519053888 0.112499342594 0.109608661262 0.106857357875 0.104256617213 0.101818509545 0.099556041748 0.097483217271 0.095615120793 0.093968065993 0.092559903081 0.091410756706 0.090545119447 0.090000000000 0.090545119447 0.091410756706 0.092559903081 0.093968065993 0.095615120793 0.097483217271 0.099556041748 0.101818509545 0.104256617213 0.106857357875 0.109608661262 0.112499342594 0.115519053888 0.118658235475 0.121908067292 0.125260420292 0.128707808520 0.132243342426 0.135860683918 0.139554003501 0.143317939762 0.147147561347 0.151038331489 0.154986075077 0.158986948216 0.163037410181 0.167134197647 0.171274301069 0.175454943067 0.179673558675 0.183927777316 0.188215406362 0.192534416154 0.196882926349 0.201259193491 0.205661599685 0.210088642284 0.214538924498 0.219011146828 0.221033438188 0.219656842289 0.218203816943 0.216856232748 0.215616944435 0.214488859066 0.213474962292 0.212578366969 0.211802404326 0.211150803726 0.210628082975 0.210240555640 0.210000000000 0.210240555640 0.210628082975 0.211150803726 0.211802404326 0.212578366969 0.213474962292 0.214488859066 0.215616944435 0.216856232748 0.218203816943 0.219656842289 0.221212492623 0.222867983853 0.224620561770 0.226467502427 0.228406114011 0.230433739516 0.232547759804 0.234745596747 0.237024716282 0.239382631259 0.241816904009 0.244325148595 0.246905032730 0.249554279357 0.252270667899 0.252270667899 0.335625403545 0.333913560254 0.332267123217 0.330687253790 0.329175113171 0.327731861593 0.326358657757 0.325056658605 0.323827019588 0.322670895657 0.321589443279 0.320583823958 0.319655210013 0.318804793760 0.318033802105 0.317343520015 0.316735329448 0.316210777203 0.315771702358 0.315420504637 0.315160824726 0.315000000000 0.315160824726 0.315420504637 0.315771702358 0.316210777203 0.316735329448 0.317343520015 0.318033802105 0.318804793760 0.319655210013 0.320583823958 0.321589443279 0.322670895657 0.323827019588 0.325056658605 0.326358657757 0.327731861593 0.329175113171 0.330687253790 0.332267123217 0.333913560254 0.335625403545 0.337401492535 0.339240668524 0.341141775779 0.343103662659 0.345125182746 0.347205195944 0.349342569548 0.351536179263 0.353784910176 0.356087657664 0.358443328244 0.360850840358 0.363309125097 0.365817126857 0.368373803936 0.370978129072 0.373629089909 0.376325689422 0.379066946274 0.381851895124 0.384679586891 0.387549088959 0.390459485345 0.393409876826 0.396399381022 0.395151669159 0.393252120132 0.391406083121 0.389614409621 0.387877951945 0.386197562500 0.384574093082 0.383008394191 0.381501314387 0.380053699705 0.378666393172 0.377340234449 0.376076059661 0.374874701475 0.373736989525 0.372663751323 0.371655813827 0.370714005953 0.369839162431 0.369032129646 0.368293774468 0.367624997783 0.367026755718 0.366500094249 0.366046208773 0.365666555137 0.365363082271 0.365138820238 0.365000000000 0.365138820238 0.365363082271 
0.146696026538 0.143009764241 0.139396217824 0.135860683918 0.132408895899 0.129047058274 0.125781882506 0.122620623946 0.119571119462 0.116641825249 0.113841854274 0.111181012880 0.108669836383 0.106319624359 0.104142478194 0.102151347679 0.100360102722 0.098783667982 0.097438313946 0.096342363477 0.095518194407 0.095000000000 0.095518194407 0.096342363477 0.097438313946 0.098783667982 0.100360102722 0.102151347679 0.104142478194 0.106319624359 0.108669836383 0.111181012880 0.113841854274 0.116641825249 0.119571119462 0.122620623946 0.125781882506 0.129047058274 0.132408895899 0.135860683918 0.139396217824 0.143009764241 0.146696026538 0.150450112109 0.154267501449 0.158144019132 0.162075806685 0.166059297354 0.170091192713 0.174168441033 0.178288217346 0.182447905078 0.186645079190 0.190877490685 0.195143052414 0.199439826068 0.203766010262 0.208119929631 0.212500024850 0.216904843495 0.218150002421 0.216460655921 0.214872626852 0.213388838559 0.212012250453 0.210745864124 0.209592736791 0.208556007442 0.207638945750 0.206845044479 0.206178202493 0.205643123339 0.205246345694 0.205000000000 0.205246345694 0.205643123339 0.206178202493 0.206845044479 0.207638945750 0.208556007442 0.209592736791 0.210745864124 0.212012250453 0.213388838559 0.214872626852 0.216460655921 0.218150002421 0.219937777273 0.221821126398 0.223797232896 0.225863319972 0.228016654175 0.230254548676 0.232574366392 0.234973522850 0.237449488734 0.239999792066 0.242622020022 0.245313820383 0.248072902626 0.248072902626 0.340331459917 0.338642367432 0.337018057525 0.335459653472 0.333968277840 0.332545051766 0.331191094467 0.329907523102 0.328695453125 0.327555999355 0.326490278066 0.325499410572 0.324584529028 0.323746785599 0.322987366960 0.322307517539 0.321708577987 0.321192052115 0.320759732501 0.320413964813 0.320158317649 0.320000000000 0.320158317649 0.320413964813 0.320759732501 0.321192052115 0.321708577987 0.322307517539 0.322987366960 0.323746785599 0.324584529028 0.325499410572 0.326490278066 0.327555999355 0.328695453125 0.329907523102 0.331191094467 0.332545051766 0.333968277840 0.335459653472 0.337018057525 0.338642367432 0.340331459917 0.342084211887 0.343899501417 0.345776208798 0.347713217611 0.349709415808 0.351763696766 0.353874960327 0.356042113783 0.358264072823 0.360539762428 0.362868117700 0.365248084647 0.367678620896 0.370158696356 0.372687293812 0.375263409472 0.377886053448 0.380554250189 0.383267038852 0.386023473636 0.388822624054 0.391663575168 0.394545427776 0.394527088885 0.392500743057 0.390526551486 0.388605385004 0.386738117175 0.384925623559 0.383168780966 0.381468466703 0.379825557836 0.378240930457 0.376715459006 0.375250015641 0.373845469708 0.372502687333 0.371222531202 0.370005860594 0.368853531758 0.367766398772 0.366745315082 0.365791135976 0.364904722434 0.364086946977 0.363338702547 0.362660916153 0.362054570314 0.361520738068 0.361060643296 0.360675773213 0.360368114149 0.360140747716 0.360000000000 0.360140747716 0.360368114149 
0.150155392918 0.146545298147 0.143009764241 0.139554003501 0.136183634017 0.132904708562 0.129723744202 0.126647752268 0.123684268258 0.120841381172 0.118127761809 0.115552689653 0.113126078397 0.110858501030 0.108761217413 0.106846211403 0.105126253666 0.103615027284 0.102327406495 0.101280136684 0.100493755255 0.100000000000 0.100493755255 0.101280136684 0.102327406495 0.103615027284 0.105126253666 0.106846211403 0.108761217413 0.110858501030 0.113126078397 0.115552689653 0.118127761809 0.120841381172 0.123684268258 0.126647752268 0.129723744202 0.132904708562 0.136183634017 0.139554003501 0.143009764241 0.146545298147 0.150155392918 0.153835214141 0.157580278582 0.161386428804 0.165249809196 0.169166843444 0.173134213452 0.177148839691 0.181207862931 0.185308627297 0.189448664599 0.193625679843 0.197837537876 0.202082251071 0.206357967987 0.210662962943 0.214995626420 0.215268316803 0.213444037227 0.211719541740 0.210097862742 0.208582071955 0.207175281809 0.205880651142 0.204701398298 0.203640827094 0.202702376012 0.201889711819 0.201206915909 0.200658891453 0.200252418001 0.200000000000 0.200252418001 0.200658891453 0.201206915909 0.201889711819 0.202702376012 0.203640827094 0.204701398298 0.205880651142 0.207175281809 0.208582071955 0.210097862742 0.211719541740 0.213444037227 0.215268316803 0.217189388487 0.219204303210 0.221310157972 0.223504099265 0.225783326449 0.228145094921 0.230586718970 0.233105574262 0.235699099922 0.238364800208 0.241100245794 0.243903074671 0.243903074671 0.345045425362 0.343378533107 0.341775805839 0.340238330314 0.338767192104 0.337363474937 0.336028260295 0.334762627350 0.333567653402 0.332444415018 0.331393990200 0.330417462009 0.329515924398 0.328690491357 0.327942311316 0.327272590158 0.326682629237 0.326173891423 0.325748124916 0.325407623657 0.325155886983 0.325000000000 0.325155886983 0.325407623657 0.325748124916 0.326173891423 0.326682629237 0.327272590158 0.327942311316 0.328690491357 0.329515924398 0.330417462009 0.331393990200 0.332444415018 0.333567653402 0.334762627350 0.336028260295 0.337363474937 0.338767192104 0.340238330314 0.341775805839 0.343378533107 0.345045425362 0.346775395471 0.348567356856 0.350420224473 0.352332915841 0.354304352065 0.356333458862 0.358419167549 0.360560416011 0.362756149618 0.365005322097 0.367306896354 0.369659845241 0.372063152267 0.374515812257 0.377016831950 0.379565230549 0.382160040209 0.384800306479 0.387485088693 0.390213460309 0.392984509206 0.394208247373 0.392056816304 0.389956101837 0.387906989947 0.385910371317 0.383967140632 0.382078195835 0.380244437374 0.378466767417 0.376746089076 0.375083305621 0.373479319715 0.371935032691 0.370451343875 0.369029150004 0.367669344775 0.366372818568 0.365140458427 0.363973148384 0.362871770278 0.361837205239 0.360870336139 0.359972051423 0.359143250963 0.358384854992 0.357697817854 0.357083149679 0.356541951790 0.356075477801 0.355685247599 0.355373286373 0.355142729100 0.355000000000 0.355142729100 0.355373286373 
0.153690926824 0.150155392918 0.146696026538 0.143317939762 0.140026620296 0.136827955504 0.133728256578 0.130734282525 0.127853263527 0.125092923250 0.122461499690 0.119967764345 0.117621039933 0.115431217843 0.113408778487 0.111564821852 0.109911124352 0.108460258223 0.107225860741 0.106223291046 0.105471476602 0.105000000000 0.105471476602 0.106223291046 0.107225860741 0.108460258223 0.109911124352 0.111564821852 0.113408778487 0.115431217843 0.117621039933 0.119967764345 0.122461499690 0.125092923250 0.127853263527 0.130734282525 0.133728256578 0.136827955504 0.140026620296 0.143317939762 0.146696026538 0.150155392918 0.153690926824 0.157297868255 0.160971786413 0.164708557696 0.168504344677 0.172355576141 0.176258928232 0.180211306719 0.184209830378 0.188251815462 0.192334761237 0.196456336517 0.200614367182 0.204806824591 0.209031814869 0.213048183263 0.212573168867 0.210612996832 0.208750838391 0.206989831683 0.205333161462 0.203784057628 0.202345796180 0.201021704473 0.199815173915 0.198729685722 0.197768860338 0.196936552247 0.196237039734 0.195675440908 0.195258793551 0.195000000000 0.195258793551 0.195675440908 0.196237039734 0.196936552247 0.197768860338 0.198729685722 0.199815173915 0.201021704473 0.202345796180 0.203784057628 0.205333161462 0.206989831683 0.208750838391 0.210612996832 0.212573168867 0.214628265768 0.216775251609 0.219011146828 0.221333031690 0.223738049461 0.226223409216 0.228786388226 0.231424333888 0.234134665224 0.236914873954 0.239762525156 0.239762525156 0.349766996746 0.348121772246 0.346540101461 0.345023036127 0.343571626366 0.342186920110 0.340869962758 0.339621797200 0.338443464321 0.337336004218 0.336300458421 0.335337873567 0.334449307252 0.333635837145 0.332898575291 0.332238690901 0.331657447914 0.331156270176 0.330736863508 0.330401472300 0.330153529303 0.330000000000 0.330153529303 0.330401472300 0.330736863508 0.331156270176 0.331657447914 0.332238690901 0.332898575291 0.333635837145 0.334449307252 0.335337873567 0.336300458421 0.337336004218 0.338443464321 0.339621797200 0.340869962758 0.342186920110 0.343571626366 0.345023036127 0.346540101461 0.348121772246 0.349766996746 0.351474722362 0.353243896486 0.355073467441 0.356962385442 0.358909603581 0.360914078806 0.362974772880 0.365090653311 0.367260694249 0.369483877331 0.371759192493 0.374085638722 0.376462224760 0.378887969757 0.381361903871 0.383883068818 0.386450518366 0.389063318789 0.391720549261 0.394125608416 0.391920146662 0.389694784805 0.387519526504 0.385395275107 0.383322939985 0.381303435839 0.379337681964 0.377426601495 0.375571120615 0.373772167749 0.372030672745 0.370347566057 0.368723777939 0.367160237670 0.365657872837 0.364217608698 0.362840367679 0.361527069041 0.360278628805 0.359095960028 0.357979973555 0.356931579474 0.355951689519 0.355041220885 0.354201102083 0.353432281926 0.352735743385 0.352112525488 0.351563759144 0.351090729022 0.350694989069 0.350378604868 0.350144766675 0.350000000000 0.350144766675 0.350378604868 
0.157297868255 0.153835214141 0.150450112109 0.147147561347 0.143932907631 0.140811863053 0.137790525496 0.134875397499 0.132073404143 0.129391909562 0.126838731799 0.124422155902 0.122150945683 0.120034355526 0.118082145632 0.116304608141 0.114712620096 0.113317758590 0.112132562327 0.111171167745 0.110451087074 0.110000000000 0.110451087074 0.111171167745 0.112132562327 0.113317758590 0.114712620096 0.116304608141 0.118082145632 0.120034355526 0.122150945683 0.124422155902 0.126838731799 0.129391909562 0.132073404143 0.134875397499 0.137790525496 0.140811863053 0.143932907631 0.147147561347 0.150450112109 0.153835214141 0.157297868255 0.160833402160 0.164437451066 0.168105938756 0.171835059305 0.175621259520 0.179461222197 0.183351850227 0.187290251580 0.191273725161 0.195299747542 0.199365960533 0.203470159577 0.207610282927 0.211222120564 0.210070132738 0.207973416092 0.205972698787 0.204071217106 0.202272264112 0.200579186566 0.198995383071 0.197524304590 0.196169459219 0.194934424446 0.193822872644 0.192838620664 0.191985725827 0.191268679164 0.190692830650 0.190265495453 0.190000000000 0.190265495453 0.190692830650 0.191268679164 0.191985725827 0.192838620664 0.193822872644 0.194934424446 0.196169459219 0.197524304590 0.198995383071 0.200579186566 0.202272264112 0.204071217106 0.205972698787 0.207973416092 0.210070132738 0.212259672819 0.214538924498 0.216904843495 0.219354456240 0.221884862584 0.224493238031 0.227176835484 0.229932986507 0.232759102133 0.235652673257 0.235652673257 0.354495885696 0.352871813869 0.351310691011 0.349813535262 0.348381362774 0.347015187204 0.345716019445 0.344484867715 0.343322738133 0.342230636003 0.341209568083 0.340260546312 0.339384593657 0.338582753212 0.337856102386 0.337205775471 0.336633000759 0.336139164869 0.335725933114 0.335395502392 0.335151241384 0.335000000000 0.335151241384 0.335395502392 0.335725933114 0.336139164869 0.336633000759 0.337205775471 0.337856102386 0.338582753212 0.339384593657 0.340260546312 0.341209568083 0.342230636003 0.343322738133 0.344484867715 0.345716019445 0.347015187204 0.348381362774 0.349813535262 0.351310691011 0.352871813869 0.354495885696 0.356181887053 0.357928797996 0.359735598958 0.361601271662 0.363524800057 0.365505171258 0.367541376469 0.369632411881 0.371777279542 0.373974988186 0.376224554020 0.378525001464 0.380875363852 0.383274684072 0.385722015167 0.388216420883 0.390756976171 0.393342767641 0.392089938729 0.389742037901 0.387442673646 0.385192757337 0.382993208354 0.380844953455 0.378748926103 0.376706065753 0.374717317104 0.372783629311 0.370905955175 0.369085250302 0.367322472252 0.365618579681 0.363974531490 0.362391286013 0.360869800238 0.359411029126 0.358015925049 0.356685437396 0.355420512446 0.354222093575 0.353091121967 0.352028538002 0.351035283630 0.350112306156 0.349260564100 0.348481036218 0.347774735478 0.347142731176 0.346586185187 0.346106414637 0.345705009005 0.345384075891 0.345146862854 0.345000000000 0.345146862854 0.345384075891 
0.160971786413 0.157580278582 0.154267501449 0.151038331489 0.147897964042 0.144851929299 0.141906107727 0.139066744613 0.136340463377 0.133734277373 0.131255599945 0.128912252813 0.126712473341 0.124664922261 0.122778695414 0.121063347013 0.119528940175 0.118186159143 0.117046564450 0.116123210164 0.115432358602 0.115000000000 0.115432358602 0.116123210164 0.117046564450 0.118186159143 0.119528940175 0.121063347013 0.122778695414 0.124664922261 0.126712473341 0.128912252813 0.131255599945 0.133734277373 0.136340463377 0.139066744613 0.141906107727 0.144851929299 0.147897964042 0.151038331489 0.154267501449 0.157580278582 0.160971786413 0.164437451066 0.167972984972 0.171574370749 0.175237845419 0.178959885089 0.182737190182 0.186566671288 0.190445435686 0.194370774542 0.198340150811 0.202351187831 0.206401658602 0.209547746064 0.207764573907 0.205530994129 0.203391153522 0.201348375332 0.199406051715 0.197567639959 0.195836659129 0.194216687841 0.192711364323 0.191324390683 0.190059544694 0.188920704957 0.187911900619 0.187037408529 0.186301950010 0.185711125658 0.185272549212 0.185000000000 0.185272549212 0.185711125658 0.186301950010 0.187037408529 0.187911900619 0.188920704957 0.190059544694 0.191324390683 0.192711364323 0.194216687841 0.195836659129 0.197567639959 0.199406051715 0.201348375332 0.203391153522 0.205530994129 0.207764573907 0.210088642284 0.212500024850 0.214995626420 0.217572433601 0.220227516811 0.222958031778 0.225761220509 0.228634411786 0.231575021219 0.231575021219 0.359231817736 0.357628400224 0.356087333631 0.354609603858 0.353196194495 0.351848086378 0.350566257384 0.349351682585 0.348205334895 0.347128186407 0.346121210718 0.345185386686 0.344321704284 0.343531173668 0.342814839253 0.342173802060 0.341609256393 0.341122553331 0.340715319442 0.340389706063 0.340149020189 0.340000000000 0.340149020189 0.340389706063 0.340715319442 0.341122553331 0.341609256393 0.342173802060 0.342814839253 0.343531173668 0.344321704284 0.345185386686 0.346121210718 0.347128186407 0.348205334895 0.349351682585 0.350566257384 0.351848086378 0.353196194495 0.354609603858 0.356087333631 0.357628400224 0.359231817736 0.360896598576 0.362621754211 0.364406295980 0.366249235969 0.368149587896 0.370106368013 0.372118595992 0.374185295794 0.376305496511 0.378478233172 0.380702547512 0.382977488700 0.385302114026 0.387675489533 0.390096690618 0.392564802577 0.392564802577 0.390096690618 0.387675489533 0.385302114026 0.382977488700 0.380702547512 0.378478233172 0.376305496511 0.374185295794 0.372118595992 0.370106368013 0.368149587896 0.366249235969 0.364406295980 0.362621754211 0.360896598576 0.359231817736 0.357628400224 0.356087333631 0.354609603858 0.353196194495 0.351848086378 0.350566257384 0.349351682585 0.348205334895 0.347128186407 0.346121210718 0.345185386686 0.344321704284 0.343531173668 0.342814839253 0.342173802060 0.341609256393 0.341122553331 0.340715319442 0.340389706063 0.340149020189 0.340000000000 0.340149020189 0.340389706063 
0.164708557696 0.161386428804 0.158144019132 0.154986075077 0.151917635643 0.148944045183 0.146070965374 0.143304386117 0.140650635097 0.138116385750 0.135708663553 0.133434850786 0.131302690479 0.129320291268 0.127496136834 0.125839107428 0.124358529006 0.123064283388 0.121967057868 0.121078944965 0.120415098162 0.120000000000 0.120415098162 0.121078944965 0.121967057868 0.123064283388 0.124358529006 0.125839107428 0.127496136834 0.129320291268 0.131302690479 0.133434850786 0.135708663553 0.138116385750 0.140650635097 0.143304386117 0.146070965374 0.148944045183 0.151917635643 0.154986075077 0.158144019132 0.161386428804 0.164708557696 0.168105938756 0.171574370749 0.175109904654 0.178708830169 0.182367662436 0.186083129116 0.189852157882 0.193671864391 0.197539540772 0.201452644660 0.205408788790 0.208026195780 0.205661599685 0.203291194718 0.201012024979 0.198827486436 0.196741057352 0.194756294494 0.192876829223 0.191106363893 0.189448669269 0.187907584132 0.186487019018 0.185190967484 0.184023530893 0.182988968202 0.182091794233 0.181336980062 0.180730397729 0.180279983045 0.180000000000 0.180279983045 0.180730397729 0.181336980062 0.182091794233 0.182988968202 0.184023530893 0.185190967484 0.186487019018 0.187907584132 0.189448669269 0.191106363893 0.192876829223 0.194756294494 0.196741057352 0.198827486436 0.201012024979 0.203291194718 0.205661599685 0.208119929631 0.210662962943 0.213287568987 0.215990709860 0.218769441560 0.221620914609 0.224542374166 0.227531159677 0.227531159677 0.363974531490 0.362391286013 0.360869800238 0.359411029126 0.358015925049 0.356685437396 0.355420512446 0.354222093575 0.353091121967 0.352028538002 0.351035283630 0.350112306156 0.349260564100 0.348481036218 0.347774735478 0.347142731176 0.346586185187 0.346106414637 0.345705009005 0.345384075891 0.345146862854 0.345000000000 0.345146862854 0.345384075891 0.345705009005 0.346106414637 0.346586185187 0.347142731176 0.347774735478 0.348481036218 0.349260564100 0.350112306156 0.351035283630 0.352028538002 0.353091121967 0.354222093575 0.355420512446 0.356685437396 0.358015925049 0.359411029126 0.360869800238 0.362391286013 0.363974531490 0.365618579681 0.367322472252 0.369085250302 0.370905955175 0.372783629311 0.374717317104 0.376706065753 0.378748926103 0.380844953455 0.382993208354 0.385192757337 0.387442673646 0.389742037901 0.392089938729 0.393342767641 0.390756976171 0.388216420883 0.385722015167 0.383274684072 0.380875363852 0.378525001464 0.376224554020 0.373974988186 0.371777279542 0.369632411881 0.367541376469 0.365505171258 0.363524800057 0.361601271662 0.359735598958 0.357928797996 0.356181887053 0.354495885696 0.352871813869 0.351310691011 0.349813535262 0.348381362774 0.347015187204 0.345716019445 0.344484867715 0.343322738133 0.342230636003 0.341209568083 0.340260546312 0.339384593657 0.338582753212 0.337856102386 0.337205775471 0.336633000759 0.336139164869 0.335725933114 0.335395502392 0.335151241384 0.335000000000 0.335151241384 0.335395502392 
0.168504344677 0.165249809196 0.162075806685 0.158986948216 0.155988112755 0.153084457115 0.150281425001 0.147584754883 0.145000486470 0.142534965627 0.140194847710 0.137987099601 0.135919001265 0.133998148661 0.132232461766 0.130630205190 0.129200036588 0.127951115320 0.126893347067 0.126037967197 0.125399141320 0.125000000000 0.125399141320 0.126037967197 0.126893347067 0.127951115320 0.129200036588 0.130630205190 0.132232461766 0.133998148661 0.135919001265 0.137987099601 0.140194847710 0.142534965627 0.145000486470 0.147584754883 0.150281425001 0.153084457115 0.155988112755 0.158986948216 0.162075806685 0.165249809196 0.168504344677 0.171835059305 0.175237845419 0.178708830169 0.182244364075 0.185841009632 0.189495530077 0.193204878410 0.196966186734 0.200776755960 0.204634045933 0.206357967987 0.203766010262 0.201259193491 0.198840870538 0.196514493283 0.194283609933 0.192151861737 0.190122979235 0.188200778270 0.186389156187 0.184692088922 0.183113630152 0.181657914503 0.180329168249 0.179131733673 0.178070118858 0.177149097037 0.176373910661 0.175750726393 0.175287828251 0.175000000000 0.175287828251 0.175750726393 0.176373910661 0.177149097037 0.178070118858 0.179131733673 0.180329168249 0.181657914503 0.183113630152 0.184692088922 0.186389156187 0.188200778270 0.190122979235 0.192151861737 0.194283609933 0.196514493283 0.198840870538 0.201259193491 0.203766010262 0.206357967987 0.209031814869 0.211784401571 0.214612681988 0.217513713439 0.220484656327 0.223522773323 0.223522773323 0.368723777939 0.367160237670 0.365657872837 0.364217608698 0.362840367679 0.361527069041 0.360278628805 0.359095960028 0.357979973555 0.356931579474 0.355951689519 0.355041220885 0.354201102083 0.353432281926 0.352735743385 0.352112525488 0.351563759144 0.351090729022 0.350694989069 0.350378604868 0.350144766675 0.350000000000 0.350144766675 0.350378604868 0.350694989069 0.351090729022 0.351563759144 0.352112525488 0.352735743385 0.353432281926 0.354201102083 0.355041220885 0.355951689519 0.356931579474 0.357979973555 0.359095960028 0.360278628805 0.361527069041 0.362840367679 0.364217608698 0.365657872837 0.367160237670 0.368723777939 0.370347566057 0.372030672745 0.373772167749 0.375571120615 0.377426601495 0.379337681964 0.381303435839 0.383322939985 0.385395275107 0.387519526504 0.389694784805 0.391920146662 0.394125608416 0.391720549261 0.389063318789 0.386450518366 0.383883068818 0.381361903871 0.378887969757 0.376462224760 0.374085638722 0.371759192493 0.369483877331 0.367260694249 0.365090653311 0.362974772880 0.360914078806 0.358909603581 0.356962385442 0.355073467441 0.353243896486 0.351474722362 0.349766996746 0.348121772246 0.346540101461 0.345023036127 0.343571626366 0.342186920110 0.340869962758 0.339621797200 0.338443464321 0.337336004218 0.336300458421 0.335337873567 0.334449307252 0.333635837145 0.332898575291 0.332238690901 0.331657447914 0.331156270176 0.330736863508 0.330401472300 0.330153529303 0.330000000000 0.330153529303 0.330401472300 
0.172355576141 0.169166843444 0.166059297354 0.163037410181 0.160105898989 0.157269733173 0.154534141041 0.151904615173 0.149386916408 0.146987076329 0.144711398342 0.142566457692 0.140559101353 0.138696449704 0.136985903792 0.135435165610 0.134052286234 0.132845773337 0.131824831177 0.130999928468 0.130384347160 0.130000000000 0.130384347160 0.130999928468 0.131824831177 0.132845773337 0.134052286234 0.135435165610 0.136985903792 0.138696449704 0.140559101353 0.142566457692 0.144711398342 0.146987076329 0.149386916408 0.151904615173 0.154534141041 0.157269733173 0.160105898989 0.163037410181 0.166059297354 0.169166843444 0.172355576141 0.175621259520 0.178959885089 0.182367662436 0.185841009632 0.189376543538 0.192971070124 0.196621574898 0.200325213521 0.204079302662 0.204806824591 0.202082251071 0.199439826068 0.196882926349 0.194415040801 0.192039768769 0.189760817695 0.187582000055 0.185507229734 0.183540518038 0.181685969746 0.179947779920 0.178330232620 0.176837703575 0.175474670289 0.174245735926 0.173155679032 0.172209553932 0.171412898530 0.170772199974 0.170296119635 0.170000000000 0.170296119635 0.170772199974 0.171412898530 0.172209553932 0.173155679032 0.174245735926 0.175474670289 0.176837703575 0.178330232620 0.179947779920 0.181685969746 0.183540518038 0.185507229734 0.187582000055 0.189760817695 0.192039768769 0.194415040801 0.196882926349 0.199439826068 0.202082251071 0.204806824591 0.207610282927 0.210489475725 0.213441365650 0.216463027508 0.219551646894 0.219551646894 0.373479319715 0.371935032691 0.370451343875 0.369029150004 0.367669344775 0.366372818568 0.365140458427 0.363973148384 0.362871770278 0.361837205239 0.360870336139 0.359972051423 0.359143250963 0.358384854992 0.357697817854 0.357083149679 0.356541951790 0.356075477801 0.355685247599 0.355373286373 0.355142729100 0.355000000000 0.355142729100 0.355373286373 0.355685247599 0.356075477801 0.356541951790 0.357083149679 0.357697817854 0.358384854992 0.359143250963 0.359972051423 0.360870336139 0.361837205239 0.362871770278 0.363973148384 0.365140458427 0.366372818568 0.367669344775 0.369029150004 0.370451343875 0.371935032691 0.373479319715 0.375083305621 0.376746089076 0.378466767417 0.380244437374 0.382078195835 0.383967140632 0.385910371317 0.387906989947 0.389956101837 0.392056816304 0.394208247373 0.392984509206 0.390213460309 0.387485088693 0.384800306479 0.382160040209 0.379565230549 0.377016831950 0.374515812257 0.372063152267 0.369659845241 0.367306896354 0.365005322097 0.362756149618 0.360560416011 0.358419167549 0.356333458862 0.354304352065 0.352332915841 0.350420224473 0.348567356856 0.346775395471 0.345045425362 0.343378533107 0.341775805839 0.340238330314 0.338767192104 0.337363474937 0.336028260295 0.334762627350 0.333567653402 0.332444415018 0.331393990200 0.330417462009 0.329515924398 0.328690491357 0.327942311316 0.327272590158 0.326682629237 0.326173891423 0.325748124916 0.325407623657 0.325155886983 0.325000000000 0.325155886983 0.325407623657 
0.176258928232 0.173134213452 0.170091192713 0.167134197647 0.164267783082 0.161496732597 0.158826063041 0.156261027848 0.153807119006 0.151470067662 0.149255843483 0.147170653238 0.145220939573 0.143413381991 0.141754903835 0.140252692603 0.138914248109 0.137747489038 0.136760988562 0.135964527476 0.135370594236 0.135000000000 0.135370594236 0.135964527476 0.136760988562 0.137747489038 0.138914248109 0.140252692603 0.141754903835 0.143413381991 0.145220939573 0.147170653238 0.149255843483 0.151470067662 0.153807119006 0.156261027848 0.158826063041 0.161496732597 0.164267783082 0.167134197647 0.170091192713 0.173134213452 0.176258928232 0.179461222197 0.182737190182 0.186083129116 0.189495530077 0.192971070124 0.196506604030 0.200099156002 0.203745911477 0.203470159577 0.200614367182 0.197837537876 0.195143052414 0.192534416154 0.190015258673 0.187589332611 0.185260511739 0.183032788242 0.180910269314 0.178897173270 0.176997825537 0.175216655240 0.173558193533 0.172027075730 0.170628050815 0.169366004790 0.168246010276 0.167273427904 0.166454117897 0.165794916828 0.165304896022 0.165000000000 0.165304896022 0.165794916828 0.166454117897 0.167273427904 0.168246010276 0.169366004790 0.170628050815 0.172027075730 0.173558193533 0.175216655240 0.176997825537 0.178897173270 0.180910269314 0.183032788242 0.185260511739 0.187589332611 0.190015258673 0.192534416154 0.195143052414 0.197837537876 0.200614367182 0.203470159577 0.206401658602 0.209405731142 0.212479365925 0.215619671526 0.215619671526 0.378240930457 0.376715459006 0.375250015641 0.373845469708 0.372502687333 0.371222531202 0.370005860594 0.368853531758 0.367766398772 0.366745315082 0.365791135976 0.364904722434 0.364086946977 0.363338702547 0.362660916153 0.362054570314 0.361520738068 0.361060643296 0.360675773213 0.360368114149 0.360140747716 0.360000000000 0.360140747716 0.360368114149 0.360675773213 0.361060643296 0.361520738068 0.362054570314 0.362660916153 0.363338702547 0.364086946977 0.364904722434 0.365791135976 0.366745315082 0.367766398772 0.368853531758 0.370005860594 0.371222531202 0.372502687333 0.373845469708 0.375250015641 0.376715459006 0.378240930457 0.379825557836 0.381468466703 0.383168780966 0.384925623559 0.386738117175 0.388605385004 0.390526551486 0.392500743057 0.394527088885 0.394545427776 0.391663575168 0.388822624054 0.386023473636 0.383267038852 0.380554250189 0.377886053448 0.375263409472 0.372687293812 0.370158696356 0.367678620896 0.365248084647 0.362868117700 0.360539762428 0.358264072823 0.356042113783 0.353874960327 0.351763696766 0.349709415808 0.347713217611 0.345776208798 0.343899501417 0.342084211887 0.340331459917 0.338642367432 0.337018057525 0.335459653472 0.333968277840 0.332545051766 0.331191094467 0.329907523102 0.328695453125 0.327555999355 0.326490278066 0.325499410572 0.324584529028 0.323746785599 0.322987366960 0.322307517539 0.321708577987 0.321192052115 0.320759732501 0.320413964813 0.320158317649 0.320000000000 0.320158317649 0.320413964813 
0.180211306719 0.177148839691 0.174168441033 0.171274301069 0.168470813303 0.165762578276 0.163154406380 0.160651319498 0.158258551388 0.155981546831 0.153825959742 0.151797650747 0.149902685297 0.148147334342 0.146538081368 0.145081643009 0.143785017394 0.142655589854 0.141701364316 0.140931502370 0.140357777346 0.140000000000 0.140357777346 0.140931502370 0.141701364316 0.142655589854 0.143785017394 0.145081643009 0.146538081368 0.148147334342 0.149902685297 0.151797650747 0.153825959742 0.155981546831 0.158258551388 0.160651319498 0.163154406380 0.165762578276 0.168470813303 0.171274301069 0.174168441033 0.177148839691 0.180211306719 0.183351850227 0.186566671288 0.189852157882 0.193204878410 0.196621574898 0.200099156002 0.203634689908 0.202351187831 0.199365960533 0.196456336517 0.193625679843 0.190877490685 0.188215406362 0.185643201635 0.183164788188 0.180784213266 0.178505657428 0.176333431507 0.174271972929 0.172325841764 0.170499717170 0.168798395399 0.167226791438 0.165789947898 0.164493057808 0.163341514020 0.162341011548 0.161497762992 0.160818986804 0.160314200838 0.160000000000 0.160314200838 0.160818986804 0.161497762992 0.162341011548 0.163341514020 0.164493057808 0.165789947898 0.167226791438 0.168798395399 0.170499717170 0.172325841764 0.174271972929 0.176333431507 0.178505657428 0.180784213266 0.183164788188 0.185643201635 0.188215406362 0.190877490685 0.193625679843 0.196456336517 0.199365960533 0.202351187831 0.205408788790 0.208535665983 0.211728851468 0.211728851468 0.383008394191 0.381501314387 0.380053699705 0.378666393172 0.377340234449 0.376076059661 0.374874701475 0.373736989525 0.372663751323 0.371655813827 0.370714005953 0.369839162431 0.369032129646 0.368293774468 0.367624997783 0.367026755718 0.366500094249 0.366046208773 0.365666555137 0.365363082271 0.365138820238 0.365000000000 0.365138820238 0.365363082271 0.365666555137 0.366046208773 0.366500094249 0.367026755718 0.367624997783 0.368293774468 0.369032129646 0.369839162431 0.370714005953 0.371655813827 0.372663751323 0.373736989525 0.374874701475 0.376076059661 0.377340234449 0.378666393172 0.380053699705 0.381501314387 0.383008394191 0.384574093082 0.386197562500 0.387877951945 0.389614409621 0.391406083121 0.393252120132 0.395151669159 0.396399381022 0.393409876826 0.390459485345 0.387549088959 0.384679586891 0.381851895124 0.379066946274 0.376325689422 0.373629089909 0.370978129072 0.368373803936 0.365817126857 0.363309125097 0.360850840358 0.358443328244 0.356087657664 0.353784910176 0.351536179263 0.349342569548 0.347205195944 0.345125182746 0.343103662659 0.341141775779 0.339240668524 0.337401492535 0.335625403545 0.333913560254 0.332267123217 0.330687253790 0.329175113171 0.327731861593 0.326358657757 0.325056658605 0.323827019588 0.322670895657 0.321589443279 0.320583823958 0.319655210013 0.318804793760 0.318033802105 0.317343520015 0.316735329448 0.316210777203 0.315771702358 0.315420504637 0.315160824726 0.315000000000 0.315160824726 0.315420504637 
0.184209830378 0.181207862931 0.178288217346 0.175454943067 0.172712274205 0.170064631968 0.167516626074 0.165073055050 0.162738905375 0.160519349529 0.158419743214 0.156445622294 0.154602700565 0.152896870419 0.151334210171 0.149921005124 0.148663796185 0.147569484753 0.146645560018 0.145900624543 0.145345804909 0.145000000000 0.145345804909 0.145900624543 0.146645560018 0.147569484753 0.148663796185 0.149921005124 0.151334210171 0.152896870419 0.154602700565 0.156445622294 0.158419743214 0.160519349529 0.162738905375 0.165073055050 0.167516626074 0.170064631968 0.172712274205 0.175454943067 0.178288217346 0.181207862931 0.184209830378 0.187290251580 0.190445435686 0.193671864391 0.196966186734 0.200325213521 0.203745911477 0.201452644660 0.198340150811 0.195299747542 0.192334761237 0.189448664599 0.186645079190 0.183927777316 0.181300683150 0.178767873015 0.176333574740 0.174002166055 0.171778172071 0.169666261964 0.167671245223 0.165798068073 0.164051811260 0.162437691246 0.160961068516 0.159627469775 0.158442637127 0.157412631299 0.156544050961 0.155844532951 0.155324082820 0.155000000000 0.155324082820 0.155844532951 0.156544050961 0.157412631299 0.158442637127 0.159627469775 0.160961068516 0.162437691246 0.164051811260 0.165798068073 0.167671245223 0.169666261964 0.171778172071 0.174002166055 0.176333574740 0.178767873015 0.181300683150 0.183927777316 0.186645079190 0.189448664599 0.192334761237 0.195299747542 0.198340150811 0.201452644660 0.204634045933 0.207881311155 0.207881311155 0.387781504768 0.386292405906 0.384862216390 0.383491753957 0.382181832855 0.380933263721 0.379746853708 0.378623406951 0.377563725521 0.376568611028 0.375638867157 0.374775303538 0.373978741571 0.373250023201 0.372590024337 0.371999675862 0.371479997843 0.371032158373 0.370657583169 0.370358185131 0.370136944507 0.370000000000 0.370136944507 0.370358185131 0.370657583169 0.371032158373 0.371479997843 0.371999675862 0.372590024337 0.373250023201 0.373978741571 0.374775303538 0.375638867157 0.376568611028 0.377563725521 0.378623406951 0.379746853708 0.380933263721 0.382181832855 0.383491753957 0.384862216390 0.386292405906 0.387781504768 0.389328692063 0.390933144145 0.392594035171 0.394310537711 0.396081823388 0.397710826032 0.395448097214 0.392391530642 0.389373146701 0.386393825144 0.383454463471 0.380555976910 0.377699298358 0.374885378281 0.372115184575 0.369389702378 0.366709933834 0.364076897804 0.361491629524 0.358955180202 0.356468616560 0.354033020305 0.351649487545 0.349319128130 0.347043064929 0.344822433037 0.342658378915 0.340552059466 0.338504641038 0.336517298380 0.334591213537 0.332727574703 0.330927575053 0.329192411550 0.327523283781 0.325921392824 0.324387940218 0.322924127072 0.321531153412 0.320210217860 0.318962517819 0.317789250366 0.316691614190 0.315670813055 0.314728061528 0.313864594182 0.313081680274 0.312380647436 0.311762921084 0.311230093186 0.310784051592 0.310427252556 0.310163411854 0.310000000000 0.310163411854 0.310427252556 
0.188251815462 0.185308627297 0.182447905078 0.179673558675 0.176989665541 0.174400471968 0.171910393357 0.169524013450 0.167246082520 0.165081514621 0.163035384206 0.161112922702 0.159319516195 0.157660706286 0.156142197860 0.154769880702 0.153549878397 0.152488652400 0.151593225317 0.150871693555 0.150334596842 0.150000000000 0.150334596842 0.150871693555 0.151593225317 0.152488652400 0.153549878397 0.154769880702 0.156142197860 0.157660706286 0.159319516195 0.161112922702 0.163035384206 0.165081514621 0.167246082520 0.169524013450 0.171910393357 0.174400471968 0.176989665541 0.179673558675 0.182447905078 0.185308627297 0.188251815462 0.191273725161 0.194370774542 0.197539540772 0.200776755960 0.204079302662 0.200776755960 0.197539540772 0.194370774542 0.191273725161 0.188251815462 0.185308627297 0.182447905078 0.179673558675 0.176989665541 0.174400471968 0.171910393357 0.169524013450 0.167246082520 0.165081514621 0.163035384206 0.161112922702 0.159319516195 0.157660706286 0.156142197860 0.154769880702 0.153549878397 0.152488652400 0.151593225317 0.150871693555 0.150334596842 0.150000000000 0.150334596842 0.150871693555 0.151593225317 0.152488652400 0.153549878397 0.154769880702 0.156142197860 0.157660706286 0.159319516195 0.161112922702 0.163035384206 0.165081514621 0.167246082520 0.169524013450 0.171910393357 0.174400471968 0.176989665541 0.179673558675 0.182447905078 0.185308627297 0.188251815462 0.191273725161 0.194370774542 0.197539540772 0.200776755960 0.204079302662 0.204079302662 0.392560065320 0.391088549418 0.389675394289 0.388321393361 0.387027336474 0.385794009804 0.384622196028 0.383512674844 0.382466223948 0.381483620680 0.380565644582 0.379713081268 0.378926728239 0.378207403599 0.377555959364 0.376973302256 0.376460427522 0.376018477064 0.375648847637 0.375353417415 0.375135118473 0.375000000000 0.375135118473 0.375353417415 0.375648847637 0.376018477064 0.376460427522 0.376973302256 0.377555959364 0.378207403599 0.378926728239 0.379713081268 0.380565644582 0.381483620680 0.382466223948 0.383512674844 0.384622196028 0.385794009804 0.387027336474 0.388321393361 0.389675394289 0.391088549418 0.392560065320 0.394089145252 0.395674989551 0.397316796137 0.399013761074 0.397773524371 0.394614152666 0.391491153849 0.388405384836 0.385357721062 0.382349056552 0.379380303968 0.376452394616 0.373566278421 0.370722923857 0.367923317832 0.365168465527 0.362459390191 0.359797132867 0.357182752079 0.354617323444 0.352101939232 0.349637707849 0.347225753263 0.344867214350 0.342563244174 0.340315009187 0.338123688366 0.335990472266 0.333916562011 0.331903168216 0.329951509850 0.328062813052 0.326238309905 0.324479237196 0.322786835178 0.321162346375 0.319607014463 0.318122083301 0.316708796180 0.315368395413 0.314102122415 0.312911218506 0.311796926760 0.310760495391 0.309803183444 0.308926269992 0.308131068901 0.307418952750 0.306791392704 0.306250028237 0.305796798395 0.305434218601 0.305166082911 0.305000000000 0.305166082911 0.305434218601 
0.192334761237 0.189448664599 0.186645079190 0.183927777316 0.181300683150 0.178767873015 0.176333574740 0.174002166055 0.171778172071 0.169666261964 0.167671245223 0.165798068073 0.164051811260 0.162437691246 0.160961068516 0.159627469775 0.158442637127 0.157412631299 0.156544050961 0.155844532951 0.155324082820 0.155000000000 0.155324082820 0.155844532951 0.156544050961 0.157412631299 0.158442637127 0.159627469775 0.160961068516 0.162437691246 0.164051811260 0.165798068073 0.167671245223 0.169666261964 0.171778172071 0.174002166055 0.176333574740 0.178767873015 0.181300683150 0.183927777316 0.186645079190 0.189448664599 0.192334761237 0.195299747542 0.198340150811 0.201452644660 0.203745911477 0.200325213521 0.196966186734 0.193671864391 0.190445435686 0.187290251580 0.184209830378 0.181207862931 0.178288217346 0.175454943067 0.172712274205 0.170064631968 0.167516626074 0.165073055050 0.162738905375 0.160519349529 0.158419743214 0.156445622294 0.154602700565 0.152896870419 0.151334210171 0.149921005124 0.148663796185 0.147569484753 0.146645560018 0.145900624543 0.145345804909 0.145000000000 0.145345804909 0.145900624543 0.146645560018 0.147569484753 0.148663796185 0.149921005124 0.151334210171 0.152896870419 0.154602700565 0.156445622294 0.158419743214 0.160519349529 0.162738905375 0.165073055050 0.167516626074 0.170064631968 0.172712274205 0.175454943067 0.178288217346 0.181207862931 0.184209830378 0.187290251580 0.190445435686 0.193671864391 0.196966186734 0.200325213521 0.200325213521 0.397343887763 0.395889569077 0.394493069800 0.393155159983 0.391876606019 0.390658170595 0.389500612910 0.388404689223 0.387371153874 0.386400760958 0.385494266895 0.384652434315 0.383876037844 0.383165872775 0.382522768251 0.381947607855 0.381441363046 0.381005150582 0.380640339366 0.380348774083 0.380133340196 0.380000000000 0.380133340196 0.380348774083 0.380640339366 0.381005150582 0.381441363046 0.381947607855 0.382522768251 0.383165872775 0.383876037844 0.384652434315 0.385494266895 0.386400760958 0.387371153874 0.388404689223 0.389500612910 0.390658170595 0.391876606019 0.393155159983 0.394493069800 0.395889569077 0.397343887763 0.398855252367 0.400422886325 0.400381042280 0.397122318766 0.393898170138 0.390709427531 0.387556941145 0.384441580411 0.381364234131 0.378325810588 0.375327237619 0.372369462665 0.369453452772 0.366580194551 0.363750694103 0.360965976881 0.358227087514 0.355535089566 0.352891065240 0.350296115018 0.347751357237 0.345257927595 0.342816978581 0.340429678838 0.338097212440 0.335820778101 0.333601588293 0.331440868299 0.329339855179 0.327299796666 0.325321950000 0.323407580699 0.321557961286 0.319774369992 0.318058089454 0.316410405440 0.314832605657 0.313325978682 0.311891813122 0.310531397099 0.309246018228 0.308036964317 0.306905525118 0.305852995637 0.304880681763 0.303989909468 0.303182039644 0.302458492249 0.301820786653 0.301270612336 0.300809962134 0.300441413452 0.300168842026 0.300000000000 0.300168842026 0.300441413452 
0.196456336517 0.193625679843 0.190877490685 0.188215406362 0.185643201635 0.183164788188 0.180784213266 0.178505657428 0.176333431507 0.174271972929 0.172325841764 0.170499717170 0.168798395399 0.167226791438 0.165789947898 0.164493057808 0.163341514020 0.162341011548 0.161497762992 0.160818986804 0.160314200838 0.160000000000 0.160314200838 0.160818986804 0.161497762992 0.162341011548 0.163341514020 0.164493057808 0.165789947898 0.167226791438 0.168798395399 0.170499717170 0.172325841764 0.174271972929 0.176333431507 0.178505657428 0.180784213266 0.183164788188 0.185643201635 0.188215406362 0.190877490685 0.193625679843 0.196456336517 0.199365960533 0.202351187831 0.203634689908 0.200099156002 0.196621574898 0.193204878410 0.189852157882 0.186566671288 0.183351850227 0.180211306719 0.177148839691 0.174168441033 0.171274301069 0.168470813303 0.165762578276 0.163154406380 0.160651319498 0.158258551388 0.155981546831 0.153825959742 0.151797650747 0.149902685297 0.148147334342 0.146538081368 0.145081643009 0.143785017394 0.142655589854 0.141701364316 0.140931502370 0.140357777346 0.140000000000 0.140357777346 0.140931502370 0.141701364316 0.142655589854 0.143785017394 0.145081643009 0.146538081368 0.148147334342 0.149902685297 0.151797650747 0.153825959742 0.155981546831 0.158258551388 0.160651319498 0.163154406380 0.165762578276 0.168470813303 0.171274301069 0.174168441033 0.177148839691 0.180211306719 0.183351850227 0.186566671288 0.189852157882 0.193204878410 0.196621574898 0.196621574898 0.402132792323 0.400695296891 0.399315086699 0.397992909319 0.396729508606 0.395525624692 0.394381994238 0.393299351022 0.392278426993 0.391319953966 0.390424666216 0.389593304362 0.388826621128 0.388125389963 0.387490418106 0.386922566968 0.386422785190 0.385992165386 0.385632049651 0.385344250353 0.385131607834 0.385000000000 0.385131607834 0.385344250353 0.385632049651 0.385992165386 0.386422785190 0.386922566968 0.387490418106 0.388125389963 0.388826621128 0.389593304362 0.390424666216 0.391319953966 0.392278426993 0.393299351022 0.394381994238 0.395525624692 0.396729508606 0.397992909319 0.399315086699 0.400695296891 0.402132792323 0.402878866392 0.399910612667 0.396588850162 0.393300687487 0.390046946879 0.386828470228 0.383646119300 0.380500775940 0.377393342246 0.374324740712 0.371295914347 0.368307826751 0.365361462156 0.362457825425 0.359597942004 0.356782857825 0.354013639159 0.351291372403 0.348617163820 0.345992139200 0.343417443461 0.340894240174 0.338423711012 0.336007055125 0.333645488426 0.331340242798 0.329092565216 0.326903716785 0.324774971691 0.322707616077 0.320702946842 0.318762270372 0.316886901224 0.315078160764 0.313337375801 0.311665877240 0.310064998798 0.308536075849 0.307080444477 0.305699440854 0.304394401112 0.303166661930 0.302017562179 0.300948446144 0.299960669088 0.299055606442 0.298234668709 0.297499325830 0.296851148012 0.296291877418 0.295823563447 0.295448848498 0.295171693602 0.295000000000 0.295171693602 0.295448848498 
0.200614367182 0.197837537876 0.195143052414 0.192534416154 0.190015258673 0.187589332611 0.185260511739 0.183032788242 0.180910269314 0.178897173270 0.176997825537 0.175216655240 0.173558193533 0.172027075730 0.170628050815 0.169366004790 0.168246010276 0.167273427904 0.166454117897 0.165794916828 0.165304896022 0.165000000000 0.165304896022 0.165794916828 0.166454117897 0.167273427904 0.168246010276 0.169366004790 0.170628050815 0.172027075730 0.173558193533 0.175216655240 0.176997825537 0.178897173270 0.180910269314 0.183032788242 0.185260511739 0.187589332611 0.190015258673 0.192534416154 0.195143052414 0.197837537876 0.200614367182 0.203470159577 0.203745911477 0.200099156002 0.196506604030 0.192971070124 0.189495530077 0.186083129116 0.182737190182 0.179461222197 0.176258928232 0.173134213452 0.170091192713 0.167134197647 0.164267783082 0.161496732597 0.158826063041 0.156261027848 0.153807119006 0.151470067662 0.149255843483 0.147170653238 0.145220939573 0.143413381991 0.141754903835 0.140252692603 0.138914248109 0.137747489038 0.136760988562 0.135964527476 0.135370594236 0.135000000000 0.135370594236 0.135964527476 0.136760988562 0.137747489038 0.138914248109 0.140252692603 0.141754903835 0.143413381991 0.145220939573 0.147170653238 0.149255843483 0.151470067662 0.153807119006 0.156261027848 0.158826063041 0.161496732597 0.164267783082 0.167134197647 0.170091192713 0.173134213452 0.176258928232 0.179461222197 0.182737190182 0.186083129116 0.189495530077 0.192971070124 0.192971070124 0.406926607098 0.405505572297 0.404141295742 0.402834503380 0.401585917401 0.400396256267 0.399266234999 0.398196565804 0.397187959154 0.396241125507 0.395356777914 0.394535635904 0.393778431222 0.393085916390 0.392458877656 0.391898155174 0.391404675690 0.390979508612 0.390623970220 0.390339841683 0.390129919638 0.390000000000 0.390129919638 0.390339841683 0.390623970220 0.390979508612 0.391404675690 0.391898155174 0.392458877656 0.393085916390 0.393778431222 0.394535635904 0.395356777914 0.396241125507 0.397187959154 0.398196565804 0.399266234999 0.400396256267 0.401585917401 0.402834503380 0.404141295742 0.405181330763 0.402973277300 0.399557486837 0.396173515683 0.392822155826 0.389504219121 0.386220537591 0.382971963704 0.379759370640 0.376583652527 0.373445724657 0.370346523668 0.367287007698 0.364268156508 0.361290971555 0.358356476035 0.355465714873 0.352619754659 0.349819683542 0.347066611054 0.344361667874 0.341706005529 0.339100796016 0.336547231356 0.334046523065 0.331599901540 0.329208615361 0.326873930506 0.324597129470 0.322379510299 0.320222385528 0.318127081036 0.316094934815 0.314127295663 0.312225521820 0.310390979552 0.308625041712 0.306929086321 0.305304495189 0.303752652671 0.302274944607 0.300872757596 0.299547478738 0.298300496112 0.297133200307 0.296046987536 0.295043265138 0.294123460739 0.293289037218 0.292541517290 0.291882524823 0.291313857528 0.290837624347 0.290456535892 0.290174642341 0.290000000000 0.290174642341 0.290456535892 
0.204806824591 0.202082251071 0.199439826068 0.196882926349 0.194415040801 0.192039768769 0.189760817695 0.187582000055 0.185507229734 0.183540518038 0.181685969746 0.179947779920 0.178330232620 0.176837703575 0.175474670289 0.174245735926 0.173155679032 0.172209553932 0.171412898530 0.170772199974 0.170296119635 0.170000000000 0.170296119635 0.170772199974 0.171412898530 0.172209553932 0.173155679032 0.174245735926 0.175474670289 0.176837703575 0.178330232620 0.179947779920 0.181685969746 0.183540518038 0.185507229734 0.187582000055 0.189760817695 0.192039768769 0.194415040801 0.196882926349 0.199439826068 0.202082251071 0.204806824591 0.204079302662 0.200325213521 0.196621574898 0.192971070124 0.189376543538 0.185841009632 0.182367662436 0.178959885089 0.175621259520 0.172355576141 0.169166843444 0.166059297354 0.163037410181 0.160105898989 0.157269733173 0.154534141041 0.151904615173 0.149386916408 0.146987076329 0.144711398342 0.142566457692 0.140559101353 0.138696449704 0.136985903792 0.135435165610 0.134052286234 0.132845773337 0.131824831177 0.130999928468 0.130384347160 0.130000000000 0.130384347160 0.130999928468 0.131824831177 0.132845773337 0.134052286234 0.135435165610 0.136985903792 0.138696449704 0.140559101353 0.142566457692 0.144711398342 0.146987076329 0.149386916408 0.151904615173 0.154534141041 0.157269733173 0.160105898989 0.163037410181 0.166059297354 0.169166843444 0.172355576141 0.175621259520 0.178959885089 0.182367662436 0.185841009632 0.189376543538 0.189376543538 0.411725167640 0.410320241764 0.408971554284 0.407679810339 0.406445711284 0.405269954757 0.404153234997 0.403096243500 0.402099670133 0.401164204870 0.400290540416 0.399479376082 0.398731423507 0.398047415153 0.397428117147 0.396874349248 0.396387017178 0.395967168030 0.395616093216 0.395335543758 0.395128273946 0.395000000000 0.395128273946 0.395335543758 0.395616093216 0.395967168030 0.396387017178 0.396874349248 0.397428117147 0.398047415153 0.398731423507 0.399479376082 0.400290540416 0.401164204870 0.402099670133 0.403096243500 0.404153234997 0.405269954757 0.406445711284 0.407649997633 0.406304258022 0.402798055502 0.399321924740 0.395876625630 0.392462937951 0.389081661738 0.385733617630 0.382419647208 0.379140613314 0.375897400356 0.372690914586 0.369522084354 0.366391860340 0.363301215745 0.360251146456 0.357242671165 0.354276831455 0.351354691829 0.348477339694 0.345645885287 0.342861461545 0.340125223905 0.337438350038 0.334802039506 0.332217513346 0.329686013564 0.327208802542 0.324787162362 0.322422394025 0.320115816581 0.317868766156 0.315682594885 0.313558669744 0.311498371297 0.309503092353 0.307574236550 0.305713216887 0.303921454219 0.302200375751 0.300551413578 0.298976003335 0.297475583026 0.296051592182 0.294705471475 0.293438663073 0.292252612041 0.291148769355 0.290128597310 0.289193578652 0.288345231603 0.287585134644 0.286914968330 0.286336589004 0.285852168341 0.285464488614 0.285177693266 0.285000000000 0.285177693266 0.285464488614 
0.209031814869 0.206357967987 0.203766010262 0.201259193491 0.198840870538 0.196514493283 0.194283609933 0.192151861737 0.190122979235 0.188200778270 0.186389156187 0.184692088922 0.183113630152 0.181657914503 0.180329168249 0.179131733673 0.178070118858 0.177149097037 0.176373910661 0.175750726393 0.175287828251 0.175000000000 0.175287828251 0.175750726393 0.176373910661 0.177149097037 0.178070118858 0.179131733673 0.180329168249 0.181657914503 0.183113630152 0.184692088922 0.186389156187 0.188200778270 0.190122979235 0.192151861737 0.194283609933 0.196514493283 0.198840870538 0.201259193491 0.203766010262 0.206357967987 0.204634045933 0.200776755960 0.196966186734 0.193204878410 0.189495530077 0.185841009632 0.182244364075 0.178708830169 0.175237845419 0.171835059305 0.168504344677 0.165249809196 0.162075806685 0.158986948216 0.155988112755 0.153084457115 0.150281425001 0.147584754883 0.145000486470 0.142534965627 0.140194847710 0.137987099601 0.135919001265 0.133998148661 0.132232461766 0.130630205190 0.129200036588 0.127951115320 0.126893347067 0.126037967197 0.125399141320 0.125000000000 0.125399141320 0.126037967197 0.126893347067 0.127951115320 0.129200036588 0.130630205190 0.132232461766 0.133998148661 0.135919001265 0.137987099601 0.140194847710 0.142534965627 0.145000486470 0.147584754883 0.150281425001 0.153084457115 0.155988112755 0.158986948216 0.162075806685 0.165249809196 0.168504344677 0.171835059305 0.175237845419 0.178708830169 0.182244364075 0.185841009632 0.185841009632 0.416528316571 0.415139158425 0.413805725929 0.412528704196 0.411308774539 0.410146614577 0.409042898580 0.407998298161 0.407013483404 0.406089124632 0.405225895031 0.404424474528 0.403685555480 0.403009851115 0.402398108253 0.401851127083 0.401369793127 0.400955132009 0.400608411163 0.400331352476 0.400126669181 0.400000000000 0.400126669181 0.400331352476 0.400608411163 0.400955132009 0.401369793127 0.401851127083 0.402398108253 0.403009851115 0.403685555480 0.404424474528 0.405225895031 0.406089124632 0.407013483404 0.407998298161 0.409042898580 0.410146614577 0.409897245637 0.406304258022 0.402739634075 0.399204100169 0.395698402416 0.392223307079 0.388779600989 0.385368091939 0.381989609078 0.378645003288 0.375335147546 0.372060937271 0.368823290643 0.365623148907 0.362461476646 0.359339262019 0.356257516975 0.353217277418 0.350219603337 0.347265578883 0.344356312402 0.341492936404 0.338676607476 0.335908506127 0.333189836559 0.330521826365 0.327905726147 0.325342809038 0.322834370140 0.320381725866 0.317986213179 0.315649188727 0.313372027875 0.311156123633 0.309002885475 0.306913738059 0.304890119852 0.302933481675 0.301045285167 0.299227001226 0.297480108411 0.295806091401 0.294206439529 0.292682645506 0.291236204446 0.289868613355 0.288581371343 0.287375980896 0.286253950768 0.285216801293 0.284266073473 0.283403344047 0.282630250477 0.281948533255 0.281360110669 0.280867220555 0.280472720547 0.280180851754 0.280000000000 0.280180851754 0.280472720547 
0.213287568987 0.210662962943 0.208119929631 0.205661599685 0.203291194718 0.201012024979 0.198827486436 0.196741057352 0.194756294494 0.192876829223 0.191106363893 0.189448669269 0.187907584132 0.186487019018 0.185190967484 0.184023530893 0.182988968202 0.182091794233 0.181336980062 0.180730397729 0.180279983045 0.180000000000 0.180279983045 0.180730397729 0.181336980062 0.182091794233 0.182988968202 0.184023530893 0.185190967484 0.186487019018 0.187907584132 0.189448669269 0.191106363893 0.192876829223 0.194756294494 0.196741057352 0.198827486436 0.201012024979 0.203291194718 0.205661599685 0.208026195780 0.205408788790 0.201452644660 0.197539540772 0.193671864391 0.189852157882 0.186083129116 0.182367662436 0.178708830169 0.175109904654 0.171574370749 0.168105938756 0.164708557696 0.161386428804 0.158144019132 0.154986075077 0.151917635643 0.148944045183 0.146070965374 0.143304386117 0.140650635097 0.138116385750 0.135708663553 0.133434850786 0.131302690479 0.129320291268 0.127496136834 0.125839107428 0.124358529006 0.123064283388 0.121967057868 0.121078944965 0.120415098162 0.120000000000 0.120415098162 0.121078944965 0.121967057868 0.123064283388 0.124358529006 0.125839107428 0.127496136834 0.129320291268 0.131302690479 0.133434850786 0.135708663553 0.138116385750 0.140650635097 0.143304386117 0.146070965374 0.148944045183 0.151917635643 0.154986075077 0.158144019132 0.161386428804 0.164708557696 0.168105938756 0.171574370749 0.175109904654 0.178708830169 0.182367662436 0.182367662436 0.421335903208 0.419962181722 0.418643680198 0.417381064467 0.416174996560 0.415026134843 0.413935134396 0.412902647728 0.411929325932 0.411015820465 0.410162785786 0.409370883222 0.408640786635 0.407973190794 0.407368823996 0.406828467631 0.406352987806 0.405943389477 0.405600916949 0.405327263934 0.405125103839 0.405000000000 0.405125103839 0.405327263934 0.405600916949 0.405943389477 0.406352987806 0.406828467631 0.407368823996 0.407973190794 0.408640786635 0.409370883222 0.410162785786 0.411015820465 0.411929325932 0.412902647728 0.413054301673 0.410069566303 0.406420114636 0.402798055502 0.399204100169 0.395638979799 0.392103445893 0.388598270753 0.385124247928 0.381682192651 0.378272942277 0.374897356697 0.371556318750 0.368250734611 0.364981534160 0.361749671334 0.358556124443 0.355401896468 0.352288015314 0.349215534036 0.346185531011 0.343199110078 0.340257400608 0.337361557534 0.334512761307 0.331712217793 0.328961158088 0.326260838258 0.323612538999 0.321017565195 0.318477245392 0.315992931161 0.313565996362 0.311197836297 0.308889866745 0.306643522893 0.304460258143 0.302341542814 0.300288862737 0.298303717755 0.296387620140 0.294542092956 0.292768668393 0.291068886119 0.289444291718 0.287896435287 0.286426870333 0.285037153121 0.283728842737 0.282503502226 0.281362701340 0.280308021749 0.279341066069 0.278463472963 0.277676942327 0.276983278089 0.276384464044 0.275882807877 0.275481246556 0.275184123560 0.275000000000 0.275184123560 0.275481246556 
0.217572433601 0.214995626420 0.212500024850 0.210088642284 0.207764573907 0.205530994129 0.203391153522 0.201348375332 0.199406051715 0.197567639959 0.195836659129 0.194216687841 0.192711364323 0.191324390683 0.190059544694 0.188920704957 0.187911900619 0.187037408529 0.186301950010 0.185711125658 0.185272549212 0.185000000000 0.185272549212 0.185711125658 0.186301950010 0.187037408529 0.187911900619 0.188920704957 0.190059544694 0.191324390683 0.192711364323 0.194216687841 0.195836659129 0.197567639959 0.199406051715 0.201348375332 0.203391153522 0.205530994129 0.207764573907 0.209547746064 0.206401658602 0.202351187831 0.198340150811 0.194370774542 0.190445435686 0.186566671288 0.182737190182 0.178959885089 0.175237845419 0.171574370749 0.167972984972 0.164437451066 0.160971786413 0.157580278582 0.154267501449 0.151038331489 0.147897964042 0.144851929299 0.141906107727 0.139066744613 0.136340463377 0.133734277373 0.131255599945 0.128912252813 0.126712473341 0.124664922261 0.122778695414 0.121063347013 0.119528940175 0.118186159143 0.117046564450 0.116123210164 0.115432358602 0.115000000000 0.115432358602 0.116123210164 0.117046564450 0.118186159143 0.119528940175 0.121063347013 0.122778695414 0.124664922261 0.126712473341 0.128912252813 0.131255599945 0.133734277373 0.136340463377 0.139066744613 0.141906107727 0.144851929299 0.147897964042 0.151038331489 0.154267501449 0.157580278582 0.160971786413 0.164437451066 0.167972984972 0.171574370749 0.175237845419 0.178959885089 0.178959885089 0.426147783231 0.424789177088 0.423485292221 0.422236775893 0.421044271578 0.419908419120 0.418829855152 0.417809213822 0.416847127981 0.415944230971 0.415101159272 0.414318556359 0.413597078342 0.412937402274 0.412340238663 0.411806350837 0.411336586229 0.410931929891 0.410593603803 0.410323274416 0.410123576490 0.410000000000 0.410123576490 0.410323274416 0.410593603803 0.410931929891 0.411336586229 0.411806350837 0.412340238663 0.412937402274 0.413597078342 0.414318556359 0.415101159272 0.415944230971 0.416375167016 0.414087264688 0.410356632673 0.406651744990 0.402973277300 0.399321924740 0.395698402416 0.392103445893 0.388537811693 0.385002277787 0.381497644080 0.378024732893 0.374584389445 0.371177482312 0.367804903884 0.364467570801 0.361166424375 0.357902430991 0.354676582476 0.351489896447 0.348343416628 0.345238213119 0.342175382634 0.339156048689 0.336181361736 0.333252499240 0.330370665699 0.327537092586 0.324753038220 0.322019787559 0.319338651897 0.316710968477 0.314138099992 0.311621433994 0.309162382176 0.306762379551 0.304422883502 0.302145372714 0.299931345983 0.297782320895 0.295699832404 0.293685431284 0.291740682502 0.289867163511 0.288066462504 0.286340176672 0.284689910531 0.283117274394 0.281623883130 0.280211355369 0.278881313404 0.277635384177 0.276475201881 0.275402413049 0.274418685512 0.273525723520 0.272725293115 0.272019265424 0.271409693588 0.270898959113 0.270490082571 0.270187514858 0.270000000000 0.270187514858 0.270490082571 
0.221884862584 0.219354456240 0.216904843495 0.214538924498 0.212259672819 0.210070132738 0.207973416092 0.205972698787 0.204071217106 0.202272264112 0.200579186566 0.198995383071 0.197524304590 0.196169459219 0.194934424446 0.193822872644 0.192838620664 0.191985725827 0.191268679164 0.190692830650 0.190265495453 0.190000000000 0.190265495453 0.190692830650 0.191268679164 0.191985725827 0.192838620664 0.193822872644 0.194934424446 0.196169459219 0.197524304590 0.198995383071 0.200579186566 0.202272264112 0.204071217106 0.205972698787 0.207973416092 0.210070132738 0.211222120564 0.207610282927 0.203470159577 0.199365960533 0.195299747542 0.191273725161 0.187290251580 0.183351850227 0.179461222197 0.175621259520 0.171835059305 0.168105938756 0.164437451066 0.160833402160 0.157297868255 0.153835214141 0.150450112109 0.147147561347 0.143932907631 0.140811863053 0.137790525496 0.134875397499 0.132073404143 0.129391909562 0.126838731799 0.124422155902 0.122150945683 0.120034355526 0.118082145632 0.116304608141 0.114712620096 0.113317758590 0.112132562327 0.111171167745 0.110451087074 0.110000000000 0.110451087074 0.111171167745 0.112132562327 0.113317758590 0.114712620096 0.116304608141 0.118082145632 0.120034355526 0.122150945683 0.124422155902 0.126838731799 0.129391909562 0.132073404143 0.134875397499 0.137790525496 0.140811863053 0.143932907631 0.147147561347 0.150450112109 0.153835214141 0.157297868255 0.160833402160 0.164437451066 0.168105938756 0.171835059305 0.175621259520 0.175621259520 0.430963818348 0.429620015627 0.428330442441 0.427095728164 0.425916498403 0.424793375185 0.423726977396 0.422717921538 0.421766822928 0.420874297511 0.420040964497 0.419267450222 0.418554393746 0.417902455112 0.417312327734 0.416784757581 0.416320574115 0.415920743203 0.415586465273 0.415319380384 0.415122085775 0.415000000000 0.415122085775 0.415319380384 0.415586465273 0.415920743203 0.416320574115 0.416784757581 0.417312327734 0.417902455112 0.418554393746 0.419267450222 0.419865962162 0.418350490813 0.414542292049 0.410758243096 0.406998983606 0.403265172171 0.399557486837 0.395876625630 0.392223307079 0.388598270753 0.385002277787 0.381436111418 0.377900577512 0.374396505094 0.370924746869 0.367486179731 0.364081705273 0.360712250271 0.357378767159 0.354082234484 0.350823657333 0.347604067739 0.344424525054 0.341286116280 0.338189956367 0.335137188462 0.332128984102 0.329166543361 0.326251094919 0.323383896071 0.320566232657 0.317799418906 0.315084797194 0.312423737697 0.309817637951 0.307267922290 0.304776041172 0.302343470382 0.299971710104 0.297662283865 0.295416737343 0.293236637043 0.291123568848 0.289079136441 0.287104959625 0.285202672554 0.283373921909 0.281620365059 0.279943668272 0.278345505064 0.276827554814 0.275391501806 0.274039034977 0.272771848731 0.271591645377 0.270500140093 0.269499069787 0.268590208231 0.267775391610 0.267056562312 0.266435846958 0.265915705159 0.265499245689 0.265191032278 0.265000000000 0.265191032278 0.265499245689 
0.226223409216 0.223738049461 0.221333031690 0.219011146828 0.216775251609 0.214628265768 0.212573168867 0.210612996832 0.208750838391 0.206989831683 0.205333161462 0.203784057628 0.202345796180 0.201021704473 0.199815173915 0.198729685722 0.197768860338 0.196936552247 0.196237039734 0.195675440908 0.195258793551 0.195000000000 0.195258793551 0.195675440908 0.196237039734 0.196936552247 0.197768860338 0.198729685722 0.199815173915 0.201021704473 0.202345796180 0.203784057628 0.205333161462 0.206989831683 0.208750838391 0.210612996832 0.212573168867 0.213048183263 0.209031814869 0.204806824591 0.200614367182 0.196456336517 0.192334761237 0.188251815462 0.184209830378 0.180211306719 0.176258928232 0.172355576141 0.168504344677 0.164708557696 0.160971786413 0.157297868255 0.153690926824 0.150155392918 0.146696026538 0.143317939762 0.140026620296 0.136827955504 0.133728256578 0.130734282525 0.127853263527 0.125092923250 0.122461499690 0.119967764345 0.117621039933 0.115431217843 0.113408778487 0.111564821852 0.109911124352 0.108460258223 0.107225860741 0.106223291046 0.105471476602 0.105000000000 0.105471476602 0.106223291046 0.107225860741 0.108460258223 0.109911124352 0.111564821852 0.113408778487 0.115431217843 0.117621039933 0.119967764345 0.122461499690 0.125092923250 0.127853263527 0.130734282525 0.133728256578 0.136827955504 0.140026620296 0.143317939762 0.146696026538 0.150155392918 0.153690926824 0.157297868255 0.160971786413 0.164708557696 0.168504344677 0.172355576141 0.172355576141 0.435783875999 0.434454573837 0.433179016344 0.431957815660 0.430791580187 0.429680914800 0.428626421314 0.427628699258 0.426688347100 0.425805964059 0.424982152758 0.424217523065 0.423512697665 0.422868320253 0.422285067817 0.421763669626 0.421304937841 0.420909819835 0.420579495210 0.420315578463 0.420120630394 0.420000000000 0.420120630394 0.420315578463 0.420579495210 0.420909819835 0.421304937841 0.421763669626 0.422285067817 0.422868320253 0.423484466238 0.422651168435 0.418970074705 0.415110487391 0.411274116180 0.407461582954 0.403673528424 0.399910612667 0.396173515683 0.392462937951 0.388779600989 0.385124247928 0.381497644080 0.377900577512 0.374333859624 0.370798325718 0.367294835569 0.363824273989 0.360387551380 0.356985604280 0.353619395893 0.350289916597 0.346998184440 0.343745245599 0.340532174817 0.337360075808 0.334230081608 0.331143354898 0.328101088268 0.325104504417 0.322154856307 0.319253427226 0.316401530787 0.313600510839 0.310851741282 0.308156625780 0.305516597373 0.302933117970 0.300407677708 0.297941794203 0.295537011643 0.293194899752 0.290917052611 0.288705087330 0.286560642580 0.284485376990 0.282480967421 0.280549107139 0.278691503905 0.276909878048 0.275205960560 0.273581491311 0.272038217515 0.270577892611 0.269202275833 0.267913132847 0.266712238014 0.265601379205 0.264582366555 0.263657047594 0.262827332957 0.262095240669 0.261462975302 0.260933079193 0.260508754281 0.260194682944 0.260000000000 0.260194682944 0.260508754281 
0.230586718970 0.228145094921 0.225783326449 0.223504099265 0.221310157972 0.219204303210 0.217189388487 0.215268316803 0.213444037227 0.211719541740 0.210097862742 0.208582071955 0.207175281809 0.205880651142 0.204701398298 0.203640827094 0.202702376012 0.201889711819 0.201206915909 0.200658891453 0.200252418001 0.200000000000 0.200252418001 0.200658891453 0.201206915909 0.201889711819 0.202702376012 0.203640827094 0.204701398298 0.205880651142 0.207175281809 0.208582071955 0.210097862742 0.211719541740 0.213444037227 0.215268316803 0.214995626420 0.210662962943 0.206357967987 0.202082251071 0.197837537876 0.193625679843 0.189448664599 0.185308627297 0.181207862931 0.177148839691 0.173134213452 0.169166843444 0.165249809196 0.161386428804 0.157580278582 0.153835214141 0.150155392918 0.146545298147 0.143009764241 0.139554003501 0.136183634017 0.132904708562 0.129723744202 0.126647752268 0.123684268258 0.120841381172 0.118127761809 0.115552689653 0.113126078397 0.110858501030 0.108761217413 0.106846211403 0.105126253666 0.103615027284 0.102327406495 0.101280136684 0.100493755255 0.100000000000 0.100493755255 0.101280136684 0.102327406495 0.103615027284 0.105126253666 0.106846211403 0.108761217413 0.110858501030 0.113126078397 0.115552689653 0.118127761809 0.120841381172 0.123684268258 0.126647752268 0.129723744202 0.132904708562 0.136183634017 0.139554003501 0.143009764241 0.146545298147 0.150155392918 0.153835214141 0.157580278582 0.161386428804 0.165249809196 0.169166843444 0.169166843444 0.440607829066 0.439292733327 0.438030904199 0.436822937212 0.435669424193 0.434570953505 0.433528110532 0.432541478479 0.431611639606 0.430739177057 0.429924677511 0.429168735008 0.428471956495 0.427834969955 0.427258436579 0.426743069567 0.426289664414 0.425899150650 0.425572687748 0.425311865439 0.425119209110 0.425000000000 0.425119209110 0.425311865439 0.425572687748 0.425899150650 0.426289664414 0.426743069567 0.427258436579 0.426765405770 0.423632878918 0.419701318412 0.415791460894 0.411903891699 0.408039214264 0.404198050685 0.400381042280 0.396588850162 0.392822155826 0.389081661738 0.385368091939 0.381682192651 0.378024732893 0.374396505094 0.370798325718 0.367231035882 0.363695501976 0.360192616281 0.356723297577 0.353288491746 0.349889172358 0.346526341249 0.343201029071 0.339914295827 0.336667231367 0.333460955867 0.330296620254 0.327175406594 0.324098528433 0.321067231077 0.318082791808 0.315146520031 0.312259757344 0.309423877516 0.306640286375 0.303910421590 0.301235752344 0.298617778877 0.296058031914 0.293558071945 0.291119488367 0.288743898471 0.286432946279 0.284188301225 0.282011656678 0.279904728315 0.277869252356 0.275906983678 0.274019693837 0.272209169038 0.270477208117 0.268825620625 0.267256225130 0.265770847939 0.264371322474 0.263059489720 0.261837200301 0.260706319122 0.259668734007 0.258726370803 0.257881219242 0.257135377716 0.256491133579 0.255951116892 0.255518628111 0.255198474526 0.255000000000 0.255198474526 0.255518628111 
0.234973522850 0.232574366392 0.230254548676 0.228016654175 0.225863319972 0.223797232896 0.221821126398 0.219937777273 0.218150002421 0.216460655921 0.214872626852 0.213388838559 0.212012250453 0.210745864124 0.209592736791 0.208556007442 0.207638945750 0.206845044479 0.206178202493 0.205643123339 0.205246345694 0.205000000000 0.205246345694 0.205643123339 0.206178202493 0.206845044479 0.207638945750 0.208556007442 0.209592736791 0.210745864124 0.212012250453 0.213388838559 0.214872626852 0.216460655921 0.218150002421 0.216904843495 0.212500024850 0.208119929631 0.203766010262 0.199439826068 0.195143052414 0.190877490685 0.186645079190 0.182447905078 0.178288217346 0.174168441033 0.170091192713 0.166059297354 0.162075806685 0.158144019132 0.154267501449 0.150450112109 0.146696026538 0.143009764241 0.139396217824 0.135860683918 0.132408895899 0.129047058274 0.125781882506 0.122620623946 0.119571119462 0.116641825249 0.113841854274 0.111181012880 0.108669836383 0.106319624359 0.104142478194 0.102151347679 0.100360102722 0.098783667982 0.097438313946 0.096342363477 0.095518194407 0.095000000000 0.095518194407 0.096342363477 0.097438313946 0.098783667982 0.100360102722 0.102151347679 0.104142478194 0.106319624359 0.108669836383 0.111181012880 0.113841854274 0.116641825249 0.119571119462 0.122620623946 0.125781882506 0.129047058274 0.132408895899 0.135860683918 0.139396217824 0.143009764241 0.146696026538 0.150450112109 0.154267501449 0.158144019132 0.162075806685 0.166059297354 0.166059297354 0.445435555604 0.444134380567 0.442886000818 0.441690995872 0.440549941586 0.439463410420 0.438431971940 0.437456193642 0.436536642196 0.435673885285 0.434868494255 0.434121047931 0.433432138128 0.432802377717 0.432232412692 0.431722940783 0.431274741425 0.430888726924 0.430566037291 0.430308238241 0.430117820745 0.430000000000 0.430117820745 0.430308238241 0.430566037291 0.430888726924 0.431274741425 0.431054930065 0.428523555133 0.424523517085 0.420543731466 0.416584747509 0.412647131752 0.408731468599 0.404838360884 0.400968430454 0.397122318766 0.393300687487 0.389504219121 0.385733617630 0.381989609078 0.378272942277 0.374584389445 0.370924746869 0.367294835569 0.363695501976 0.360127618597 0.356592084691 0.353089826936 0.349621800090 0.346188987642 0.342792402454 0.339433087382 0.336112115873 0.332830592550 0.329589653745 0.326390468018 0.323234236617 0.320122193897 0.317055607684 0.314035779570 0.311064045146 0.308141774148 0.305270370521 0.302451272379 0.299685951870 0.296975914914 0.294322700823 0.291727881783 0.289193062194 0.286719877857 0.284309995002 0.281965109153 0.279686943817 0.277477249014 0.275337799629 0.273270393624 0.271276850088 0.269359007197 0.267518720086 0.265757858718 0.264078305828 0.262481955070 0.260970709558 0.259546481044 0.258211190165 0.256966768312 0.255815162088 0.254758341804 0.253798316538 0.252937160138 0.252177056479 0.251520380922 0.250969856665 0.250528888470 0.250202415293 0.250000000000 0.250202415293 0.250528888470 
0.239382631259 0.237024716282 0.234745596747 0.232547759804 0.230433739516 0.228406114011 0.226467502427 0.224620561770 0.222867983853 0.221212492623 0.219656842289 0.218203816943 0.216856232748 0.215616944435 0.214488859066 0.213474962292 0.212578366969 0.211802404326 0.211150803726 0.210628082975 0.210240555640 0.210000000000 0.210240555640 0.210628082975 0.211150803726 0.211802404326 0.212578366969 0.213474962292 0.214488859066 0.215616944435 0.216856232748 0.218203816943 0.219656842289 0.221033438188 0.219011146828 0.214538924498 0.210088642284 0.205661599685 0.201259193491 0.196882926349 0.192534416154 0.188215406362 0.183927777316 0.179673558675 0.175454943067 0.171274301069 0.167134197647 0.163037410181 0.158986948216 0.154986075077 0.151038331489 0.147147561347 0.143317939762 0.139554003501 0.135860683918 0.132243342426 0.128707808520 0.125260420292 0.121908067292 0.118658235475 0.115519053888 0.112499342594 0.109608661262 0.106857357875 0.104256617213 0.101818509545 0.099556041748 0.097483217271 0.095615120793 0.093968065993 0.092559903081 0.091410756706 0.090545119447 0.090000000000 0.090545119447 0.091410756706 0.092559903081 0.093968065993 0.095615120793 0.097483217271 0.099556041748 0.101818509545 0.104256617213 0.106857357875 0.109608661262 0.112499342594 0.115519053888 0.118658235475 0.121908067292 0.125260420292 0.128707808520 0.132243342426 0.135860683918 0.139554003501 0.143317939762 0.147147561347 0.151038331489 0.154986075077 0.158986948216 0.163037410181 0.163037410181 0.450266938585 0.448979406646 0.447744205326 0.446561898700 0.445433047232 0.444358208060 0.443337935520 0.442372781983 0.441463299117 0.440610039730 0.439813560421 0.439074425379 0.438393211863 0.437770518207 0.437206975775 0.436703267399 0.436260157024 0.435878540330 0.435559538493 0.435304693940 0.435116464170 0.435000000000 0.435116464170 0.435304693940 0.435559538493 0.435519835433 0.433634939154 0.429569839499 0.425523605864 0.421496752074 0.417489808411 0.413503322165 0.409537858192 0.405593999505 0.401672347859 0.397773524371 0.393898170138 0.390046946879 0.386220537591 0.382419647208 0.378645003288 0.374897356697 0.371177482312 0.367486179731 0.363824273989 0.360192616281 0.356592084691 0.353023584920 0.349488051014 0.345986446090 0.342519763056 0.339089025314 0.335695287462 0.332339635963 0.329023189804 0.325747101119 0.322512555778 0.319320773942 0.316173010565 0.313070555844 0.310014735612 0.307006911649 0.304048481927 0.301140880762 0.298285578861 0.295484083274 0.292737937214 0.290048719757 0.287418045400 0.284847563461 0.282338957334 0.279893943558 0.277514270726 0.275201718196 0.272958094631 0.270785236351 0.268685005508 0.266659288108 0.264709991888 0.262839044110 0.261048389312 0.259339987111 0.257715810192 0.256177842656 0.254728078999 0.253368524137 0.252101195057 0.250928125062 0.249851372119 0.248873033839 0.247995273613 0.247220366332 0.246550781034 0.245989339920 0.245539558328 0.245206514168 0.245000000000 0.245206514168 0.245539558328 
0.243812928324 0.241495069846 0.239255440634 0.237096434356 0.235020486424 0.233030071191 0.231127698988 0.229315913123 0.227597287026 0.225974421814 0.224449944732 0.223026509109 0.221706796915 0.220493525607 0.219389462167 0.218397449438 0.217520454400 0.216761658107 0.216124632254 0.215613721526 0.215235028735 0.215000000000 0.215235028735 0.215613721526 0.216124632254 0.216761658107 0.217520454400 0.218397449438 0.219389462167 0.220493525607 0.221706796915 0.223026509109 0.223921033666 0.221310157972 0.216775251609 0.212259672819 0.207764573907 0.203291194718 0.198840870538 0.194415040801 0.190015258673 0.185643201635 0.181300683150 0.176989665541 0.172712274205 0.168470813303 0.164267783082 0.160105898989 0.155988112755 0.151917635643 0.147897964042 0.143932907631 0.140026620296 0.136183634017 0.132408895899 0.128707808520 0.125086273705 0.121550739800 0.118108252407 0.114766508484 0.111533913527 0.108419641449 0.105433696631 0.102586977563 0.099891341621 0.097359671190 0.095005942992 0.092845306583 0.090894187571 0.089170454377 0.087693748274 0.086486259560 0.085574923798 0.085000000000 0.085574923798 0.086486259560 0.087693748274 0.089170454377 0.090894187571 0.092845306583 0.095005942992 0.097359671190 0.099891341621 0.102586977563 0.105433696631 0.108419641449 0.111533913527 0.114766508484 0.118108252407 0.121550739800 0.125086273705 0.128707808520 0.132408895899 0.136183634017 0.140026620296 0.143932907631 0.147897964042 0.151917635643 0.155988112755 0.160105898989 0.160105898989 0.455101865659 0.453827707040 0.452605420948 0.451435556564 0.450318659512 0.449255272165 0.448245934186 0.447291183384 0.446391556984 0.445547593478 0.444759835273 0.444028832476 0.443355148339 0.442739367202 0.442182106344 0.441684034237 0.441245899887 0.440868582910 0.440553186249 0.440301229738 0.440115138312 0.440000000000 0.440115138312 0.440106592422 0.438713117999 0.434833048890 0.430723759874 0.426632494887 0.422559748823 0.418506032681 0.414471874117 0.410457818022 0.406464427104 0.402492282501 0.398541984396 0.394614152666 0.390709427531 0.386828470228 0.382971963704 0.379140613314 0.375335147546 0.371556318750 0.367804903884 0.364081705273 0.360387551380 0.356723297577 0.353089826936 0.349488051014 0.345918910647 0.342383376741 0.338882451061 0.335417167012 0.331988590412 0.328597820244 0.325245989396 0.321934265371 0.318663850968 0.315435984923 0.312251942507 0.309113036077 0.306020615558 0.302976068860 0.299980822224 0.297036340464 0.294144127126 0.291305724527 0.288522713676 0.285796714063 0.283129383300 0.280522416608 0.277977546136 0.275496540096 0.273081201722 0.270733368020 0.268454908326 0.266247722669 0.264113739927 0.262054915811 0.260073230689 0.258170687291 0.256349308346 0.254611134255 0.252958220902 0.251392637818 0.249916466943 0.248531802417 0.247240751992 0.246045441057 0.244948020794 0.243950683081 0.243055686717 0.242265403615 0.241582402640 0.241009611361 0.240550662500 0.240210780799 0.240000000000 0.240210780799 0.240550662500 
0.248263366669 0.245984419866 0.243783116523 0.241661760579 0.239622693027 0.237668289184 0.235800955831 0.234023128371 0.232337268172 0.230745860390 0.229251412693 0.227856455554 0.226563545143 0.225375270491 0.224294267772 0.223323246672 0.222465038298 0.221722683882 0.221099608236 0.220599994409 0.220229747552 0.220000000000 0.220229747552 0.220599994409 0.221099608236 0.221722683882 0.222465038298 0.223323246672 0.224294267772 0.225375270491 0.226563545143 0.226926340552 0.223797232896 0.219204303210 0.214628265768 0.210070132738 0.205530994129 0.201012024979 0.196514493283 0.192039768769 0.187589332611 0.183164788188 0.178767873015 0.174400471968 0.170064631968 0.165762578276 0.161496732597 0.157269733173 0.153084457115 0.148944045183 0.144851929299 0.140811863053 0.136827955504 0.132904708562 0.129047058274 0.125260420292 0.121550739800 0.117924546127 0.114389012221 0.110952019024 0.107622224707 0.104409138544 0.101323199028 0.098375855756 0.095579654616 0.092948326319 0.090496879863 0.088241706404 0.086200708704 0.084393495188 0.082841741370 0.081570014333 0.080608087519 0.080000000000 0.080608087519 0.081570014333 0.082841741370 0.084393495188 0.086200708704 0.088241706404 0.090496879863 0.092948326319 0.095579654616 0.098375855756 0.101323199028 0.104409138544 0.107622224707 0.110952019024 0.114389012221 0.117924546127 0.121550739800 0.125260420292 0.129047058274 0.132904708562 0.136827955504 0.140811863053 0.144851929299 0.148944045183 0.153084457115 0.157269733173 0.157269733173 0.459940228929 0.458679181403 0.457469554806 0.456311883948 0.455206700143 0.454154531530 0.453155903635 0.452211340238 0.451321364655 0.450486501596 0.449707279807 0.448984235838 0.448317919456 0.447708901527 0.447157785760 0.446665226781 0.446231959156 0.445858846617 0.445546968215 0.445297685895 0.445109468270 0.444871417296 0.443744788018 0.440305944752 0.436136897749 0.431984585481 0.427849468517 0.423732022598 0.419632739183 0.415552125999 0.411490707624 0.407449026075 0.403427641427 0.399427132441 0.395448097214 0.391491153849 0.387556941145 0.383646119300 0.379759370640 0.375897400356 0.372060937271 0.368250734611 0.364467570801 0.360712250271 0.356985604280 0.353288491746 0.349621800090 0.345986446090 0.342383376741 0.338813570110 0.335278036204 0.331777817827 0.328313991431 0.324887667960 0.321499993669 0.318152150932 0.314845359016 0.311580874821 0.308359993584 0.305184049525 0.302054416444 0.298972508247 0.295939779392 0.292957725257 0.290027882395 0.287151828693 0.284331183394 0.281567606994 0.278862800983 0.276218507423 0.273636508353 0.271118625006 0.268666716825 0.266282680272 0.263968447419 0.261725984325 0.259557289196 0.257464390342 0.255449343946 0.253514231693 0.251661158303 0.249892249063 0.248209647473 0.246615513207 0.245112020654 0.243701358462 0.242385730697 0.241167360618 0.240048498625 0.239031437051 0.238118536464 0.237312272316 0.236615319980 0.236030719321 0.235562227832 0.235215225629 0.235000000000 0.235215225629 0.235562227832 
0.252732962592 0.250491821748 0.248327721872 0.246242880816 0.244239549249 0.242320007994 0.240486565302 0.238741554160 0.237087329847 0.235526268002 0.234060763630 0.232693231707 0.231426110382 0.230261868440 0.229203019778 0.228252149788 0.227411962859 0.226685369861 0.226075658556 0.225586860835 0.225224696164 0.225000000000 0.225224696164 0.225586860835 0.226075658556 0.226685369861 0.227411962859 0.228252149788 0.229203019778 0.230261868440 0.230050731551 0.226467502427 0.221821126398 0.217189388487 0.212573168867 0.207973416092 0.203391153522 0.198827486436 0.194283609933 0.189760817695 0.185260511739 0.180784213266 0.176333574740 0.171910393357 0.167516626074 0.163154406380 0.158826063041 0.154534141041 0.150281425001 0.146070965374 0.141906107727 0.137790525496 0.133728256578 0.129723744202 0.125781882506 0.121908067292 0.118108252407 0.114389012221 0.110757610596 0.107222076690 0.103791287837 0.100475059579 0.097284242772 0.094230827508 0.091328053577 0.088590527532 0.086034347771 0.083677242757 0.081538737093 0.079640384619 0.078006174149 0.076663417060 0.075645202313 0.075000000000 0.075645202313 0.076663417060 0.078006174149 0.079640384619 0.081538737093 0.083677242757 0.086034347771 0.088590527532 0.091328053577 0.094230827508 0.097284242772 0.100475059579 0.103791287837 0.107222076690 0.110757610596 0.114389012221 0.118108252407 0.121908067292 0.125781882506 0.129723744202 0.133728256578 0.137790525496 0.141906107727 0.146070965374 0.150281425001 0.154534141041 0.154534141041 0.464781924737 0.463533733362 0.462336517728 0.461190798776 0.460097094014 0.459055917858 0.458067782206 0.457133197319 0.456252673118 0.455426721037 0.454655856664 0.453940603496 0.453281498311 0.452679098980 0.452133995985 0.451646828869 0.451218295747 0.450848907862 0.450533806659 0.450171256893 0.449053980867 0.445981389066 0.441755779875 0.437545682611 0.433351524735 0.429173747939 0.425012808666 0.420869178649 0.416743345467 0.412635813125 0.408547102647 0.404477752692 0.400428320196 0.396399381022 0.392391530642 0.388405384836 0.384441580411 0.380500775940 0.376583652527 0.372690914586 0.368823290643 0.364981534160 0.361166424375 0.357378767159 0.353619395893 0.349889172358 0.346188987642 0.342519763056 0.338882451061 0.335278036204 0.331707536055 0.328172002149 0.324672520922 0.321210214643 0.317786242330 0.314401800652 0.311058124808 0.307756489373 0.304498209109 0.301284639726 0.298117178597 0.294997265399 0.291926382685 0.288906056365 0.285937856099 0.283023395564 0.280164332606 0.277362369255 0.274619251577 0.271936769364 0.269316755645 0.266761085990 0.264271677609 0.261850488229 0.259499514742 0.257220791606 0.255016389023 0.252888410882 0.250838992487 0.248870298121 0.246984518473 0.245183868037 0.243470582593 0.241846916962 0.240315143318 0.238877550466 0.237536444734 0.236294153477 0.235153032789 0.234115482157 0.233183970817 0.232361084838 0.231649613376 0.231052716134 0.230574283419 0.230219859984 0.230000000000 0.230219859984 0.230574283419 
0.257220791606 0.255016389023 0.252888410882 0.250838992487 0.248870298121 0.246984518473 0.245183868037 0.243470582593 0.241846916962 0.240315143318 0.238877550466 0.237536444734 0.236294153477 0.235153032789 0.234115482157 0.233183970817 0.232361084838 0.231649613376 0.231052716134 0.230574283419 0.230219859984 0.230000000000 0.230219859984 0.230574283419 0.231052716134 0.231649613376 0.232361084838 0.233183970817 0.234115482157 0.233292644788 0.229315913123 0.224620561770 0.219937777273 0.215268316803 0.210612996832 0.205972698787 0.201348375332 0.196741057352 0.192151861737 0.187582000055 0.183032788242 0.178505657428 0.174002166055 0.169524013450 0.165073055050 0.160651319498 0.156261027848 0.151904615173 0.147584754883 0.143304386117 0.139066744613 0.134875397499 0.130734282525 0.126647752268 0.122620623946 0.118658235475 0.114766508484 0.110952019024 0.107222076690 0.103584812905 0.100049278999 0.096625554662 0.093324867161 0.090159721577 0.087144042205 0.084293325532 0.081624806303 0.079157641721 0.076913128172 0.074914989806 0.073189847395 0.071768190944 0.070687005667 0.070000000000 0.070687005667 0.071768190944 0.073189847395 0.074914989806 0.076913128172 0.079157641721 0.081624806303 0.084293325532 0.087144042205 0.090159721577 0.093324867161 0.096625554662 0.100049278999 0.103584812905 0.107222076690 0.110952019024 0.114766508484 0.118658235475 0.122620623946 0.126647752268 0.130734282525 0.134875397499 0.139066744613 0.143304386117 0.147584754883 0.151904615173 0.151904615173 0.469626853459 0.468391270327 0.467206224069 0.466072222241 0.464989769028 0.463959365611 0.462981510746 0.462056701667 0.461185435382 0.460368210534 0.459605530033 0.458897904751 0.458245858536 0.457649932734 0.457110663048 0.456628185120 0.456196803735 0.455733707413 0.454666592918 0.451852329651 0.447573247483 0.443308520389 0.439058544062 0.434823727484 0.430604493420 0.426401278937 0.422214535935 0.418044731701 0.413892349490 0.409757889112 0.405641867553 0.401544819611 0.397467298560 0.393409876826 0.389373146701 0.385357721062 0.381364234131 0.377393342246 0.373445724657 0.369522084354 0.365623148907 0.361749671334 0.357902430991 0.354082234484 0.350289916597 0.346526341249 0.342792402454 0.339089025314 0.335417167012 0.331777817827 0.328172002149 0.324600779509 0.321065245603 0.317566533318 0.314105813750 0.310684297208 0.307303234203 0.303963916405 0.300667677576 0.297415894452 0.294209987581 0.291051422099 0.287941708429 0.284882402904 0.281875108287 0.278921474184 0.276023197330 0.273182021734 0.270399738669 0.267678186488 0.265019250251 0.262424861144 0.259896995679 0.257437674653 0.255048961869 0.252732962592 0.250491821748 0.248327721872 0.246242880816 0.244239549249 0.242320007994 0.240486565302 0.238741554160 0.237087329847 0.235526268002 0.234060763630 0.232693231707 0.231426110382 0.230261868440 0.229203019778 0.228252149788 0.227411962859 0.226685369861 0.226075658556 0.225586860835 0.225224696164 0.225000000000 0.225224696164 0.225586860835 
0.261725984325 0.259557289196 0.257464390342 0.255449343946 0.253514231693 0.251661158303 0.249892249063 0.248209647473 0.246615513207 0.245112020654 0.243701358462 0.242385730697 0.241167360618 0.240048498625 0.239031437051 0.238118536464 0.237312272316 0.236615319980 0.236030719321 0.235562227832 0.235215225629 0.235000000000 0.235215225629 0.235562227832 0.236030719321 0.236615319980 0.237312272316 0.237998275880 0.236648288191 0.232337268172 0.227597287026 0.222867983853 0.218150002421 0.213444037227 0.208750838391 0.204071217106 0.199406051715 0.194756294494 0.190122979235 0.185507229734 0.180910269314 0.176333431507 0.171778172071 0.167246082520 0.162738905375 0.158258551388 0.153807119006 0.149386916408 0.145000486470 0.140650635097 0.136340463377 0.132073404143 0.127853263527 0.123684268258 0.119571119462 0.115519053888 0.111533913527 0.107622224707 0.103791287837 0.100049278999 0.096405364667 0.092869830761 0.089454227237 0.086171529263 0.083036316016 0.080064968271 0.077275887021 0.074689738529 0.072329740444 0.070222028730 0.068396216941 0.066886486487 0.065734428236 0.065000000000 0.065734428236 0.066886486487 0.068396216941 0.070222028730 0.072329740444 0.074689738529 0.077275887021 0.080064968271 0.083036316016 0.086171529263 0.089454227237 0.092869830761 0.096405364667 0.100049278999 0.103791287837 0.107622224707 0.111533913527 0.115519053888 0.119571119462 0.123684268258 0.127853263527 0.132073404143 0.136340463377 0.140650635097 0.145000486470 0.149386916408 0.149386916408 0.474474919320 0.473251703310 0.472078591543 0.470956078649 0.469884655958 0.468864811876 0.467897032489 0.466981802464 0.466119606348 0.465310930349 0.464556264305 0.463856099918 0.463210886242 0.462620547468 0.462079262729 0.461519783321 0.460484280041 0.457911820727 0.453582244468 0.449265931421 0.444963246944 0.440674568753 0.436400287387 0.432140806703 0.427896544380 0.423667932448 0.419455417840 0.415259462958 0.411080546265 0.406919162897 0.402775825305 0.398651063907 0.394545427776 0.390459485345 0.386393825144 0.382349056552 0.378325810588 0.374324740712 0.370346523668 0.366391860340 0.362461476646 0.358556124443 0.354676582476 0.350823657333 0.346998184440 0.343201029071 0.339433087382 0.335695287462 0.331988590412 0.328313991431 0.324672520922 0.321065245603 0.317493269631 0.313957735725 0.310459826291 0.307000764535 0.303581815569 0.300204287490 0.296869532435 0.293578947601 0.290333976217 0.287136108460 0.283986882301 0.280887884273 0.277840750149 0.274847165497 0.271908866129 0.269027638392 0.266205319313 0.263443796557 0.260745008194 0.258110942255 0.255543636046 0.253045175224 0.250617692599 0.248263366669 0.245984419866 0.243783116523 0.241661760579 0.239622693027 0.237668289184 0.235800955831 0.234023128371 0.232337268172 0.230745860390 0.229251412693 0.227856455554 0.226563545143 0.225375270491 0.224294267772 0.223323246672 0.222465038298 0.221722683882 0.221099608236 0.220599994409 0.220229747552 0.220000000000 0.220229747552 0.220599994409 
0.266247722669 0.264113739927 0.262054915811 0.260073230689 0.258170687291 0.256349308346 0.254611134255 0.252958220902 0.251392637818 0.249916466943 0.248531802417 0.247240751992 0.246045441057 0.244948020794 0.243950683081 0.243055686717 0.242265403615 0.241582402640 0.241009611361 0.240550662500 0.240210780799 0.240000000000 0.240210780799 0.240550662500 0.241009611361 0.241582402640 0.241948064584 0.240074717301 0.235526268002 0.230745860390 0.225974421814 0.221212492623 0.216460655921 0.211719541740 0.206989831683 0.202272264112 0.197567639959 0.192876829223 0.188200778270 0.183540518038 0.178897173270 0.174271972929 0.169666261964 0.165081514621 0.160519349529 0.155981546831 0.151470067662 0.146987076329 0.142534965627 0.138116385750 0.133734277373 0.129391909562 0.125092923250 0.120841381172 0.116641825249 0.112499342594 0.108419641449 0.104409138544 0.100475059579 0.096625554662 0.092869830761 0.089218303332 0.085682769426 0.082276604631 0.079014986313 0.075915145892 0.072996653914 0.070281744764 0.067795696848 0.065567309478 0.063629591934 0.062021020242 0.060788660837 0.060000000000 0.060788660837 0.062021020242 0.063629591934 0.065567309478 0.067795696848 0.070281744764 0.072996653914 0.075915145892 0.079014986313 0.082276604631 0.085682769426 0.089218303332 0.092869830761 0.096625554662 0.100475059579 0.104409138544 0.108419641449 0.112499342594 0.116641825249 0.120841381172 0.125092923250 0.129391909562 0.133734277373 0.138116385750 0.142534965627 0.146987076329 0.146987076329 0.479326030210 0.478114946756 0.476953541060 0.475842295269 0.474781688299 0.473772196227 0.472814292878 0.471908450581 0.471055140365 0.470254825447 0.469507897564 0.468814119450 0.468167557533 0.467510739664 0.466468616697 0.464074128914 0.459775836394 0.455410867024 0.451058469186 0.446718990846 0.442392791854 0.438080244408 0.433781733531 0.429497657572 0.425228428728 0.420974473579 0.416736233656 0.412514166022 0.408308743878 0.404120457197 0.399949813379 0.395797337930 0.391663575168 0.387549088959 0.383454463471 0.379380303968 0.375327237619 0.371295914347 0.367287007698 0.363301215745 0.359339262019 0.355401896468 0.351489896447 0.347604067739 0.343745245599 0.339914295827 0.336112115873 0.332339635963 0.328597820244 0.324887667960 0.321210214643 0.317566533318 0.313957735725 0.310384973545 0.306849439639 0.303352369276 0.299895041360 0.296478779642 0.293104953912 0.289774981155 0.286490326674 0.283252505159 0.280063081691 0.276923672671 0.273835946666 0.270801625135 0.267822483042 0.264900349329 0.262037107219 0.259234694352 0.256495102710 0.253820378326 0.251212620747 0.248673982239 0.246206666707 0.243812928324 0.241495069846 0.239255440634 0.237096434356 0.235020486424 0.233030071191 0.231127698988 0.229315913123 0.227597287026 0.225974421814 0.224449944732 0.223026509109 0.221706796915 0.220493525607 0.219389462167 0.218397449438 0.217520454400 0.216761658107 0.216124632254 0.215613721526 0.215235028735 0.215000000000 0.215235028735 0.215613721526 
0.270785236351 0.268685005508 0.266659288108 0.264709991888 0.262839044110 0.261048389312 0.259339987111 0.257715810192 0.256177842656 0.254728078999 0.253368524137 0.252101195057 0.250928125062 0.249851372119 0.248873033839 0.247995273613 0.247220366332 0.246550781034 0.245989339920 0.245539558328 0.245206514168 0.245000000000 0.245206514168 0.245539558328 0.245989339920 0.245978920882 0.243597612976 0.238877550466 0.234060763630 0.229251412693 0.224449944732 0.219656842289 0.214872626852 0.210097862742 0.205333161462 0.200579186566 0.195836659129 0.191106363893 0.186389156187 0.181685969746 0.176997825537 0.172325841764 0.167671245223 0.163035384206 0.158419743214 0.153825959742 0.149255843483 0.144711398342 0.140194847710 0.135708663553 0.131255599945 0.126838731799 0.122461499690 0.118127761809 0.113841854274 0.109608661262 0.105433696631 0.101323199028 0.097284242772 0.093324867161 0.089454227237 0.085682769426 0.082022435918 0.078486902012 0.075091851168 0.071855293114 0.068797931692 0.065943592419 0.063319728827 0.060958052410 0.058895408043 0.057175270528 0.055851251183 0.055000000000 0.055851251183 0.057175270528 0.058895408043 0.060958052410 0.063319728827 0.065943592419 0.068797931692 0.071855293114 0.075091851168 0.078486902012 0.082022435918 0.085682769426 0.089454227237 0.093324867161 0.097284242772 0.101323199028 0.105433696631 0.109608661262 0.113841854274 0.118127761809 0.122461499690 0.126838731799 0.131255599945 0.135708663553 0.140194847710 0.144711398342 0.144711398342 0.484180097515 0.482980918380 0.481830996573 0.480730802170 0.479680802031 0.478681459924 0.477733235286 0.476836571699 0.475991810048 0.475198530498 0.474450345784 0.473693903067 0.472604081127 0.470298163000 0.466147226823 0.461736414652 0.457337180536 0.452949844256 0.448574736564 0.444212199613 0.439862587411 0.435526266288 0.431203615384 0.426895027158 0.422600907920 0.418321678382 0.414057774232 0.409809646732 0.405577763343 0.401362608371 0.397164683643 0.392984509206 0.388822624054 0.384679586891 0.380555976910 0.376452394616 0.372369462665 0.368307826751 0.364268156508 0.360251146456 0.356257516975 0.352288015314 0.348343416628 0.344424525054 0.340532174817 0.336667231367 0.332830592550 0.329023189804 0.325245989396 0.321499993669 0.317786242330 0.314105813750 0.310459826291 0.306849439639 0.303275856161 0.299740322255 0.296244129710 0.292788617052 0.289375170884 0.286005227192 0.282680272628 0.279401845743 0.276171538165 0.272990995705 0.269861919383 0.266786066345 0.263765250665 0.260801344008 0.257896276128 0.255052035193 0.252270667899 0.249554279357 0.246905032730 0.244325148595 0.241816904009 0.239382631259 0.237024716282 0.234745596747 0.232547759804 0.230433739516 0.228406114011 0.226467502427 0.224620561770 0.222867983853 0.221212492623 0.219656842289 0.218203816943 0.216856232748 0.215616944435 0.214488859066 0.213474962292 0.212578366969 0.211802404326 0.211150803726 0.210628082975 0.210240555640 0.210000000000 0.210240555640 0.210628082975 
0.275337799629 0.273270393624 0.271276850088 0.269359007197 0.267518720086 0.265757858718 0.264078305828 0.262481955070 0.260970709558 0.259546481044 0.258211190165 0.256966768312 0.255815162088 0.254758341804 0.253798316538 0.252937160138 0.252177056479 0.251520380922 0.250969856665 0.250528888470 0.250202415293 0.250000000000 0.250202415293 0.250520893921 0.250089274054 0.247227362091 0.242385730697 0.237536444734 0.232693231707 0.227856455554 0.223026509109 0.218203816943 0.213388838559 0.208582071955 0.203784057628 0.198995383071 0.194216687841 0.189448669269 0.184692088922 0.179947779920 0.175216655240 0.170499717170 0.165798068073 0.161112922702 0.156445622294 0.151797650747 0.147170653238 0.142566457692 0.137987099601 0.133434850786 0.128912252813 0.124422155902 0.119967764345 0.115552689653 0.111181012880 0.106857357875 0.102586977563 0.098375855756 0.094230827508 0.090159721577 0.086171529263 0.082276604631 0.078486902012 0.074816257686 0.071280723780 0.067898963864 0.064692721914 0.061687380507 0.058912634035 0.056403329783 0.054200610184 0.052353759066 0.050924246878 0.050000000000 0.050924246878 0.052353759066 0.054200610184 0.056403329783 0.058912634035 0.061687380507 0.064692721914 0.067898963864 0.071280723780 0.074816257686 0.078486902012 0.082276604631 0.086171529263 0.090159721577 0.094230827508 0.098375855756 0.102586977563 0.106857357875 0.111181012880 0.115552689653 0.119967764345 0.124422155902 0.128912252813 0.133434850786 0.137987099601 0.142566457692 0.142566457692 0.489037035948 0.487849538973 0.486710884712 0.485621530891 0.484581928764 0.483592506337 0.482653558445 0.481764502762 0.480918633124 0.480066333649 0.478924189840 0.476691541330 0.472689771117 0.468235812681 0.463792500515 0.459360127802 0.454938997814 0.450529424317 0.446131731989 0.441746256853 0.437373346740 0.433013361762 0.428666674805 0.424333672053 0.420014753524 0.415710333634 0.411420841782 0.407146722966 0.402888438415 0.398646466258 0.394421302213 0.390213460309 0.386023473636 0.381851895124 0.377699298358 0.373566278421 0.369453452772 0.365361462156 0.361290971555 0.357242671165 0.353217277418 0.349215534036 0.345238213119 0.341286116280 0.337360075808 0.333460955867 0.329589653745 0.325747101119 0.321934265371 0.318152150932 0.314401800652 0.310684297208 0.307000764535 0.303352369276 0.299740322255 0.296165879965 0.292630346059 0.289135072848 0.285681462786 0.282270969950 0.278905101485 0.275585419018 0.272313540023 0.269091139122 0.265919949306 0.262801763065 0.259738433396 0.256731874680 0.253784063402 0.250897038686 0.248072902626 0.245313820383 0.242622020022 0.239999792066 0.237449488734 0.234973522850 0.232574366392 0.230254548676 0.228016654175 0.225863319972 0.223797232896 0.221821126398 0.219937777273 0.218150002421 0.216460655921 0.214872626852 0.213388838559 0.212012250453 0.210745864124 0.209592736791 0.208556007442 0.207638945750 0.206845044479 0.206178202493 0.205643123339 0.205246345694 0.205000000000 0.205246345694 0.205643123339 
0.279904728315 0.277869252356 0.275906983678 0.274019693837 0.272209169038 0.270477208117 0.268825620625 0.267256225130 0.265770847939 0.264371322474 0.263059489720 0.261837200301 0.260706319122 0.259668734007 0.258726370803 0.257881219242 0.257135377716 0.256491133579 0.255951116892 0.255518628111 0.255198474526 0.255000000000 0.255125847748 0.254254175297 0.250928125062 0.246045441057 0.241167360618 0.236294153477 0.231426110382 0.226563545143 0.221706796915 0.216856232748 0.212012250453 0.207175281809 0.202345796180 0.197524304590 0.192711364323 0.187907584132 0.183113630152 0.178330232620 0.173558193533 0.168798395399 0.164051811260 0.159319516195 0.154602700565 0.149902685297 0.145220939573 0.140559101353 0.135919001265 0.131302690479 0.126712473341 0.122150945683 0.117621039933 0.113126078397 0.108669836383 0.104256617213 0.099891341621 0.095579654616 0.091328053577 0.087144042205 0.083036316016 0.079014986313 0.075091851168 0.071280723780 0.067597830914 0.064062297008 0.060696733548 0.057527959631 0.054587892173 0.051914674486 0.049554198564 0.047562465409 0.046010412560 0.045000000000 0.046010412560 0.047562465409 0.049554198564 0.051914674486 0.054587892173 0.057527959631 0.060696733548 0.064062297008 0.067597830914 0.071280723780 0.075091851168 0.079014986313 0.083036316016 0.087144042205 0.091328053577 0.095579654616 0.099891341621 0.104256617213 0.108669836383 0.113126078397 0.117621039933 0.122150945683 0.126712473341 0.131302690479 0.135919001265 0.140559101353 0.140559101353 0.493896763014 0.492720730342 0.491593124631 0.490514359880 0.489484687851 0.488503385988 0.487563566301 0.486619202570 0.485422586602 0.483251318984 0.479396987859 0.474902462709 0.470417711641 0.465943002835 0.461478613714 0.457024831325 0.452581952719 0.448150285359 0.443730147546 0.439321868859 0.434925790616 0.430542266357 0.426171662349 0.421814358110 0.417470746958 0.413141236583 0.408826249648 0.404526224409 0.400241615372 0.395972893967 0.391720549261 0.387485088693 0.383267038852 0.379066946274 0.374885378281 0.370722923857 0.366580194551 0.362457825425 0.358356476035 0.354276831455 0.350219603337 0.346185531011 0.342175382634 0.338189956367 0.334230081608 0.330296620254 0.326390468018 0.322512555778 0.318663850968 0.314845359016 0.311058124808 0.307303234203 0.303581815569 0.299895041360 0.296244129710 0.292630346059 0.289055004792 0.285519470886 0.282025161565 0.278573547946 0.275166156671 0.271804571515 0.268490434946 0.265225449642 0.262011379931 0.258850053140 0.255743360845 0.252693259983 0.249701773812 0.246770992695 0.243903074671 0.241100245794 0.238364800208 0.235699099922 0.233105574262 0.230586718970 0.228145094921 0.225783326449 0.223504099265 0.221310157972 0.219204303210 0.217189388487 0.215268316803 0.213444037227 0.211719541740 0.210097862742 0.208582071955 0.207175281809 0.205880651142 0.204701398298 0.203640827094 0.202702376012 0.201889711819 0.201206915909 0.200658891453 0.200252418001 0.200000000000 0.200252418001 0.200658891453 
0.284485376990 0.282480967421 0.280549107139 0.278691503905 0.276909878048 0.275205960560 0.273581491311 0.272038217515 0.270577892611 0.269202275833 0.267913132847 0.266712238014 0.265601379205 0.264582366554 0.263657047585 0.262827332892 0.262095240165 0.261462970842 0.260933032894 0.260508164734 0.260184862569 0.259816169904 0.258472850339 0.254758341804 0.249851372119 0.244948020794 0.240048498625 0.235153032789 0.230261868440 0.225375270491 0.220493525607 0.215616944435 0.210745864124 0.205880651142 0.201021704473 0.196169459219 0.191324390683 0.186487019018 0.181657914503 0.176837703575 0.172027075730 0.167226791438 0.162437691246 0.157660706286 0.152896870419 0.148147334342 0.143413381991 0.138696449704 0.133998148661 0.129320291268 0.124664922261 0.120034355526 0.115431217843 0.110858501030 0.106319624359 0.101818509545 0.097359671190 0.092948326319 0.088590527532 0.084293325532 0.080064968271 0.075915145892 0.071855293114 0.067898963864 0.064062297008 0.060364597372 0.056829063466 0.053483704033 0.050362503765 0.047506936584 0.044968023792 0.042809452475 0.041113570061 0.040000000000 0.041113570061 0.042809452475 0.044968023792 0.047506936584 0.050362503765 0.053483704033 0.056829063466 0.060364597372 0.064062297008 0.067898963864 0.071855293114 0.075915145892 0.080064968271 0.084293325532 0.088590527532 0.092948326319 0.097359671190 0.101818509545 0.106319624359 0.110858501030 0.115431217843 0.120034355526 0.124664922261 0.129320291268 0.133998148661 0.138696449704 0.138696449704 0.498759184808 0.497594343916 0.496477253616 0.495407074161 0.494376857206 0.493344055674 0.492091890749 0.489971919594 0.486262568094 0.481729939550 0.477206270241 0.472691804920 0.468186796786 0.463691507824 0.459206209166 0.454731181464 0.450266715277 0.445813111485 0.441370681714 0.436939748779 0.432520647154 0.428113723459 0.423719336969 0.419337860148 0.414969679203 0.410615194670 0.406274822018 0.401948992289 0.397638152761 0.393342767641 0.389063318789 0.384800306479 0.380554250189 0.376325689422 0.372115184575 0.367923317832 0.363750694103 0.359597942004 0.355465714873 0.351354691829 0.347265578883 0.343199110078 0.339156048689 0.335137188462 0.331143354898 0.327175406594 0.323234236617 0.319320773942 0.315435984923 0.311580874821 0.307756489373 0.303963916405 0.300204287490 0.296478779642 0.292788617052 0.289135072848 0.285519470886 0.281943187569 0.278407653663 0.274914356136 0.271464839982 0.268060710032 0.264703632737 0.261395337909 0.258137620398 0.254932341692 0.251781431424 0.248686888745 0.245650783557 0.242675257571 0.239762525156 0.236914873954 0.234134665224 0.231424333888 0.228786388226 0.226223409216 0.223738049461 0.221333031690 0.219011146828 0.216775251609 0.214628265768 0.212573168867 0.210612996832 0.208750838391 0.206989831683 0.205333161462 0.203784057628 0.202345796180 0.201021704473 0.199815173915 0.198729685722 0.197768860338 0.196936552247 0.196237039734 0.195675440908 0.195258793551 0.195000000000 0.195258793551 0.195675440908 
0.289079136441 0.287104959625 0.285202672554 0.283373921909 0.281620365059 0.279943668272 0.278345505064 0.276827554814 0.275391501806 0.274039034977 0.272771848731 0.271591645374 0.270500140076 0.269499069686 0.268590207591 0.267775387151 0.267056527602 0.266435538899 0.265912502646 0.265459864830 0.264766563910 0.262764561707 0.258726370803 0.253798316538 0.248873033839 0.243950683081 0.239031437051 0.234115482157 0.229203019778 0.224294267772 0.219389462167 0.214488859066 0.209592736791 0.204701398298 0.199815173915 0.194934424446 0.190059544694 0.185190967484 0.180329168249 0.175474670289 0.170628050815 0.165789947898 0.160961068516 0.156142197860 0.151334210171 0.146538081368 0.141754903835 0.136985903792 0.132232461766 0.127496136834 0.122778695414 0.118082145632 0.113408778487 0.108761217413 0.104142478194 0.099556041748 0.095005942992 0.090496879863 0.086034347771 0.081624806303 0.077275887021 0.072996653914 0.068797931692 0.064692721914 0.060696733548 0.056829063466 0.053113075002 0.049577541096 0.046258148022 0.043199510225 0.040457971700 0.038105838669 0.036239150945 0.035000000000 0.036239150945 0.038105838669 0.040457971700 0.043199510225 0.046258148022 0.049577541096 0.053113075002 0.056829063466 0.060696733548 0.064692721914 0.068797931692 0.072996653914 0.077275887021 0.081624806303 0.086034347771 0.090496879863 0.095005942992 0.099556041748 0.104142478194 0.108761217413 0.113408778487 0.118082145632 0.122778695414 0.127496136834 0.132232461766 0.136985903792 0.136985903792 0.503623756846 0.502467928619 0.501350712373 0.500232946860 0.498924912954 0.496847609673 0.493280382546 0.488711999118 0.484151815034 0.479600053172 0.475056944099 0.470522726381 0.465997646916 0.461481961275 0.456975934057 0.452479839271 0.447993960722 0.443518592424 0.439054039031 0.434600616284 0.430158651483 0.425728483978 0.421310465685 0.416904961623 0.412512350481 0.408133025207 0.403767393622 0.399415879074 0.395078921106 0.390756976171 0.386450518366 0.382160040209 0.377886053448 0.373629089909 0.369389702378 0.365168465527 0.360965976881 0.356782857825 0.352619754659 0.348477339694 0.344356312402 0.340257400608 0.336181361736 0.332128984102 0.328101088268 0.324098528433 0.320122193897 0.316173010565 0.312251942507 0.308359993584 0.304498209109 0.300667677576 0.296869532435 0.293104953912 0.289375170884 0.285681462786 0.282025161565 0.278407653663 0.274830382022 0.271294848117 0.267802613981 0.264355304246 0.260954608153 0.257602281541 0.254300148779 0.251050104646 0.247854116107 0.244714223986 0.241632544502 0.238611270628 0.235652673257 0.232759102133 0.229932986507 0.227176835484 0.224493238031 0.221884862584 0.219354456240 0.216904843495 0.214538924498 0.212259672819 0.210070132738 0.207973416092 0.205972698787 0.204071217106 0.202272264112 0.200579186566 0.198995383071 0.197524304590 0.196169459219 0.194934424446 0.193822872644 0.192838620664 0.191985725827 0.191268679164 0.190692830650 0.190265495453 0.190000000000 0.190265495453 0.190692830650 
0.293685431284 0.291740682502 0.289867163511 0.288066462504 0.286340176672 0.284689910531 0.283117274394 0.281623883130 0.280211355368 0.278881313400 0.277635384158 0.276475201777 0.275402412485 0.274418682219 0.273525702642 0.272725147457 0.272018130549 0.271399667786 0.270801817973 0.269755588729 0.267196925762 0.262827332957 0.257881219242 0.252937160138 0.247995273613 0.243055686717 0.238118536464 0.233183970817 0.228252149788 0.223323246672 0.218397449438 0.213474962292 0.208556007442 0.203640827094 0.198729685722 0.193822872644 0.188920704957 0.184023530893 0.179131733673 0.174245735926 0.169366004790 0.164493057808 0.159627469775 0.154769880702 0.149921005124 0.145081643009 0.140252692603 0.135435165610 0.130630205190 0.125839107428 0.121063347013 0.116304608141 0.111564821852 0.106846211403 0.102151347679 0.097483217271 0.092845306583 0.088241706404 0.083677242757 0.079157641721 0.074689738529 0.070281744764 0.065943592419 0.061687380507 0.057527959631 0.053483704033 0.049577541096 0.045838339360 0.042302805454 0.039018126900 0.036045776078 0.033467360800 0.031395133507 0.030000000000 0.031395133507 0.033467360800 0.036045776078 0.039018126900 0.042302805454 0.045838339360 0.049577541096 0.053483704033 0.057527959631 0.061687380507 0.065943592419 0.070281744764 0.074689738529 0.079157641721 0.083677242757 0.088241706404 0.092845306583 0.097483217271 0.102151347679 0.106846211403 0.111564821852 0.116304608141 0.121063347013 0.125839107428 0.130630205190 0.135435165610 0.135435165610 0.508477771004 0.507278376754 0.505914709365 0.503872668360 0.500444487003 0.495842584374 0.491248173686 0.486661457452 0.482082645163 0.477511953571 0.472949606990 0.468395837611 0.463850885824 0.459315000566 0.454788439675 0.450271470271 0.445764369145 0.441267423172 0.436780929742 0.432305197214 0.427840545385 0.423387305992 0.418945823225 0.414516454274 0.410099569899 0.405695555029 0.401304809383 0.396927748131 0.392564802577 0.388216420883 0.383883068818 0.379565230549 0.375263409472 0.370978129072 0.366709933834 0.362459390191 0.358227087514 0.354013639159 0.349819683542 0.345645885287 0.341492936404 0.337361557534 0.333252499240 0.329166543361 0.325104504417 0.321067231077 0.317055607684 0.313070555844 0.309113036077 0.305184049525 0.301284639726 0.297415894452 0.293578947601 0.289774981155 0.286005227192 0.282270969950 0.278573547946 0.274914356136 0.271294848117 0.267716538356 0.264181004450 0.260689889387 0.257244903815 0.253847828288 0.250500515490 0.247204892395 0.243962962361 0.240776807122 0.237648588657 0.234580550891 0.231575021219 0.228634411786 0.225761220509 0.222958031778 0.220227516811 0.217572433601 0.214995626420 0.212500024850 0.210088642284 0.207764573907 0.205530994129 0.203391153522 0.201348375332 0.199406051715 0.197567639959 0.195836659129 0.194216687841 0.192711364323 0.191324390683 0.190059544694 0.188920704957 0.187911900619 0.187037408529 0.186301950010 0.185711125658 0.185272549212 0.185000000000 0.185272549212 0.185711125658 
0.298303717755 0.296387620140 0.294542092956 0.292768668393 0.291068886119 0.289444291717 0.287896435286 0.286426870328 0.285037153100 0.283728842643 0.282503501775 0.281362699041 0.280308009281 0.279340993213 0.278463010021 0.277673709153 0.276958351101 0.276187493847 0.274746410364 0.271673921004 0.267056562312 0.262095240669 0.257135377716 0.252177056479 0.247220366332 0.242265403615 0.237312272316 0.232361084838 0.227411962859 0.222465038298 0.217520454400 0.212578366969 0.207638945750 0.202702376012 0.197768860338 0.192838620664 0.187911900619 0.182988968202 0.178070118858 0.173155679032 0.168246010276 0.163341514020 0.158442637127 0.153549878397 0.148663796185 0.143785017394 0.138914248109 0.134052286234 0.129200036588 0.124358529006 0.119528940175 0.114712620096 0.109911124352 0.105126253666 0.100360102722 0.095615120793 0.090894187571 0.086200708704 0.081538737093 0.076913128172 0.072329740444 0.067795696848 0.063319728827 0.058912634035 0.054587892173 0.050362503765 0.046258148022 0.042302805454 0.038533072467 0.034997538561 0.031761878943 0.028916990041 0.026593716789 0.025000000000 0.026593716789 0.028916990041 0.031761878943 0.034997538561 0.038533072467 0.042302805454 0.046258148022 0.050362503765 0.054587892173 0.058912634035 0.063319728827 0.067795696848 0.072329740444 0.076913128172 0.081538737093 0.086200708704 0.090894187571 0.095615120793 0.100360102722 0.105126253666 0.109911124352 0.114712620096 0.119528940175 0.124358529006 0.129200036588 0.134052286234 0.134052286234 0.513054587099 0.511041441693 0.507749126054 0.503115829534 0.498489367521 0.493869923625 0.489257687767 0.484652856442 0.480055632985 0.475466227861 0.470884858957 0.466311751899 0.461747140373 0.457191266471 0.452644381046 0.448106744091 0.443578625127 0.439060303623 0.434552069420 0.430054223190 0.425567076910 0.421090954358 0.416626191639 0.412173137731 0.407732155060 0.403303620107 0.398887924033 0.394485473351 0.390096690618 0.385722015167 0.381361903871 0.377016831950 0.372687293812 0.368373803936 0.364076897804 0.359797132867 0.355535089566 0.351291372403 0.347066611054 0.342861461545 0.338676607476 0.334512761307 0.330370665699 0.326251094919 0.322154856307 0.318082791808 0.314035779570 0.310014735612 0.306020615558 0.302054416444 0.298117178597 0.294209987581 0.290333976217 0.286490326674 0.282680272628 0.278905101485 0.275166156671 0.271464839982 0.267802613981 0.264181004450 0.260601602878 0.257066068972 0.253576133194 0.250133599292 0.246740346822 0.243398333627 0.240109598273 0.236876262387 0.233700532899 0.230584704123 0.227531159677 0.224542374166 0.221620914609 0.218769441560 0.215990709860 0.213287568987 0.210662962943 0.208119929631 0.205661599685 0.203291194718 0.201012024979 0.198827486436 0.196741057352 0.194756294494 0.192876829223 0.191106363893 0.189448669269 0.187907584132 0.186487019018 0.185190967484 0.184023530893 0.182988968202 0.182091794233 0.181336980062 0.180730397729 0.180279983045 0.180000000000 0.180279983045 0.180730397729 
0.302933481675 0.301045285167 0.299227001226 0.297480108411 0.295806091400 0.294206439524 0.292682645486 0.291236204364 0.289868613004 0.288581369749 0.287375973261 0.286253911938 0.285216590197 0.284264837398 0.283395493708 0.282576589149 0.281595891567 0.279726876205 0.276195194945 0.271409693588 0.266435846958 0.261462975302 0.256491133579 0.251520380922 0.246550781034 0.241582402640 0.236615319980 0.231649613376 0.226685369861 0.221722683882 0.216761658107 0.211802404326 0.206845044479 0.201889711819 0.196936552247 0.191985725827 0.187037408529 0.182091794233 0.177149097037 0.172209553932 0.167273427904 0.162341011548 0.157412631299 0.152488652400 0.147569484753 0.142655589854 0.137747489038 0.132845773337 0.127951115320 0.123064283388 0.118186159143 0.113317758590 0.108460258223 0.103615027284 0.098783667982 0.093968065993 0.089170454377 0.084393495188 0.079640384619 0.074914989806 0.070222028730 0.065567309478 0.060958052410 0.056403329783 0.051914674486 0.047506936584 0.043199510225 0.039018126900 0.034997538561 0.031185648369 0.027650114463 0.024489530116 0.021854511497 0.020000000000 0.021854511497 0.024489530116 0.027650114463 0.031185648369 0.034997538561 0.039018126900 0.043199510225 0.047506936584 0.051914674486 0.056403329783 0.060958052410 0.065567309478 0.070222028730 0.074914989806 0.079640384619 0.084393495188 0.089170454377 0.093968065993 0.098783667982 0.103615027284 0.108460258223 0.113317758590 0.118186159143 0.123064283388 0.127951115320 0.132845773337 0.132845773337 0.515092088239 0.510526062712 0.505869614586 0.501219557074 0.496576061981 0.491939307041 0.487309476161 0.482686759677 0.478071354626 0.473463465027 0.468863302173 0.464271084945 0.459687040136 0.455111402790 0.450544416556 0.445986334070 0.441437417341 0.436897938165 0.432368178558 0.427848431210 0.423338999959 0.418840200293 0.414352359875 0.409875819094 0.405410931641 0.400958065122 0.396517601693 0.392089938729 0.387675489533 0.383274684072 0.378887969757 0.374515812257 0.370158696356 0.365817126857 0.361491629524 0.357182752079 0.352891065240 0.348617163820 0.344361667874 0.340125223905 0.335908506127 0.331712217793 0.327537092586 0.323383896071 0.319253427226 0.315146520031 0.311064045146 0.307006911649 0.302976068860 0.298972508247 0.294997265399 0.291051422099 0.287136108460 0.283252505159 0.279401845743 0.275585419018 0.271804571515 0.268060710032 0.264355304246 0.260689889387 0.257066068972 0.253485517580 0.249949983674 0.246461292433 0.243021348595 0.239632139292 0.236295736837 0.233014301459 0.229790083942 0.226625428140 0.223522773323 0.220484656327 0.217513713439 0.214612681988 0.211784401571 0.209031814869 0.206357967987 0.203766010262 0.201259193491 0.198840870538 0.196514493283 0.194283609933 0.192151861737 0.190122979235 0.188200778270 0.186389156187 0.184692088922 0.183113630152 0.181657914503 0.180329168249 0.179131733673 0.178070118858 0.177149097037 0.176373910661 0.175750726393 0.175287828251 0.175000000000 0.175287828251 0.175750726393 
0.307574236550 0.305713216887 0.303921454218 0.302200375746 0.300551413560 0.298976003266 0.297475582755 0.296051591065 0.294705466654 0.293438641185 0.292252507043 0.291148234308 0.290125684291 0.289176581986 0.288241293209 0.287009129583 0.284695564088 0.280772296283 0.275882807877 0.270898959113 0.265915705159 0.260933079193 0.255951116892 0.250969856665 0.245989339920 0.241009611361 0.236030719321 0.231052716134 0.226075658556 0.221099608236 0.216124632254 0.211150803726 0.206178202493 0.201206915909 0.196237039734 0.191268679164 0.186301950010 0.181336980062 0.176373910661 0.171412898530 0.166454117897 0.161497762992 0.156544050961 0.151593225317 0.146645560018 0.141701364316 0.136760988562 0.131824831177 0.126893347067 0.121967057868 0.117046564450 0.112132562327 0.107225860741 0.102327406495 0.097438313946 0.092559903081 0.087693748274 0.082841741370 0.078006174149 0.073189847395 0.068396216941 0.063629591934 0.058895408043 0.054200610184 0.049554198564 0.044968023792 0.040457971700 0.036045776078 0.031761878943 0.027650114463 0.023775749150 0.020240215244 0.017211152034 0.015000000000 0.017211152034 0.020240215244 0.023775749150 0.027650114463 0.031761878943 0.036045776078 0.040457971700 0.044968023792 0.049554198564 0.054200610184 0.058895408043 0.063629591934 0.068396216941 0.073189847395 0.078006174149 0.082841741370 0.087693748274 0.092559903081 0.097438313946 0.102327406495 0.107225860741 0.112132562327 0.117046564450 0.121967057868 0.126893347067 0.131824831177 0.131824831177 0.513383331246 0.508704664665 0.504031962515 0.499365385204 0.494705098693 0.490051274727 0.485404091079 0.480763731799 0.476130387487 0.471504255564 0.466885540575 0.462274454486 0.457671217012 0.453076055953 0.448489207552 0.443910916861 0.439341438140 0.434781035261 0.430229982144 0.425688563207 0.421157073845 0.416635820928 0.412125123329 0.407625312476 0.403136732933 0.398659743011 0.394194715411 0.389742037901 0.385302114026 0.380875363852 0.376462224760 0.372063152267 0.367678620896 0.363309125097 0.358955180202 0.354617323444 0.350296115018 0.345992139200 0.341706005529 0.337438350038 0.333189836559 0.328961158088 0.324753038220 0.320566232657 0.316401530787 0.312259757344 0.308141774148 0.304048481927 0.299980822224 0.295939779392 0.291926382685 0.287941708429 0.283986882301 0.280063081691 0.276171538165 0.272313540023 0.268490434946 0.264703632737 0.260954608153 0.257244903815 0.253576133194 0.249949983674 0.246368219665 0.242832685759 0.239345309926 0.235908106712 0.232523180428 0.229192728300 0.225919043558 0.222704518412 0.219551646894 0.216463027508 0.213441365650 0.210489475725 0.207610282927 0.204806824591 0.202082251071 0.199439826068 0.196882926349 0.194415040801 0.192039768769 0.189760817695 0.187582000055 0.185507229734 0.183540518038 0.181685969746 0.179947779920 0.178330232620 0.176837703575 0.175474670289 0.174245735926 0.173155679032 0.172209553932 0.171412898530 0.170772199974 0.170296119635 0.170000000000 0.170296119635 0.170772199974 
0.312225521819 0.310390979547 0.308625041696 0.306929086263 0.305304494980 0.303752651877 0.302274941472 0.300872744655 0.299547422786 0.298300241640 0.297131977537 0.296040754507 0.295009616248 0.293938537984 0.292414144638 0.289659637251 0.285419966379 0.280472720547 0.275481246556 0.270490082571 0.265499245689 0.260508754281 0.255518628111 0.250528888470 0.245539558328 0.240550662500 0.235562227832 0.230574283419 0.225586860835 0.220599994409 0.215613721526 0.210628082975 0.205643123339 0.200658891453 0.195675440908 0.190692830650 0.185711125658 0.180730397729 0.175750726393 0.170772199974 0.165794916828 0.160818986804 0.155844532951 0.150871693555 0.145900624543 0.140931502370 0.135964527476 0.130999928468 0.126037967197 0.121078944965 0.116123210164 0.111171167745 0.106223291046 0.101280136684 0.096342363477 0.091410756706 0.086486259560 0.081570014333 0.076663417060 0.071768190944 0.066886486487 0.062021020242 0.057175270528 0.052353759066 0.047562465409 0.042809452475 0.038105838669 0.033467360800 0.028916990041 0.024489530116 0.020240215244 0.016262178533 0.012726644627 0.010000000000 0.012726644627 0.016262178533 0.020240215244 0.024489530116 0.028916990041 0.033467360800 0.038105838669 0.042809452475 0.047562465409 0.052353759066 0.057175270528 0.062021020242 0.066886486487 0.071768190944 0.076663417060 0.081570014333 0.086486259560 0.091410756706 0.096342363477 0.101280136684 0.106223291046 0.111171167745 0.116123210164 0.121078944965 0.126037967197 0.130999928468 0.130999928468 0.511619789631 0.506925379805 0.502236675296 0.497553830723 0.492877006108 0.488206367104 0.483542085237 0.478884338152 0.474233309882 0.469589191115 0.464952179492 0.460322479907 0.455700304825 0.451085874619 0.446479417922 0.441881171996 0.437291383121 0.432710307002 0.428138209203 0.423575365592 0.419022062823 0.414478598832 0.409945283361 0.405422438516 0.400910399347 0.396409514459 0.391920146662 0.387442673646 0.382977488700 0.378525001464 0.374085638722 0.369659845241 0.365248084647 0.360850840358 0.356468616560 0.352101939232 0.347751357237 0.343417443461 0.339100796016 0.334802039506 0.330521826365 0.326260838258 0.322019787559 0.317799418906 0.313600510839 0.309423877516 0.305270370521 0.301140880762 0.297036340464 0.292957725257 0.288906056365 0.284882402904 0.280887884273 0.276923672671 0.272990995705 0.269091139122 0.265225449642 0.261395337909 0.257602281541 0.253847828288 0.250133599292 0.246461292433 0.242832685759 0.239249640992 0.235714107086 0.232228123825 0.228793825440 0.225413444213 0.222089314053 0.218823873983 0.215619671526 0.212479365925 0.209405731142 0.206401658602 0.203470159577 0.200614367182 0.197837537876 0.195143052414 0.192534416154 0.190015258673 0.187589332611 0.185260511739 0.183032788242 0.180910269314 0.178897173270 0.176997825537 0.175216655240 0.173558193533 0.172027075730 0.170628050815 0.169366004790 0.168246010276 0.167273427904 0.166454117897 0.165794916828 0.165304896022 0.165000000000 0.165304896022 0.165794916828 
0.316886901210 0.315078160717 0.313337375639 0.311665876669 0.310064996705 0.308536067889 0.307080412964 0.305699310601 0.304393837057 0.303164093703 0.302005239483 0.300886616218 0.299654697275 0.297804502083 0.294633647059 0.290153266606 0.285177693266 0.280180851754 0.275184123560 0.270187514858 0.265191032278 0.260194682944 0.255198474526 0.250202415293 0.245206514168 0.240210780799 0.235215225629 0.230219859984 0.225224696164 0.220229747552 0.215235028735 0.210240555640 0.205246345694 0.200252418001 0.195258793551 0.190265495453 0.185272549212 0.180279983045 0.175287828251 0.170296119635 0.165304896022 0.160314200838 0.155324082820 0.150334596842 0.145345804909 0.140357777346 0.135370594236 0.130384347160 0.125399141320 0.120415098162 0.115432358602 0.110451087074 0.105471476602 0.100493755255 0.095518194407 0.090545119447 0.085574923798 0.080608087519 0.075645202313 0.070687005667 0.065734428236 0.060788660837 0.055851251183 0.050924246878 0.046010412560 0.041113570061 0.036239150945 0.031395133507 0.026593716789 0.021854511497 0.017211152034 0.012726644627 0.008535533906 0.005000000000 0.008535533906 0.012726644627 0.017211152034 0.021854511497 0.026593716789 0.031395133507 0.036239150945 0.041113570061 0.046010412560 0.050924246878 0.055851251183 0.060788660837 0.065734428236 0.070687005667 0.075645202313 0.080608087519 0.085574923798 0.090545119447 0.095518194407 0.100493755255 0.105471476602 0.110451087074 0.115432358602 0.120415098162 0.125399141320 0.130384347160 0.130384347160 0.509898593425 0.505188701933 0.500484257907 0.495785410095 0.491092312493 0.486405124571 0.481724011504 0.477049144423 0.472380700673 0.467718864082 0.463063825248 0.458415781842 0.453774938918 0.449141509247 0.444515713667 0.439897781445 0.435287950668 0.430686468641 0.426093592323 0.421509588766 0.416934735595 0.412369321505 0.407813646781 0.403268023855 0.398732777886 0.394208247373 0.389694784805 0.385192757337 0.380702547512 0.376224554020 0.371759192493 0.367306896354 0.362868117700 0.358443328244 0.354033020305 0.349637707849 0.345257927595 0.340894240174 0.336547231356 0.332217513346 0.327905726147 0.323612538999 0.319338651897 0.315084797194 0.310851741282 0.306640286375 0.302451272379 0.298285578861 0.294144127126 0.290027882395 0.285937856099 0.281875108287 0.277840750149 0.273835946666 0.269861919383 0.265919949306 0.262011379931 0.258137620398 0.254300148779 0.250500515490 0.246740346822 0.243021348595 0.239345309926 0.235714107086 0.232129707456 0.228594173550 0.225109667087 0.221678453092 0.218302903992 0.214985503675 0.211728851468 0.208535665983 0.205408788790 0.202351187831 0.199365960533 0.196456336517 0.193625679843 0.190877490685 0.188215406362 0.185643201635 0.183164788188 0.180784213266 0.178505657428 0.176333431507 0.174271972929 0.172325841764 0.170499717170 0.168798395399 0.167226791438 0.165789947898 0.164493057808 0.163341514020 0.162341011548 0.161497762992 0.160818986804 0.160314200838 0.160000000000 0.160314200838 0.160818986804 
0.321557961160 0.319774369575 0.318058088025 0.316410400381 0.314832587101 0.313325908031 0.311891533106 0.310530238510 0.309241000154 0.308014211702 0.306799158042 0.305378473400 0.303182290563 0.299638833834 0.294987465537 0.290000000000 0.285000000000 0.280000000000 0.275000000000 0.270000000000 0.265000000000 0.260000000000 0.255000000000 0.250000000000 0.245000000000 0.240000000000 0.235000000000 0.230000000000 0.225000000000 0.220000000000 0.215000000000 0.210000000000 0.205000000000 0.200000000000 0.195000000000 0.190000000000 0.185000000000 0.180000000000 0.175000000000 0.170000000000 0.165000000000 0.160000000000 0.155000000000 0.150000000000 0.145000000000 0.140000000000 0.135000000000 0.130000000000 0.125000000000 0.120000000000 0.115000000000 0.110000000000 0.105000000000 0.100000000000 0.095000000000 0.090000000000 0.085000000000 0.080000000000 0.075000000000 0.070000000000 0.065000000000 0.060000000000 0.055000000000 0.050000000000 0.045000000000 0.040000000000 0.035000000000 0.030000000000 0.025000000000 0.020000000000 0.015000000000 0.010000000000 0.005000000000 0.000000000000 0.005000000000 0.010000000000 0.015000000000 0.020000000000 0.025000000000 0.030000000000 0.035000000000 0.040000000000 0.045000000000 0.050000000000 0.055000000000 0.060000000000 0.065000000000 0.070000000000 0.075000000000 0.080000000000 0.085000000000 0.090000000000 0.095000000000 0.100000000000 0.105000000000 0.110000000000 0.115000000000 0.120000000000 0.125000000000 0.130000000000 0.130000000000 0.508220224534 0.503495123943 0.498775214538 0.494060639125 0.489351545600 0.484648087162 0.479950422549 0.475258716276 0.470573138891 0.465893867243 0.461221084763 0.456554981758 0.451895755721 0.447243611660 0.442598762442 0.437961429152 0.433331841478 0.428710238108 0.424096867157 0.419491986608 0.414895864785 0.410308780846 0.405731025304 0.401162900580 0.396604721579 0.392056816304 0.387519526504 0.382993208354 0.378478233172 0.373974988186 0.369483877331 0.365005322097 0.360539762428 0.356087657664 0.351649487545 0.347225753263 0.342816978581 0.338423711012 0.334046523065 0.329686013564 0.325342809038 0.321017565195 0.316710968477 0.312423737697 0.308156625780 0.303910421590 0.299685951870 0.295484083274 0.291305724527 0.287151828693 0.283023395564 0.278921474184 0.274847165497 0.270801625135 0.266786066345 0.262801763065 0.258850053140 0.254932341692 0.251050104646 0.247204892395 0.243398333627 0.239632139292 0.235908106712 0.232228123825 0.228594173550 0.225008338263 0.221472804357 0.217989866876 0.214561934179 0.211191532616 0.207881311155 0.204634045933 0.201452644660 0.198340150811 0.195299747542 0.192334761237 0.189448664599 0.186645079190 0.183927777316 0.181300683150 0.178767873015 0.176333574740 0.174002166055 0.171778172071 0.169666261964 0.167671245223 0.165798068073 0.164051811260 0.162437691246 0.160961068516 0.159627469775 0.158442637127 0.157412631299 0.156544050961 0.155844532951 0.155324082820 0.155000000000 0.155324082820 0.155844532951 
0.326238308932 0.324479233965 0.322786824125 0.321162307304 0.319606871483 0.318121540327 0.316706651324 0.315359566863 0.314064349638 0.312747041870 0.311134491531 0.308643531166 0.304856791436 0.300145523365 0.295171263046 0.290174642341 0.285177693266 0.280180851754 0.275184123560 0.270187514858 0.265191032278 0.260194682944 0.255198474526 0.250202415293 0.245206514168 0.240210780799 0.235215225629 0.230219859984 0.225224696164 0.220229747552 0.215235028735 0.210240555640 0.205246345694 0.200252418001 0.195258793551 0.190265495453 0.185272549212 0.180279983045 0.175287828251 0.170296119635 0.165304896022 0.160314200838 0.155324082820 0.150334596842 0.145345804909 0.140357777346 0.135370594236 0.130384347160 0.125399141320 0.120415098162 0.115432358602 0.110451087074 0.105471476602 0.100493755255 0.095518194407 0.090545119447 0.085574923798 0.080608087519 0.075645202313 0.070687005667 0.065734428236 0.060788660837 0.055851251183 0.050924246878 0.046010412560 0.041113570061 0.036239150945 0.031395133507 0.026593716789 0.021854511497 0.017211152034 0.012726644627 0.008535533906 0.005000000000 0.008535533906 0.012726644627 0.017211152034 0.021854511497 0.026593716789 0.031395133507 0.036239150945 0.041113570061 0.046010412560 0.050924246878 0.055851251183 0.060788660837 0.065734428236 0.070687005667 0.075645202313 0.080608087519 0.085574923798 0.090545119447 0.095518194407 0.100493755255 0.105471476602 0.110451087074 0.115432358602 0.120415098162 0.125399141320 0.130384347160 0.130384347160 0.506585163555 0.501845137517 0.497110048275 0.492380032636 0.487655232326 0.482935794203 0.478221870483 0.473513618980 0.468811203350 0.464114793356 0.459424565144 0.454740701533 0.450063392318 0.445392834596 0.440729233100 0.436072800558 0.431423758070 0.426782335501 0.422148771900 0.417523315942 0.412906226391 0.408297772590 0.403698234980 0.399107905643 0.394527088885 0.389956101837 0.385395275107 0.380844953455 0.376305496511 0.371777279542 0.367260694249 0.362756149618 0.358264072823 0.353784910176 0.349319128130 0.344867214350 0.340429678838 0.336007055125 0.331599901540 0.327208802542 0.322834370140 0.318477245392 0.314138099992 0.309817637951 0.305516597373 0.301235752344 0.296975914914 0.292737937214 0.288522713676 0.284331183394 0.280164332606 0.276023197330 0.271908866129 0.267822483042 0.263765250665 0.259738433396 0.255743360845 0.251781431424 0.247854116107 0.243962962361 0.240109598273 0.236295736837 0.232523180428 0.228793825440 0.225109667087 0.221472804357 0.217885445091 0.214349911185 0.210868643871 0.207444209054 0.204079302662 0.200776755960 0.197539540772 0.194370774542 0.191273725161 0.188251815462 0.185308627297 0.182447905078 0.179673558675 0.176989665541 0.174400471968 0.171910393357 0.169524013450 0.167246082520 0.165081514621 0.163035384206 0.161112922702 0.159319516195 0.157660706286 0.156142197860 0.154769880702 0.153549878397 0.152488652400 0.151593225317 0.150871693555 0.150334596842 0.150000000000 0.150334596842 0.150871693555 
0.330927568361 0.329192389407 0.327523208235 0.325921126601 0.324386969207 0.322920454377 0.321516736478 0.320151789294 0.318725393777 0.316915789528 0.314155075314 0.310170596225 0.305409496320 0.300440138483 0.295448825837 0.290456535892 0.285464488614 0.280472720547 0.275481246556 0.270490082571 0.265499245689 0.260508754281 0.255518628111 0.250528888470 0.245539558328 0.240550662500 0.235562227832 0.230574283419 0.225586860835 0.220599994409 0.215613721526 0.210628082975 0.205643123339 0.200658891453 0.195675440908 0.190692830650 0.185711125658 0.180730397729 0.175750726393 0.170772199974 0.165794916828 0.160818986804 0.155844532951 0.150871693555 0.145900624543 0.140931502370 0.135964527476 0.130999928468 0.126037967197 0.121078944965 0.116123210164 0.111171167745 0.106223291046 0.101280136684 0.096342363477 0.091410756706 0.086486259560 0.081570014333 0.076663417060 0.071768190944 0.066886486487 0.062021020242 0.057175270528 0.052353759066 0.047562465409 0.042809452475 0.038105838669 0.033467360800 0.028916990041 0.024489530116 0.020240215244 0.016262178533 0.012726644627 0.010000000000 0.012726644627 0.016262178533 0.020240215244 0.024489530116 0.028916990041 0.033467360800 0.038105838669 0.042809452475 0.047562465409 0.052353759066 0.057175270528 0.062021020242 0.066886486487 0.071768190944 0.076663417060 0.081570014333 0.086486259560 0.091410756706 0.096342363477 0.101280136684 0.106223291046 0.111171167745 0.116123210164 0.121078944965 0.126037967197 0.130999928468 0.130999928468 0.504993889485 0.500239232829 0.495489260796 0.490744104145 0.486003898380 0.481268783954 0.476538906496 0.471814417038 0.467095472262 0.462382234751 0.457674873266 0.452973563024 0.448278486001 0.443589831244 0.438907795210 0.434232582109 0.429564404276 0.424903482564 0.420250046753 0.415604335985 0.410966599220 0.406337095725 0.401716095584 0.397103880238 0.392500743057 0.387906989947 0.383322939985 0.378748926103 0.374185295794 0.369632411881 0.365090653311 0.360560416011 0.356042113783 0.351536179263 0.347043064929 0.342563244174 0.338097212440 0.333645488426 0.329208615361 0.324787162362 0.320381725866 0.315992931161 0.311621433994 0.307267922290 0.302933117970 0.298617778877 0.294322700823 0.290048719757 0.285796714063 0.281567606994 0.277362369255 0.273182021734 0.269027638392 0.264900349329 0.260801344008 0.256731874680 0.252693259983 0.248686888745 0.244714223986 0.240776807122 0.236876262387 0.233014301459 0.229192728300 0.225413444213 0.221678453092 0.217989866876 0.214349911185 0.210760931123 0.207225397217 0.203745911477 0.200325213521 0.196966186734 0.193671864391 0.190445435686 0.187290251580 0.184209830378 0.181207862931 0.178288217346 0.175454943067 0.172712274205 0.170064631968 0.167516626074 0.165073055050 0.162738905375 0.160519349529 0.158419743214 0.156445622294 0.154602700565 0.152896870419 0.151334210171 0.149921005124 0.148663796185 0.147569484753 0.146645560018 0.145900624543 0.145345804909 0.145000000000 0.145345804909 0.145900624543 
0.335625362118 0.333913423505 0.332266657873 0.330685618488 0.329169169658 0.327709526260 0.326272588372 0.324729256663 0.322717592556 0.319707219006 0.315558975828 0.310760115198 0.305794990085 0.300809872779 0.295823561863 0.290837624347 0.285852168341 0.280867220555 0.275882807877 0.270898959113 0.265915705159 0.260933079193 0.255951116892 0.250969856665 0.245989339920 0.241009611361 0.236030719321 0.231052716134 0.226075658556 0.221099608236 0.216124632254 0.211150803726 0.206178202493 0.201206915909 0.196237039734 0.191268679164 0.186301950010 0.181336980062 0.176373910661 0.171412898530 0.166454117897 0.161497762992 0.156544050961 0.151593225317 0.146645560018 0.141701364316 0.136760988562 0.131824831177 0.126893347067 0.121967057868 0.117046564450 0.112132562327 0.107225860741 0.102327406495 0.097438313946 0.092559903081 0.087693748274 0.082841741370 0.078006174149 0.073189847395 0.068396216941 0.063629591934 0.058895408043 0.054200610184 0.049554198564 0.044968023792 0.040457971700 0.036045776078 0.031761878943 0.027650114463 0.023775749150 0.020240215244 0.017211152034 0.015000000000 0.017211152034 0.020240215244 0.023775749150 0.027650114463 0.031761878943 0.036045776078 0.040457971700 0.044968023792 0.049554198564 0.054200610184 0.058895408043 0.063629591934 0.068396216941 0.073189847395 0.078006174149 0.082841741370 0.087693748274 0.092559903081 0.097438313946 0.102327406495 0.107225860741 0.112132562327 0.117046564450 0.121967057868 0.126893347067 0.131824831177 0.131824831177 0.503446879439 0.498677898244 0.493913352054 0.489153365544 0.484398067949 0.479647593270 0.474902080492 0.470161673804 0.465426522840 0.460696782928 0.455972615351 0.451254187630 0.446541673812 0.441835254779 0.437135118575 0.432441460750 0.427754484720 0.423074402152 0.418401433367 0.413735807767 0.409077764289 0.404427551879 0.399785429999 0.395151669159 0.390526551486 0.385910371317 0.381303435839 0.376706065753 0.372118595992 0.367541376469 0.362974772880 0.358419167549 0.353874960327 0.349342569548 0.344822433037 0.340315009187 0.335820778101 0.331340242798 0.326873930506 0.322422394025 0.317986213179 0.313565996362 0.309162382176 0.304776041172 0.300407677708 0.296058031914 0.291727881783 0.287418045400 0.283129383300 0.278862800983 0.274619251577 0.270399738669 0.266205319313 0.262037107219 0.257896276128 0.253784063402 0.249701773812 0.245650783557 0.241632544502 0.237648588657 0.233700532899 0.229790083942 0.225919043558 0.222089314053 0.218302903992 0.214561934179 0.210868643871 0.207225397217 0.203634689908 0.200099156002 0.196621574898 0.193204878410 0.189852157882 0.186566671288 0.183351850227 0.180211306719 0.177148839691 0.174168441033 0.171274301069 0.168470813303 0.165762578276 0.163154406380 0.160651319498 0.158258551388 0.155981546831 0.153825959742 0.151797650747 0.149902685297 0.148147334342 0.146538081368 0.145081643009 0.143785017394 0.142655589854 0.141701364316 0.140931502370 0.140357777346 0.140000000000 0.140357777346 0.140931502370 
0.340331224857 0.338641592979 0.337015427729 0.335450440554 0.333935029495 0.332422885317 0.330754279191 0.328537423894 0.325297383410 0.321014314516 0.316188187567 0.311227936304 0.306249870072 0.301270604644 0.296291877281 0.291313857528 0.286336589004 0.281360110669 0.276384464044 0.271409693588 0.266435846958 0.261462975302 0.256491133579 0.251520380922 0.246550781034 0.241582402640 0.236615319980 0.231649613376 0.226685369861 0.221722683882 0.216761658107 0.211802404326 0.206845044479 0.201889711819 0.196936552247 0.191985725827 0.187037408529 0.182091794233 0.177149097037 0.172209553932 0.167273427904 0.162341011548 0.157412631299 0.152488652400 0.147569484753 0.142655589854 0.137747489038 0.132845773337 0.127951115320 0.123064283388 0.118186159143 0.113317758590 0.108460258223 0.103615027284 0.098783667982 0.093968065993 0.089170454377 0.084393495188 0.079640384619 0.074914989806 0.070222028730 0.065567309478 0.060958052410 0.056403329783 0.051914674486 0.047506936584 0.043199510225 0.039018126900 0.034997538561 0.031185648369 0.027650114463 0.024489530116 0.021854511497 0.020000000000 0.021854511497 0.024489530116 0.027650114463 0.031185648369 0.034997538561 0.039018126900 0.043199510225 0.047506936584 0.051914674486 0.056403329783 0.060958052410 0.065567309478 0.070222028730 0.074914989806 0.079640384619 0.084393495188 0.089170454377 0.093968065993 0.098783667982 0.103615027284 0.108460258223 0.113317758590 0.118186159143 0.123064283388 0.127951115320 0.132845773337 0.132845773337 0.501944608372 0.497161620033 0.492382819983 0.487608326782 0.482838263368 0.478072757255 0.473311940739 0.468555951117 0.463804930919 0.459059028151 0.454318396550 0.449583195856 0.444853592095 0.440129757881 0.435411872736 0.430700123420 0.425994704292 0.421295817677 0.416603674271 0.411918493552 0.407240504226 0.402569944696 0.397907063560 0.393252120132 0.388605385004 0.383967140632 0.379337681964 0.374717317104 0.370106368013 0.365505171258 0.360914078806 0.356333458862 0.351763696766 0.347205195944 0.342658378915 0.338123688366 0.333601588293 0.329092565216 0.324597129470 0.320115816581 0.315649188727 0.311197836297 0.306762379551 0.302343470382 0.297941794203 0.293558071945 0.289193062194 0.284847563461 0.280522416608 0.276218507423 0.271936769364 0.267678186488 0.263443796557 0.259234694352 0.255052035193 0.250897038686 0.246770992695 0.242675257571 0.238611270628 0.234580550891 0.230584704123 0.226625428140 0.222704518412 0.218823873983 0.214985503675 0.211191532616 0.207444209054 0.203745911477 0.200099156002 0.196506604030 0.192971070124 0.189495530077 0.186083129116 0.182737190182 0.179461222197 0.176258928232 0.173134213452 0.170091192713 0.167134197647 0.164267783082 0.161496732597 0.158826063041 0.156261027848 0.153807119006 0.151470067662 0.149255843483 0.147170653238 0.145220939573 0.143413381991 0.141754903835 0.140252692603 0.138914248109 0.137747489038 0.136760988562 0.135964527476 0.135370594236 0.135000000000 0.135370594236 0.135964527476 
0.345044186610 0.343374458633 0.341762012442 0.340190410217 0.338598968230 0.336796837415 0.334374329822 0.330925383109 0.326532473960 0.321687419643 0.316732933848 0.311762697286 0.306791376465 0.301820785874 0.296851147999 0.291882524823 0.286914968330 0.281948533255 0.276983278089 0.272019265424 0.267056562312 0.262095240669 0.257135377716 0.252177056479 0.247220366332 0.242265403615 0.237312272316 0.232361084838 0.227411962859 0.222465038298 0.217520454400 0.212578366969 0.207638945750 0.202702376012 0.197768860338 0.192838620664 0.187911900619 0.182988968202 0.178070118858 0.173155679032 0.168246010276 0.163341514020 0.158442637127 0.153549878397 0.148663796185 0.143785017394 0.138914248109 0.134052286234 0.129200036588 0.124358529006 0.119528940175 0.114712620096 0.109911124352 0.105126253666 0.100360102722 0.095615120793 0.090894187571 0.086200708704 0.081538737093 0.076913128172 0.072329740444 0.067795696848 0.063319728827 0.058912634035 0.054587892173 0.050362503765 0.046258148022 0.042302805454 0.038533072467 0.034997538561 0.031761878943 0.028916990041 0.026593716789 0.025000000000 0.026593716789 0.028916990041 0.031761878943 0.034997538561 0.038533072467 0.042302805454 0.046258148022 0.050362503765 0.054587892173 0.058912634035 0.063319728827 0.067795696848 0.072329740444 0.076913128172 0.081538737093 0.086200708704 0.090894187571 0.095615120793 0.100360102722 0.105126253666 0.109911124352 0.114712620096 0.119528940175 0.124358529006 0.129200036588 0.134052286234 0.134052286234 0.500487548816 0.495690882097 0.490898160200 0.486109495561 0.481325004802 0.476544808926 0.471769033511 0.466997808928 0.462231270562 0.457469559049 0.452712820521 0.447961206873 0.443214876035 0.438473992271 0.433738726482 0.429009256535 0.424285767609 0.419568452558 0.414857512301 0.410153156229 0.405455602637 0.400765079186 0.396081823388 0.391406083121 0.386738117175 0.382078195835 0.377426601495 0.372783629311 0.368149587896 0.363524800057 0.358909603581 0.354304352065 0.349709415808 0.345125182746 0.340552059466 0.335990472266 0.331440868299 0.326903716785 0.322379510299 0.317868766156 0.313372027875 0.308889866745 0.304422883502 0.299971710104 0.295537011643 0.291119488367 0.286719877857 0.282338957334 0.277977546136 0.273636508353 0.269316755645 0.265019250251 0.260745008194 0.256495102710 0.252270667899 0.248072902626 0.243903074671 0.239762525156 0.235652673257 0.231575021219 0.227531159677 0.223522773323 0.219551646894 0.215619671526 0.211728851468 0.207881311155 0.204079302662 0.200325213521 0.196621574898 0.192971070124 0.189376543538 0.185841009632 0.182367662436 0.178959885089 0.175621259520 0.172355576141 0.169166843444 0.166059297354 0.163037410181 0.160105898989 0.157269733173 0.154534141041 0.151904615173 0.149386916408 0.146987076329 0.144711398342 0.142566457692 0.140559101353 0.138696449704 0.136985903792 0.135435165610 0.134052286234 0.132845773337 0.131824831177 0.130999928468 0.130384347160 0.130000000000 0.130384347160 0.130999928468 
0.349760878157 0.348101715460 0.346472899054 0.344797325323 0.342854046340 0.340228344476 0.336591758263 0.332110350994 0.327252794910 0.322304953185 0.317343234499 0.312380620962 0.307418950847 0.302458492159 0.297499325828 0.292541517290 0.287585134644 0.282630250477 0.277676942327 0.272725293115 0.267775391610 0.262827332957 0.257881219242 0.252937160138 0.247995273613 0.243055686717 0.238118536464 0.233183970817 0.228252149788 0.223323246672 0.218397449438 0.213474962292 0.208556007442 0.203640827094 0.198729685722 0.193822872644 0.188920704957 0.184023530893 0.179131733673 0.174245735926 0.169366004790 0.164493057808 0.159627469775 0.154769880702 0.149921005124 0.145081643009 0.140252692603 0.135435165610 0.130630205190 0.125839107428 0.121063347013 0.116304608141 0.111564821852 0.106846211403 0.102151347679 0.097483217271 0.092845306583 0.088241706404 0.083677242757 0.079157641721 0.074689738529 0.070281744764 0.065943592419 0.061687380507 0.057527959631 0.053483704033 0.049577541096 0.045838339360 0.042302805454 0.039018126900 0.036045776078 0.033467360800 0.031395133507 0.030000000000 0.031395133507 0.033467360800 0.036045776078 0.039018126900 0.042302805454 0.045838339360 0.049577541096 0.053483704033 0.057527959631 0.061687380507 0.065943592419 0.070281744764 0.074689738529 0.079157641721 0.083677242757 0.088241706404 0.092845306583 0.097483217271 0.102151347679 0.106846211403 0.111564821852 0.116304608141 0.121063347013 0.125839107428 0.130630205190 0.135435165610 0.135435165610 0.499076170630 0.494266165699 0.489459865733 0.484657377045 0.479858809937 0.475064278890 0.470273902753 0.465487804951 0.460706113697 0.455928962224 0.451156489022 0.446388838091 0.441626159214 0.436868608234 0.432116347359 0.427369545475 0.422628378484 0.417893029657 0.413163690013 0.408440558712 0.403723843485 0.399013761074 0.394310537711 0.389614409621 0.384925623559 0.380244437374 0.375571120615 0.370905955175 0.366249235969 0.361601271662 0.356962385442 0.352332915841 0.347713217611 0.343103662659 0.338504641038 0.333916562011 0.329339855179 0.324774971691 0.320222385528 0.315682594885 0.311156123633 0.306643522893 0.302145372714 0.297662283865 0.293194899752 0.288743898471 0.284309995002 0.279893943558 0.275496540096 0.271118625006 0.266761085990 0.262424861144 0.258110942255 0.253820378326 0.249554279357 0.245313820383 0.241100245794 0.236914873954 0.232759102133 0.228634411786 0.224542374166 0.220484656327 0.216463027508 0.212479365925 0.208535665983 0.204634045933 0.200776755960 0.196966186734 0.193204878410 0.189495530077 0.185841009632 0.182244364075 0.178708830169 0.175237845419 0.171835059305 0.168504344677 0.165249809196 0.162075806685 0.158986948216 0.155988112755 0.153084457115 0.150281425001 0.147584754883 0.145000486470 0.142534965627 0.140194847710 0.137987099601 0.135919001265 0.133998148661 0.132232461766 0.130630205190 0.129200036588 0.127951115320 0.126893347067 0.126037967197 0.125399141320 0.125000000000 0.125399141320 0.126037967197 
0.354467449922 0.352779794087 0.351014693420 0.348923735760 0.346100132228 0.342297116792 0.337745174228 0.332880029666 0.327939625356 0.322987023621 0.318033764096 0.313081676771 0.308131068652 0.303182039633 0.298234668709 0.293289037218 0.288345231603 0.283403344047 0.278463472963 0.273525723520 0.268590208231 0.263657047594 0.258726370803 0.253798316538 0.248873033839 0.243950683081 0.239031437051 0.234115482157 0.229203019778 0.224294267772 0.219389462167 0.214488859066 0.209592736791 0.204701398298 0.199815173915 0.194934424446 0.190059544694 0.185190967484 0.180329168249 0.175474670289 0.170628050815 0.165789947898 0.160961068516 0.156142197860 0.151334210171 0.146538081368 0.141754903835 0.136985903792 0.132232461766 0.127496136834 0.122778695414 0.118082145632 0.113408778487 0.108761217413 0.104142478194 0.099556041748 0.095005942992 0.090496879863 0.086034347771 0.081624806303 0.077275887021 0.072996653914 0.068797931692 0.064692721914 0.060696733548 0.056829063466 0.053113075002 0.049577541096 0.046258148022 0.043199510225 0.040457971700 0.038105838669 0.036239150945 0.035000000000 0.036239150945 0.038105838669 0.040457971700 0.043199510225 0.046258148022 0.049577541096 0.053113075002 0.056829063466 0.060696733548 0.064692721914 0.068797931692 0.072996653914 0.077275887021 0.081624806303 0.086034347771 0.090496879863 0.095005942992 0.099556041748 0.104142478194 0.108761217413 0.113408778487 0.118082145632 0.122778695414 0.127496136834 0.132232461766 0.136985903792 0.136985903792 0.497710940774 0.492887949227 0.488068426766 0.483252473591 0.478440193696 0.473631695047 0.468827089764 0.464026494322 0.459230029755 0.454437821878 0.449650001516 0.444866704749 0.440088073171 0.435314254165 0.430545401188 0.425781674082 0.421023239397 0.416270270733 0.411522949107 0.406781463337 0.402046010454 0.397316796137 0.392594035171 0.387877951945 0.383168780966 0.378466767417 0.373772167749 0.369085250302 0.364406295980 0.359735598958 0.355073467441 0.350420224473 0.345776208798 0.341141775779 0.336517298380 0.331903168216 0.327299796666 0.322707616077 0.318127081036 0.313558669744 0.309002885475 0.304460258143 0.299931345983 0.295416737343 0.290917052611 0.286432946279 0.281965109153 0.277514270726 0.273081201722 0.268666716825 0.264271677609 0.259896995679 0.255543636046 0.251212620747 0.246905032730 0.242622020022 0.238364800208 0.234134665224 0.229932986507 0.225761220509 0.221620914609 0.217513713439 0.213441365650 0.209405731142 0.205408788790 0.201452644660 0.197539540772 0.193671864391 0.189852157882 0.186083129116 0.182367662436 0.178708830169 0.175109904654 0.171574370749 0.168105938756 0.164708557696 0.161386428804 0.158144019132 0.154986075077 0.151917635643 0.148944045183 0.146070965374 0.143304386117 0.140650635097 0.138116385750 0.135708663553 0.133434850786 0.131302690479 0.129320291268 0.127496136834 0.125839107428 0.124358529006 0.123064283388 0.121967057868 0.121078944965 0.120415098162 0.120000000000 0.120415098162 0.121078944965 
0.359108468070 0.357248105055 0.355004403404 0.351990732181 0.348041867413 0.343434301410 0.338565337338 0.333633062763 0.328690093903 0.323746735028 0.318804788188 0.313864593672 0.308926269956 0.303989909466 0.299055606442 0.294123460739 0.289193578652 0.284266073473 0.279341066069 0.274418685512 0.269499069787 0.264582366555 0.259668734007 0.254758341804 0.249851372119 0.244948020794 0.240048498625 0.235153032789 0.230261868440 0.225375270491 0.220493525607 0.215616944435 0.210745864124 0.205880651142 0.201021704473 0.196169459219 0.191324390683 0.186487019018 0.181657914503 0.176837703575 0.172027075730 0.167226791438 0.162437691246 0.157660706286 0.152896870419 0.148147334342 0.143413381991 0.138696449704 0.133998148661 0.129320291268 0.124664922261 0.120034355526 0.115431217843 0.110858501030 0.106319624359 0.101818509545 0.097359671190 0.092948326319 0.088590527532 0.084293325532 0.080064968271 0.075915145892 0.071855293114 0.067898963864 0.064062297008 0.060364597372 0.056829063466 0.053483704033 0.050362503765 0.047506936584 0.044968023792 0.042809452475 0.041113570061 0.040000000000 0.041113570061 0.042809452475 0.044968023792 0.047506936584 0.050362503765 0.053483704033 0.056829063466 0.060364597372 0.064062297008 0.067898963864 0.071855293114 0.075915145892 0.080064968271 0.084293325532 0.088590527532 0.092948326319 0.097359671190 0.101818509545 0.106319624359 0.110858501030 0.115431217843 0.120034355526 0.124664922261 0.129320291268 0.133998148661 0.138696449704 0.138696449704 0.496392323113 0.491556707985 0.486724330409 0.481895284504 0.477069667980 0.472247582308 0.467429132898 0.462614429288 0.457803585342 0.452996719460 0.448193954801 0.443395419513 0.438601246990 0.433811576127 0.429026551603 0.424246324172 0.419471050981 0.414700895896 0.409936029860 0.405176631260 0.400422886325 0.395674989551 0.390933144145 0.386197562500 0.381468466703 0.376746089076 0.372030672745 0.367322472252 0.362621754211 0.357928797996 0.353243896486 0.348567356856 0.343899501417 0.339240668524 0.334591213537 0.329951509850 0.325321950000 0.320702946842 0.316094934815 0.311498371297 0.306913738059 0.302341542814 0.297782320895 0.293236637043 0.288705087330 0.284188301225 0.279686943817 0.275201718196 0.270733368020 0.266282680272 0.261850488229 0.257437674653 0.253045175224 0.248673982239 0.244325148595 0.239999792066 0.235699099922 0.231424333888 0.227176835484 0.222958031778 0.218769441560 0.214612681988 0.210489475725 0.206401658602 0.202351187831 0.198340150811 0.194370774542 0.190445435686 0.186566671288 0.182737190182 0.178959885089 0.175237845419 0.171574370749 0.167972984972 0.164437451066 0.160971786413 0.157580278582 0.154267501449 0.151038331489 0.147897964042 0.144851929299 0.141906107727 0.139066744613 0.136340463377 0.133734277373 0.131255599945 0.128912252813 0.126712473341 0.124664922261 0.122778695414 0.121063347013 0.119528940175 0.118186159143 0.117046564450 0.116123210164 0.115432358602 0.115000000000 0.115432358602 0.116123210164 
0.363494930413 0.361095149565 0.357901366772 0.353826124049 0.349175173965 0.344305305767 0.339381755075 0.334448859163 0.329515860456 0.324584520922 0.319655209125 0.314728061448 0.309803183439 0.304880681763 0.299960669088 0.295043265138 0.290128597310 0.285216801293 0.280308021749 0.275402413049 0.270500140093 0.265601379205 0.260706319122 0.255815162088 0.250928125062 0.246045441057 0.241167360618 0.236294153477 0.231426110382 0.226563545143 0.221706796915 0.216856232748 0.212012250453 0.207175281809 0.202345796180 0.197524304590 0.192711364323 0.187907584132 0.183113630152 0.178330232620 0.173558193533 0.168798395399 0.164051811260 0.159319516195 0.154602700565 0.149902685297 0.145220939573 0.140559101353 0.135919001265 0.131302690479 0.126712473341 0.122150945683 0.117621039933 0.113126078397 0.108669836383 0.104256617213 0.099891341621 0.095579654616 0.091328053577 0.087144042205 0.083036316016 0.079014986313 0.075091851168 0.071280723780 0.067597830914 0.064062297008 0.060696733548 0.057527959631 0.054587892173 0.051914674486 0.049554198564 0.047562465409 0.046010412560 0.045000000000 0.046010412560 0.047562465409 0.049554198564 0.051914674486 0.054587892173 0.057527959631 0.060696733548 0.064062297008 0.067597830914 0.071280723780 0.075091851168 0.079014986313 0.083036316016 0.087144042205 0.091328053577 0.095579654616 0.099891341621 0.104256617213 0.108669836383 0.113126078397 0.117621039933 0.122150945683 0.126712473341 0.131302690479 0.135919001265 0.140559101353 0.140559101353 0.495120778255 0.490272914011 0.485428060511 0.480586305833 0.475747741443 0.470912462357 0.466080567308 0.461252158929 0.456427343941 0.451606233350 0.446788942667 0.441975592123 0.437166306914 0.432361217449 0.427560459617 0.422764175074 0.417972511534 0.413185623097 0.408403670581 0.403626821885 0.398855252367 0.394089145252 0.389328692063 0.384574093082 0.379825557836 0.375083305621 0.370347566057 0.365618579681 0.360896598576 0.356181887053 0.351474722362 0.346775395471 0.342084211887 0.337401492535 0.332727574703 0.328062813052 0.323407580699 0.318762270372 0.314127295663 0.309503092353 0.304890119852 0.300288862737 0.295699832404 0.291123568848 0.286560642580 0.282011656678 0.277477249014 0.272958094631 0.268454908326 0.263968447419 0.259499514742 0.255048961869 0.250617692599 0.246206666707 0.241816904009 0.237449488734 0.233105574262 0.228786388226 0.224493238031 0.220227516811 0.215990709860 0.211784401571 0.207610282927 0.203470159577 0.199365960533 0.195299747542 0.191273725161 0.187290251580 0.183351850227 0.179461222197 0.175621259520 0.171835059305 0.168105938756 0.164437451066 0.160833402160 0.157297868255 0.153835214141 0.150450112109 0.147147561347 0.143932907631 0.140811863053 0.137790525496 0.134875397499 0.132073404143 0.129391909562 0.126838731799 0.124422155902 0.122150945683 0.120034355526 0.118082145632 0.116304608141 0.114712620096 0.113317758590 0.112132562327 0.111171167745 0.110451087074 0.110000000000 0.110451087074 0.111171167745 
0.367195597379 0.363833296976 0.359649692219 0.354965318395 0.350096824147 0.345182502124 0.340260050849 0.335337795621 0.330417450920 0.325499409172 0.320583823806 0.315670813041 0.310760495390 0.305852995637 0.300948446144 0.296046987536 0.291148769355 0.286253950768 0.281362701340 0.276475201881 0.271591645377 0.266712238014 0.261837200301 0.256966768312 0.252101195057 0.247240751992 0.242385730697 0.237536444734 0.232693231707 0.227856455554 0.223026509109 0.218203816943 0.213388838559 0.208582071955 0.203784057628 0.198995383071 0.194216687841 0.189448669269 0.184692088922 0.179947779920 0.175216655240 0.170499717170 0.165798068073 0.161112922702 0.156445622294 0.151797650747 0.147170653238 0.142566457692 0.137987099601 0.133434850786 0.128912252813 0.124422155902 0.119967764345 0.115552689653 0.111181012880 0.106857357875 0.102586977563 0.098375855756 0.094230827508 0.090159721577 0.086171529263 0.082276604631 0.078486902012 0.074816257686 0.071280723780 0.067898963864 0.064692721914 0.061687380507 0.058912634035 0.056403329783 0.054200610184 0.052353759066 0.050924246878 0.050000000000 0.050924246878 0.052353759066 0.054200610184 0.056403329783 0.058912634035 0.061687380507 0.064692721914 0.067898963864 0.071280723780 0.074816257686 0.078486902012 0.082276604631 0.086171529263 0.090159721577 0.094230827508 0.098375855756 0.102586977563 0.106857357875 0.111181012880 0.115552689653 0.119967764345 0.124422155902 0.128912252813 0.133434850786 0.137987099601 0.142566457692 0.142566457692 0.493896763438 0.489037035956 0.484180097515 0.479326030210 0.474474919320 0.469626853459 0.464781924737 0.459940228929 0.455101865659 0.450266938585 0.445435555604 0.440607829066 0.435783875999 0.430963818348 0.426147783231 0.421335903208 0.416528316571 0.411725167640 0.406926607098 0.402132792323 0.397343887763 0.392560065320 0.387781504768 0.383008394191 0.378240930457 0.373479319715 0.368723777939 0.363974531490 0.359231817736 0.354495885696 0.349766996746 0.345045425362 0.340331459917 0.335625403545 0.330927575053 0.326238309905 0.321557961286 0.316886901224 0.312225521820 0.307574236550 0.302933481675 0.298303717755 0.293685431284 0.289079136441 0.284485376990 0.279904728315 0.275337799629 0.270785236351 0.266247722669 0.261725984325 0.257220791606 0.252732962592 0.248263366669 0.243812928324 0.239382631259 0.234973522850 0.230586718970 0.226223409216 0.221884862584 0.217572433601 0.213287568987 0.209031814869 0.204806824591 0.200614367182 0.196456336517 0.192334761237 0.188251815462 0.184209830378 0.180211306719 0.176258928232 0.172355576141 0.168504344677 0.164708557696 0.160971786413 0.157297868255 0.153690926824 0.150155392918 0.146696026538 0.143317939762 0.140026620296 0.136827955504 0.133728256578 0.130734282525 0.127853263527 0.125092923250 0.122461499690 0.119967764345 0.117621039933 0.115431217843 0.113408778487 0.111564821852 0.109911124352 0.108460258223 0.107225860741 0.106223291046 0.105471476602 0.105000000000 0.105471476602 0.106223291046 
0.369787715456 0.365512095750 0.360802357468 0.355937034989 0.351032367124 0.346120670947 0.341209475649 0.336300443916 0.331393988142 0.326490277807 0.321589443251 0.316691614188 0.311796926759 0.306905525118 0.302017562179 0.297133200307 0.292252612041 0.287375980896 0.282503502226 0.277635384177 0.272771848731 0.267913132847 0.263059489720 0.258211190165 0.253368524137 0.248531802417 0.243701358462 0.238877550466 0.234060763630 0.229251412693 0.224449944732 0.219656842289 0.214872626852 0.210097862742 0.205333161462 0.200579186566 0.195836659129 0.191106363893 0.186389156187 0.181685969746 0.176997825537 0.172325841764 0.167671245223 0.163035384206 0.158419743214 0.153825959742 0.149255843483 0.144711398342 0.140194847710 0.135708663553 0.131255599945 0.126838731799 0.122461499690 0.118127761809 0.113841854274 0.109608661262 0.105433696631 0.101323199028 0.097284242772 0.093324867161 0.089454227237 0.085682769426 0.082022435918 0.078486902012 0.075091851168 0.071855293114 0.068797931692 0.065943592419 0.063319728827 0.060958052410 0.058895408043 0.057175270528 0.055851251183 0.055000000000 0.055851251183 0.057175270528 0.058895408043 0.060958052410 0.063319728827 0.065943592419 0.068797931692 0.071855293114 0.075091851168 0.078486902012 0.082022435918 0.085682769426 0.089454227237 0.093324867161 0.097284242772 0.101323199028 0.105433696631 0.109608661262 0.113841854274 0.118127761809 0.122461499690 0.126838731799 0.131255599945 0.135708663553 0.140194847710 0.144711398342 0.144711398342 0.492720732482 0.487849539018 0.482980918380 0.478114946756 0.473251703310 0.468391270327 0.463533733362 0.458679181403 0.453827707040 0.448979406646 0.444134380567 0.439292733327 0.434454573837 0.429620015627 0.424789177088 0.419962181722 0.415139158425 0.410320241764 0.405505572297 0.400695296891 0.395889569077 0.391088549418 0.386292405906 0.381501314387 0.376715459006 0.371935032691 0.367160237670 0.362391286013 0.357628400224 0.352871813869 0.348121772246 0.343378533107 0.338642367432 0.333913560254 0.329192411550 0.324479237196 0.319774369992 0.315078160764 0.310390979552 0.305713216887 0.301045285167 0.296387620140 0.291740682502 0.287104959625 0.282480967421 0.277869252356 0.273270393624 0.268685005508 0.264113739927 0.259557289196 0.255016389023 0.250491821748 0.245984419866 0.241495069846 0.237024716282 0.232574366392 0.228145094921 0.223738049461 0.219354456240 0.214995626420 0.210662962943 0.206357967987 0.202082251071 0.197837537876 0.193625679843 0.189448664599 0.185308627297 0.181207862931 0.177148839691 0.173134213452 0.169166843444 0.165249809196 0.161386428804 0.157580278582 0.153835214141 0.150155392918 0.146545298147 0.143009764241 0.139554003501 0.136183634017 0.132904708562 0.129723744202 0.126647752268 0.123684268258 0.120841381172 0.118127761809 0.115552689653 0.113126078397 0.110858501030 0.108761217413 0.106846211403 0.105126253666 0.103615027284 0.102327406495 0.101280136684 0.100493755255 0.100000000000 0.100493755255 0.101280136684 
0.371412621792 0.366684019524 0.361823299960 0.356928642012 0.352027956804 0.347128079133 0.342230617674 0.337336001349 0.332444414613 0.327555999304 0.322670895652 0.317789250365 0.312911218506 0.308036964317 0.303166661930 0.298300496112 0.293438663073 0.288581371343 0.283728842737 0.278881313404 0.274039034977 0.269202275833 0.264371322474 0.259546481044 0.254728078999 0.249916466943 0.245112020654 0.240315143318 0.235526268002 0.230745860390 0.225974421814 0.221212492623 0.216460655921 0.211719541740 0.206989831683 0.202272264112 0.197567639959 0.192876829223 0.188200778270 0.183540518038 0.178897173270 0.174271972929 0.169666261964 0.165081514621 0.160519349529 0.155981546831 0.151470067662 0.146987076329 0.142534965627 0.138116385750 0.133734277373 0.129391909562 0.125092923250 0.120841381172 0.116641825249 0.112499342594 0.108419641449 0.104409138544 0.100475059579 0.096625554662 0.092869830761 0.089218303332 0.085682769426 0.082276604631 0.079014986313 0.075915145892 0.072996653914 0.070281744764 0.067795696848 0.065567309478 0.063629591934 0.062021020242 0.060788660837 0.060000000000 0.060788660837 0.062021020242 0.063629591934 0.065567309478 0.067795696848 0.070281744764 0.072996653914 0.075915145892 0.079014986313 0.082276604631 0.085682769426 0.089218303332 0.092869830761 0.096625554662 0.100475059579 0.104409138544 0.108419641449 0.112499342594 0.116641825249 0.120841381172 0.125092923250 0.129391909562 0.133734277373 0.138116385750 0.142534965627 0.146987076329 0.146987076329 0.491593135818 0.486710884953 0.481830996577 0.476953541060 0.472078591543 0.467206224069 0.462336517728 0.457469554806 0.452605420948 0.447744205326 0.442886000818 0.438030904199 0.433179016344 0.428330442441 0.423485292221 0.418643680198 0.413805725929 0.408971554284 0.404141295742 0.399315086699 0.394493069800 0.389675394289 0.384862216390 0.380053699705 0.375250015641 0.370451343875 0.365657872837 0.360869800238 0.356087333631 0.351310691011 0.346540101461 0.341775805839 0.337018057525 0.332267123217 0.327523283781 0.322786835178 0.318058089454 0.313337375801 0.308625041712 0.303921454219 0.299227001226 0.294542092956 0.289867163511 0.285202672554 0.280549107139 0.275906983678 0.271276850088 0.266659288108 0.262054915811 0.257464390342 0.252888410882 0.248327721872 0.243783116523 0.239255440634 0.234745596747 0.230254548676 0.225783326449 0.221333031690 0.216904843495 0.212500024850 0.208119929631 0.203766010262 0.199439826068 0.195143052414 0.190877490685 0.186645079190 0.182447905078 0.178288217346 0.174168441033 0.170091192713 0.166059297354 0.162075806685 0.158144019132 0.154267501449 0.150450112109 0.146696026538 0.143009764241 0.139396217824 0.135860683918 0.132408895899 0.129047058274 0.125781882506 0.122620623946 0.119571119462 0.116641825249 0.113841854274 0.111181012880 0.108669836383 0.106319624359 0.104142478194 0.102151347679 0.100360102722 0.098783667982 0.097438313946 0.096342363477 0.095518194407 0.095000000000 0.095518194407 0.096342363477 
0.372608143425 0.367753174010 0.362868820553 0.357979353641 0.353090999616 0.348205312358 0.343322734291 0.338443463721 0.333567653317 0.328695453115 0.323827019587 0.318962517819 0.314102122415 0.309246018228 0.304394401112 0.299547478738 0.294705471475 0.289868613355 0.285037153121 0.280211355369 0.275391501806 0.270577892611 0.265770847939 0.260970709558 0.256177842656 0.251392637818 0.246615513207 0.241846916962 0.237087329847 0.232337268172 0.227597287026 0.222867983853 0.218150002421 0.213444037227 0.208750838391 0.204071217106 0.199406051715 0.194756294494 0.190122979235 0.185507229734 0.180910269314 0.176333431507 0.171778172071 0.167246082520 0.162738905375 0.158258551388 0.153807119006 0.149386916408 0.145000486470 0.140650635097 0.136340463377 0.132073404143 0.127853263527 0.123684268258 0.119571119462 0.115519053888 0.111533913527 0.107622224707 0.103791287837 0.100049278999 0.096405364667 0.092869830761 0.089454227237 0.086171529263 0.083036316016 0.080064968271 0.077275887021 0.074689738529 0.072329740444 0.070222028730 0.068396216941 0.066886486487 0.065734428236 0.065000000000 0.065734428236 0.066886486487 0.068396216941 0.070222028730 0.072329740444 0.074689738529 0.077275887021 0.080064968271 0.083036316016 0.086171529263 0.089454227237 0.092869830761 0.096405364667 0.100049278999 0.103791287837 0.107622224707 0.111533913527 0.115519053888 0.119571119462 0.123684268258 0.127853263527 0.132073404143 0.136340463377 0.140650635097 0.145000486470 0.149386916408 0.149386916408 0.490514420614 0.485621532193 0.480730802191 0.475842295269 0.470956078649 0.466072222241 0.461190798776 0.456311883948 0.451435556564 0.446561898700 0.441690995872 0.436822937212 0.431957815660 0.427095728164 0.422236775893 0.417381064467 0.412528704196 0.407679810339 0.402834503380 0.397992909319 0.393155159983 0.388321393361 0.383491753957 0.378666393172 0.373845469708 0.369029150004 0.364217608698 0.359411029126 0.354609603858 0.349813535262 0.345023036127 0.340238330314 0.335459653472 0.330687253790 0.325921392824 0.321162346375 0.316410405440 0.311665877240 0.306929086321 0.302200375751 0.297480108411 0.292768668393 0.288066462504 0.283373921909 0.278691503905 0.274019693837 0.269359007197 0.264709991888 0.260073230689 0.255449343946 0.250838992487 0.246242880816 0.241661760579 0.237096434356 0.232547759804 0.228016654175 0.223504099265 0.219011146828 0.214538924498 0.210088642284 0.205661599685 0.201259193491 0.196882926349 0.192534416154 0.188215406362 0.183927777316 0.179673558675 0.175454943067 0.171274301069 0.167134197647 0.163037410181 0.158986948216 0.154986075077 0.151038331489 0.147147561347 0.143317939762 0.139554003501 0.135860683918 0.132243342426 0.128707808520 0.125260420292 0.121908067292 0.118658235475 0.115519053888 0.112499342594 0.109608661262 0.106857357875 0.104256617213 0.101818509545 0.099556041748 0.097483217271 0.095615120793 0.093968065993 0.092559903081 0.091410756706 0.090545119447 0.090000000000 0.090545119447 0.091410756706 
0.373724384773 0.368850576688 0.363972492293 0.359095822457 0.354222066474 0.349351677602 0.344484866867 0.339621797068 0.334762627332 0.329907523100 0.325056658604 0.320210217860 0.315368395413 0.310531397099 0.305699440854 0.300872757596 0.296051592182 0.291236204446 0.286426870333 0.281623883130 0.276827554814 0.272038217515 0.267256225130 0.262481955070 0.257715810192 0.252958220902 0.248209647473 0.243470582593 0.238741554160 0.234023128371 0.229315913123 0.224620561770 0.219937777273 0.215268316803 0.210612996832 0.205972698787 0.201348375332 0.196741057352 0.192151861737 0.187582000055 0.183032788242 0.178505657428 0.174002166055 0.169524013450 0.165073055050 0.160651319498 0.156261027848 0.151904615173 0.147584754883 0.143304386117 0.139066744613 0.134875397499 0.130734282525 0.126647752268 0.122620623946 0.118658235475 0.114766508484 0.110952019024 0.107222076690 0.103584812905 0.100049278999 0.096625554662 0.093324867161 0.090159721577 0.087144042205 0.084293325532 0.081624806303 0.079157641721 0.076913128172 0.074914989806 0.073189847395 0.071768190944 0.070687005667 0.070000000000 0.070687005667 0.071768190944 0.073189847395 0.074914989806 0.076913128172 0.079157641721 0.081624806303 0.084293325532 0.087144042205 0.090159721577 0.093324867161 0.096625554662 0.100049278999 0.103584812905 0.107222076690 0.110952019024 0.114766508484 0.118658235475 0.122620623946 0.126647752268 0.130734282525 0.134875397499 0.139066744613 0.143304386117 0.147584754883 0.151904615173 0.151904615173 0.489485031038 0.484581936092 0.479680802155 0.474781688301 0.469884655958 0.464989769028 0.460097094014 0.455206700143 0.450318659512 0.445433047232 0.440549941586 0.435669424193 0.430791580187 0.425916498403 0.421044271578 0.416174996560 0.411308774539 0.406445711284 0.401585917401 0.396729508606 0.391876606019 0.387027336474 0.382181832855 0.377340234449 0.372502687333 0.367669344775 0.362840367679 0.358015925049 0.353196194495 0.348381362774 0.343571626366 0.338767192104 0.333968277840 0.329175113171 0.324387940218 0.319607014463 0.314832605657 0.310064998798 0.305304495189 0.300551413578 0.295806091401 0.291068886119 0.286340176672 0.281620365059 0.276909878048 0.272209169038 0.267518720086 0.262839044110 0.258170687291 0.253514231693 0.248870298121 0.244239549249 0.239622693027 0.235020486424 0.230433739516 0.225863319972 0.221310157972 0.216775251609 0.212259672819 0.207764573907 0.203291194718 0.198840870538 0.194415040801 0.190015258673 0.185643201635 0.181300683150 0.176989665541 0.172712274205 0.168470813303 0.164267783082 0.160105898989 0.155988112755 0.151917635643 0.147897964042 0.143932907631 0.140026620296 0.136183634017 0.132408895899 0.128707808520 0.125086273705 0.121550739800 0.118108252407 0.114766508484 0.111533913527 0.108419641449 0.105433696631 0.102586977563 0.099891341621 0.097359671190 0.095005942992 0.092845306583 0.090894187571 0.089170454377 0.087693748274 0.086486259560 0.085574923798 0.085000000000 0.085574923798 0.086486259560 
0.374871746588 0.370005170700 0.365140305577 0.360278596811 0.355420506154 0.350566256229 0.345716019249 0.340869962728 0.336028260291 0.331191094466 0.326358657757 0.321531153412 0.316708796180 0.311891813122 0.307080444477 0.302274944607 0.297475583026 0.292682645506 0.287896435287 0.283117274394 0.278345505064 0.273581491311 0.268825620625 0.264078305828 0.259339987111 0.254611134255 0.249892249063 0.245183868037 0.240486565302 0.235800955831 0.231127698988 0.226467502427 0.221821126398 0.217189388487 0.212573168867 0.207973416092 0.203391153522 0.198827486436 0.194283609933 0.189760817695 0.185260511739 0.180784213266 0.176333574740 0.171910393357 0.167516626074 0.163154406380 0.158826063041 0.154534141041 0.150281425001 0.146070965374 0.141906107727 0.137790525496 0.133728256578 0.129723744202 0.125781882506 0.121908067292 0.118108252407 0.114389012221 0.110757610596 0.107222076690 0.103791287837 0.100475059579 0.097284242772 0.094230827508 0.091328053577 0.088590527532 0.086034347771 0.083677242757 0.081538737093 0.079640384619 0.078006174149 0.076663417060 0.075645202313 0.075000000000 0.075645202313 0.076663417060 0.078006174149 0.079640384619 0.081538737093 0.083677242757 0.086034347771 0.088590527532 0.091328053577 0.094230827508 0.097284242772 0.100475059579 0.103791287837 0.107222076690 0.110757610596 0.114389012221 0.118108252407 0.121908067292 0.125781882506 0.129723744202 0.133728256578 0.137790525496 0.141906107727 0.146070965374 0.150281425001 0.154534141041 0.154534141041 0.488505408685 0.483592549344 0.478681460652 0.473772196236 0.468864811876 0.463959365611 0.459055917858 0.454154531530 0.449255272165 0.444358208060 0.439463410420 0.434570953505 0.429680914800 0.424793375185 0.419908419120 0.415026134843 0.410146614577 0.405269954757 0.400396256267 0.395525624692 0.390658170595 0.385794009804 0.380933263721 0.376076059661 0.371222531202 0.366372818568 0.361527069041 0.356685437396 0.351848086378 0.347015187204 0.342186920110 0.337363474937 0.332545051766 0.327731861593 0.322924127072 0.318122083301 0.313325978682 0.308536075849 0.303752652671 0.298976003335 0.294206439529 0.289444291718 0.284689910531 0.279943668272 0.275205960560 0.270477208117 0.265757858718 0.261048389312 0.256349308346 0.251661158303 0.246984518473 0.242320007994 0.237668289184 0.233030071191 0.228406114011 0.223797232896 0.219204303210 0.214628265768 0.210070132738 0.205530994129 0.201012024979 0.196514493283 0.192039768769 0.187589332611 0.183164788188 0.178767873015 0.174400471968 0.170064631968 0.165762578276 0.161496732597 0.157269733173 0.153084457115 0.148944045183 0.144851929299 0.140811863053 0.136827955504 0.132904708562 0.129047058274 0.125260420292 0.121550739800 0.117924546127 0.114389012221 0.110952019024 0.107622224707 0.104409138544 0.101323199028 0.098375855756 0.095579654616 0.092948326319 0.090496879863 0.088241706404 0.086200708704 0.084393495188 0.082841741370 0.081570014333 0.080608087519 0.080000000000 0.080608087519 0.081570014333 
0.376075338179 0.371222363084 0.366372781380 0.361527061269 0.356685435870 0.351848086099 0.347015187157 0.342186920102 0.337363474936 0.332545051765 0.327731861593 0.322924127072 0.318122083301 0.313325978682 0.308536075849 0.303752652671 0.298976003335 0.294206439529 0.289444291718 0.284689910531 0.279943668272 0.275205960560 0.270477208117 0.265757858718 0.261048389312 0.256349308346 0.251661158303 0.246984518473 0.242320007994 0.237668289184 0.233030071191 0.228406114011 0.223797232896 0.219204303210 0.214628265768 0.210070132738 0.205530994129 0.201012024979 0.196514493283 0.192039768769 0.187589332611 0.183164788188 0.178767873015 0.174400471968 0.170064631968 0.165762578276 0.161496732597 0.157269733173 0.153084457115 0.148944045183 0.144851929299 0.140811863053 0.136827955504 0.132904708562 0.129047058274 0.125260420292 0.121550739800 0.117924546127 0.114389012221 0.110952019024 0.107622224707 0.104409138544 0.101323199028 0.098375855756 0.095579654616 0.092948326319 0.090496879863 0.088241706404 0.086200708704 0.084393495188 0.082841741370 0.081570014333 0.080608087519 0.080000000000 0.080608087519 0.081570014333 0.082841741370 0.084393495188 0.086200708704 0.088241706404 0.090496879863 0.092948326319 0.095579654616 0.098375855756 0.101323199028 0.104409138544 0.107622224707 0.110952019024 0.114389012221 0.117924546127 0.121550739800 0.125260420292 0.129047058274 0.132904708562 0.136827955504 0.140811863053 0.144851929299 0.148944045183 0.153084457115 0.157269733173 0.157269733173 0.487575993227 0.482653822618 0.477733239742 0.472814292935 0.467897032489 0.462981510746 0.458067782206 0.453155903635 0.448245934186 0.443337935520 0.438431971940 0.433528110532 0.428626421314 0.423726977396 0.418829855152 0.413935134396 0.409042898580 0.404153234997 0.399266234999 0.394381994238 0.389500612910 0.384622196028 0.379746853708 0.374874701475 0.370005860594 0.365140458427 0.360278628805 0.355420512446 0.350566257384 0.345716019445 0.340869962758 0.336028260295 0.331191094467 0.326358657757 0.321531153412 0.316708796180 0.311891813122 0.307080444477 0.302274944607 0.297475583026 0.292682645506 0.287896435287 0.283117274394 0.278345505064 0.273581491311 0.268825620625 0.264078305828 0.259339987111 0.254611134255 0.249892249063 0.245183868037 0.240486565302 0.235800955831 0.231127698988 0.226467502427 0.221821126398 0.217189388487 0.212573168867 0.207973416092 0.203391153522 0.198827486436 0.194283609933 0.189760817695 0.185260511739 0.180784213266 0.176333574740 0.171910393357 0.167516626074 0.163154406380 0.158826063041 0.154534141041 0.150281425001 0.146070965374 0.141906107727 0.137790525496 0.133728256578 0.129723744202 0.125781882506 0.121908067292 0.118108252407 0.114389012221 0.110757610596 0.107222076690 0.103791287837 0.100475059579 0.097284242772 0.094230827508 0.091328053577 0.088590527532 0.086034347771 0.083677242757 0.081538737093 0.079640384619 0.078006174149 0.076663417060 0.075645202313 0.075000000000 0.075645202313 0.076663417060 
0.377340051129 0.372502644679 0.367669335354 0.362840365713 0.358015924664 0.353196194425 0.348381362762 0.343571626365 0.338767192104 0.333968277840 0.329175113171 0.324387940218 0.319607014463 0.314832605657 0.310064998798 0.305304495189 0.300551413578 0.295806091401 0.291068886119 0.286340176672 0.281620365059 0.276909878048 0.272209169038 0.267518720086 0.262839044110 0.258170687291 0.253514231693 0.248870298121 0.244239549249 0.239622693027 0.235020486424 0.230433739516 0.225863319972 0.221310157972 0.216775251609 0.212259672819 0.207764573907 0.203291194718 0.198840870538 0.194415040801 0.190015258673 0.185643201635 0.181300683150 0.176989665541 0.172712274205 0.168470813303 0.164267783082 0.160105898989 0.155988112755 0.151917635643 0.147897964042 0.143932907631 0.140026620296 0.136183634017 0.132408895899 0.128707808520 0.125086273705 0.121550739800 0.118108252407 0.114766508484 0.111533913527 0.108419641449 0.105433696631 0.102586977563 0.099891341621 0.097359671190 0.095005942992 0.092845306583 0.090894187571 0.089170454377 0.087693748274 0.086486259560 0.085574923798 0.085000000000 0.085574923798 0.086486259560 0.087693748274 0.089170454377 0.090894187571 0.092845306583 0.095005942992 0.097359671190 0.099891341621 0.102586977563 0.105433696631 0.108419641449 0.111533913527 0.114766508484 0.118108252407 0.121550739800 0.125086273705 0.128707808520 0.132408895899 0.136183634017 0.140026620296 0.143932907631 0.147897964042 0.151917635643 0.155988112755 0.160105898989 0.160105898989 0.486697223351 0.481766205494 0.476836600286 0.471908450950 0.466981802467 0.462056701667 0.457133197319 0.452211340238 0.447291183384 0.442372781983 0.437456193642 0.432541478479 0.427628699258 0.422717921538 0.417809213822 0.412902647728 0.407998298161 0.403096243500 0.398196565804 0.393299351022 0.388404689223 0.383512674844 0.378623406951 0.373736989525 0.368853531758 0.363973148384 0.359095960028 0.354222093575 0.349351682585 0.344484867715 0.339621797200 0.334762627350 0.329907523102 0.325056658605 0.320210217860 0.315368395413 0.310531397099 0.305699440854 0.300872757596 0.296051592182 0.291236204446 0.286426870333 0.281623883130 0.276827554814 0.272038217515 0.267256225130 0.262481955070 0.257715810192 0.252958220902 0.248209647473 0.243470582593 0.238741554160 0.234023128371 0.229315913123 0.224620561770 0.219937777273 0.215268316803 0.210612996832 0.205972698787 0.201348375332 0.196741057352 0.192151861737 0.187582000055 0.183032788242 0.178505657428 0.174002166055 0.169524013450 0.165073055050 0.160651319498 0.156261027848 0.151904615173 0.147584754883 0.143304386117 0.139066744613 0.134875397499 0.130734282525 0.126647752268 0.122620623946 0.118658235475 0.114766508484 0.110952019024 0.107222076690 0.103584812905 0.100049278999 0.096625554662 0.093324867161 0.090159721577 0.087144042205 0.084293325532 0.081624806303 0.079157641721 0.076913128172 0.074914989806 0.073189847395 0.071768190944 0.070687005667 0.070000000000 0.070687005667 0.071768190944 
0.378666344808 0.373845458471 0.369029147525 0.364217608181 0.359411029025 0.354609603839 0.349813535259 0.345023036126 0.340238330314 0.335459653472 0.330687253790 0.325921392824 0.321162346375 0.316410405440 0.311665877240 0.306929086321 0.302200375751 0.297480108411 0.292768668393 0.288066462504 0.283373921909 0.278691503905 0.274019693837 0.269359007197 0.264709991888 0.260073230689 0.255449343946 0.250838992487 0.246242880816 0.241661760579 0.237096434356 0.232547759804 0.228016654175 0.223504099265 0.219011146828 0.214538924498 0.210088642284 0.205661599685 0.201259193491 0.196882926349 0.192534416154 0.188215406362 0.183927777316 0.179673558675 0.175454943067 0.171274301069 0.167134197647 0.163037410181 0.158986948216 0.154986075077 0.151038331489 0.147147561347 0.143317939762 0.139554003501 0.135860683918 0.132243342426 0.128707808520 0.125260420292 0.121908067292 0.118658235475 0.115519053888 0.112499342594 0.109608661262 0.106857357875 0.104256617213 0.101818509545 0.099556041748 0.097483217271 0.095615120793 0.093968065993 0.092559903081 0.091410756706 0.090545119447 0.090000000000 0.090545119447 0.091410756706 0.092559903081 0.093968065993 0.095615120793 0.097483217271 0.099556041748 0.101818509545 0.104256617213 0.106857357875 0.109608661262 0.112499342594 0.115519053888 0.118658235475 0.121908067292 0.125260420292 0.128707808520 0.132243342426 0.135860683918 0.139554003501 0.143317939762 0.147147561347 0.151038331489 0.154986075077 0.158986948216 0.163037410181 0.163037410181 0.485869538090 0.480930147786 0.475992003269 0.471055142841 0.466119606373 0.461185435382 0.456252673118 0.451321364655 0.446391556984 0.441463299117 0.436536642196 0.431611639606 0.426688347100 0.421766822928 0.416847127981 0.411929325932 0.407013483404 0.402099670133 0.397187959154 0.392278426993 0.387371153874 0.382466223948 0.377563725521 0.372663751323 0.367766398772 0.362871770278 0.357979973555 0.353091121967 0.348205334895 0.343322738133 0.338443464321 0.333567653402 0.328695453125 0.323827019588 0.318962517819 0.314102122415 0.309246018228 0.304394401112 0.299547478738 0.294705471475 0.289868613355 0.285037153121 0.280211355369 0.275391501806 0.270577892611 0.265770847939 0.260970709558 0.256177842656 0.251392637818 0.246615513207 0.241846916962 0.237087329847 0.232337268172 0.227597287026 0.222867983853 0.218150002421 0.213444037227 0.208750838391 0.204071217106 0.199406051715 0.194756294494 0.190122979235 0.185507229734 0.180910269314 0.176333431507 0.171778172071 0.167246082520 0.162738905375 0.158258551388 0.153807119006 0.149386916408 0.145000486470 0.140650635097 0.136340463377 0.132073404143 0.127853263527 0.123684268258 0.119571119462 0.115519053888 0.111533913527 0.107622224707 0.103791287837 0.100049278999 0.096405364667 0.092869830761 0.089454227237 0.086171529263 0.083036316016 0.080064968271 0.077275887021 0.074689738529 0.072329740444 0.070222028730 0.068396216941 0.066886486487 0.065734428236 0.065000000000 0.065734428236 0.066886486487 
0.380053686487 0.375250012574 0.370451343199 0.365657872696 0.360869800210 0.356087333626 0.351310691010 0.346540101460 0.341775805839 0.337018057525 0.332267123217 0.327523283781 0.322786835178 0.318058089454 0.313337375801 0.308625041712 0.303921454219 0.299227001226 0.294542092956 0.289867163511 0.285202672554 0.280549107139 0.275906983678 0.271276850088 0.266659288108 0.262054915811 0.257464390342 0.252888410882 0.248327721872 0.243783116523 0.239255440634 0.234745596747 0.230254548676 0.225783326449 0.221333031690 0.216904843495 0.212500024850 0.208119929631 0.203766010262 0.199439826068 0.195143052414 0.190877490685 0.186645079190 0.182447905078 0.178288217346 0.174168441033 0.170091192713 0.166059297354 0.162075806685 0.158144019132 0.154267501449 0.150450112109 0.146696026538 0.143009764241 0.139396217824 0.135860683918 0.132408895899 0.129047058274 0.125781882506 0.122620623946 0.119571119462 0.116641825249 0.113841854274 0.111181012880 0.108669836383 0.106319624359 0.104142478194 0.102151347679 0.100360102722 0.098783667982 0.097438313946 0.096342363477 0.095518194407 0.095000000000 0.095518194407 0.096342363477 0.097438313946 0.098783667982 0.100360102722 0.102151347679 0.104142478194 0.106319624359 0.108669836383 0.111181012880 0.113841854274 0.116641825249 0.119571119462 0.122620623946 0.125781882506 0.129047058274 0.132408895899 0.135860683918 0.139396217824 0.143009764241 0.146696026538 0.150450112109 0.154267501449 0.158144019132 0.162075806685 0.166059297354 0.166059297354 0.485093378681 0.480146101405 0.475199911661 0.470254843042 0.465310930523 0.460368210535 0.455426721037 0.450486501596 0.445547593478 0.440610039730 0.435673885285 0.430739177057 0.425805964059 0.420874297511 0.415944230971 0.411015820465 0.406089124632 0.401164204870 0.396241125507 0.391319953966 0.386400760958 0.381483620680 0.376568611028 0.371655813827 0.366745315082 0.361837205239 0.356931579474 0.352028538002 0.347128186407 0.342230636003 0.337336004218 0.332444415018 0.327555999355 0.322670895657 0.317789250366 0.312911218506 0.308036964317 0.303166661930 0.298300496112 0.293438663073 0.288581371343 0.283728842737 0.278881313404 0.274039034977 0.269202275833 0.264371322474 0.259546481044 0.254728078999 0.249916466943 0.245112020654 0.240315143318 0.235526268002 0.230745860390 0.225974421814 0.221212492623 0.216460655921 0.211719541740 0.206989831683 0.202272264112 0.197567639959 0.192876829223 0.188200778270 0.183540518038 0.178897173270 0.174271972929 0.169666261964 0.165081514621 0.160519349529 0.155981546831 0.151470067662 0.146987076329 0.142534965627 0.138116385750 0.133734277373 0.129391909562 0.125092923250 0.120841381172 0.116641825249 0.112499342594 0.108419641449 0.104409138544 0.100475059579 0.096625554662 0.092869830761 0.089218303332 0.085682769426 0.082276604631 0.079014986313 0.075915145892 0.072996653914 0.070281744764 0.067795696848 0.065567309478 0.063629591934 0.062021020242 0.060788660837 0.060000000000 0.060788660837 0.062021020242 
0.381501310653 0.376715458140 0.371935032501 0.367160237631 0.362391286005 0.357628400223 0.352871813869 0.348121772246 0.343378533107 0.338642367432 0.333913560254 0.329192411550 0.324479237196 0.319774369992 0.315078160764 0.310390979552 0.305713216887 0.301045285167 0.296387620140 0.291740682502 0.287104959625 0.282480967421 0.277869252356 0.273270393624 0.268685005508 0.264113739927 0.259557289196 0.255016389023 0.250491821748 0.245984419866 0.241495069846 0.237024716282 0.232574366392 0.228145094921 0.223738049461 0.219354456240 0.214995626420 0.210662962943 0.206357967987 0.202082251071 0.197837537876 0.193625679843 0.189448664599 0.185308627297 0.181207862931 0.177148839691 0.173134213452 0.169166843444 0.165249809196 0.161386428804 0.157580278582 0.153835214141 0.150155392918 0.146545298147 0.143009764241 0.139554003501 0.136183634017 0.132904708562 0.129723744202 0.126647752268 0.123684268258 0.120841381172 0.118127761809 0.115552689653 0.113126078397 0.110858501030 0.108761217413 0.106846211403 0.105126253666 0.103615027284 0.102327406495 0.101280136684 0.100493755255 0.100000000000 0.100493755255 0.101280136684 0.102327406495 0.103615027284 0.105126253666 0.106846211403 0.108761217413 0.110858501030 0.113126078397 0.115552689653 0.118127761809 0.120841381172 0.123684268258 0.126647752268 0.129723744202 0.132904708562 0.136183634017 0.139554003501 0.143009764241 0.146545298147 0.150155392918 0.153835214141 0.157580278582 0.161386428804 0.165249809196 0.169166843444 0.169166843444 0.484369191163 0.479414522963 0.474460793030 0.469508030476 0.464556265619 0.459605530042 0.454655856664 0.449707279807 0.444759835273 0.439813560421 0.434868494255 0.429924677511 0.424982152758 0.420040964497 0.415101159272 0.410162785786 0.405225895031 0.400290540416 0.395356777914 0.390424666216 0.385494266895 0.380565644582 0.375638867157 0.370714005953 0.365791135976 0.360870336139 0.355951689519 0.351035283630 0.346121210718 0.341209568083 0.336300458421 0.331393990200 0.326490278066 0.321589443279 0.316691614190 0.311796926760 0.306905525118 0.302017562179 0.297133200307 0.292252612041 0.287375980896 0.282503502226 0.277635384177 0.272771848731 0.267913132847 0.263059489720 0.258211190165 0.253368524137 0.248531802417 0.243701358462 0.238877550466 0.234060763630 0.229251412693 0.224449944732 0.219656842289 0.214872626852 0.210097862742 0.205333161462 0.200579186566 0.195836659129 0.191106363893 0.186389156187 0.181685969746 0.176997825537 0.172325841764 0.167671245223 0.163035384206 0.158419743214 0.153825959742 0.149255843483 0.144711398342 0.140194847710 0.135708663553 0.131255599945 0.126838731799 0.122461499690 0.118127761809 0.113841854274 0.109608661262 0.105433696631 0.101323199028 0.097284242772 0.093324867161 0.089454227237 0.085682769426 0.082022435918 0.078486902012 0.075091851168 0.071855293114 0.068797931692 0.065943592419 0.063319728827 0.060958052410 0.058895408043 0.057175270528 0.055851251183 0.055000000000 0.055851251183 0.057175270528 
0.383008393103 0.378240930205 0.373479319660 0.368723777927 0.363974531488 0.359231817735 0.354495885696 0.349766996746 0.345045425362 0.340331459917 0.335625403545 0.330927575053 0.326238309905 0.321557961286 0.316886901224 0.312225521820 0.307574236550 0.302933481675 0.298303717755 0.293685431284 0.289079136441 0.284485376990 0.279904728315 0.275337799629 0.270785236351 0.266247722669 0.261725984325 0.257220791606 0.252732962592 0.248263366669 0.243812928324 0.239382631259 0.234973522850 0.230586718970 0.226223409216 0.221884862584 0.217572433601 0.213287568987 0.209031814869 0.204806824591 0.200614367182 0.196456336517 0.192334761237 0.188251815462 0.184209830378 0.180211306719 0.176258928232 0.172355576141 0.168504344677 0.164708557696 0.160971786413 0.157297868255 0.153690926824 0.150155392918 0.146696026538 0.143317939762 0.140026620296 0.136827955504 0.133728256578 0.130734282525 0.127853263527 0.125092923250 0.122461499690 0.119967764345 0.117621039933 0.115431217843 0.113408778487 0.111564821852 0.109911124352 0.108460258223 0.107225860741 0.106223291046 0.105471476602 0.105000000000 0.105471476602 0.106223291046 0.107225860741 0.108460258223 0.109911124352 0.111564821852 0.113408778487 0.115431217843 0.117621039933 0.119967764345 0.122461499690 0.125092923250 0.127853263527 0.130734282525 0.133728256578 0.136827955504 0.140026620296 0.143317939762 0.146696026538 0.150155392918 0.153690926824 0.157297868255 0.160971786413 0.164708557696 0.168504344677 0.172355576141 0.172355576141 0.483697430020 0.478735877437 0.473775123224 0.468815192261 0.463856110459 0.458897904821 0.453940603496 0.448984235838 0.444028832476 0.439074425379 0.434121047931 0.429168735008 0.424217523065 0.419267450222 0.414318556359 0.409370883222 0.404424474528 0.399479376082 0.394535635904 0.389593304362 0.384652434315 0.379713081268 0.374775303538 0.369839162431 0.364904722434 0.359972051423 0.355041220885 0.350112306156 0.345185386686 0.340260546312 0.335337873567 0.330417462009 0.325499410572 0.320583823958 0.315670813055 0.310760495391 0.305852995637 0.300948446144 0.296046987536 0.291148769355 0.286253950768 0.281362701340 0.276475201881 0.271591645377 0.266712238014 0.261837200301 0.256966768312 0.252101195057 0.247240751992 0.242385730697 0.237536444734 0.232693231707 0.227856455554 0.223026509109 0.218203816943 0.213388838559 0.208582071955 0.203784057628 0.198995383071 0.194216687841 0.189448669269 0.184692088922 0.179947779920 0.175216655240 0.170499717170 0.165798068073 0.161112922702 0.156445622294 0.151797650747 0.147170653238 0.142566457692 0.137987099601 0.133434850786 0.128912252813 0.124422155902 0.119967764345 0.115552689653 0.111181012880 0.106857357875 0.102586977563 0.098375855756 0.094230827508 0.090159721577 0.086171529263 0.082276604631 0.078486902012 0.074816257686 0.071280723780 0.067898963864 0.064692721914 0.061687380507 0.058912634035 0.056403329783 0.054200610184 0.052353759066 0.050924246878 0.050000000000 0.050924246878 0.052353759066 
0.384574092755 0.379825557760 0.375083305604 0.370347566054 0.365618579680 0.360896598576 0.356181887053 0.351474722362 0.346775395471 0.342084211887 0.337401492535 0.332727574703 0.328062813052 0.323407580699 0.318762270372 0.314127295663 0.309503092353 0.304890119852 0.300288862737 0.295699832404 0.291123568848 0.286560642580 0.282011656678 0.277477249014 0.272958094631 0.268454908326 0.263968447419 0.259499514742 0.255048961869 0.250617692599 0.246206666707 0.241816904009 0.237449488734 0.233105574262 0.228786388226 0.224493238031 0.220227516811 0.215990709860 0.211784401571 0.207610282927 0.203470159577 0.199365960533 0.195299747542 0.191273725161 0.187290251580 0.183351850227 0.179461222197 0.175621259520 0.171835059305 0.168105938756 0.164437451066 0.160833402160 0.157297868255 0.153835214141 0.150450112109 0.147147561347 0.143932907631 0.140811863053 0.137790525496 0.134875397499 0.132073404143 0.129391909562 0.126838731799 0.124422155902 0.122150945683 0.120034355526 0.118082145632 0.116304608141 0.114712620096 0.113317758590 0.112132562327 0.111171167745 0.110451087074 0.110000000000 0.110451087074 0.111171167745 0.112132562327 0.113317758590 0.114712620096 0.116304608141 0.118082145632 0.120034355526 0.122150945683 0.124422155902 0.126838731799 0.129391909562 0.132073404143 0.134875397499 0.137790525496 0.140811863053 0.143932907631 0.147147561347 0.150450112109 0.153835214141 0.157297868255 0.160833402160 0.164437451066 0.168105938756 0.171835059305 0.175621259520 0.175621259520 0.483078563344 0.478110643365 0.473143391606 0.468176828975 0.463210977253 0.458245859143 0.453281498313 0.448317919456 0.443355148339 0.438393211863 0.433432138128 0.428471956495 0.423512697665 0.418554393746 0.413597078342 0.408640786635 0.403685555480 0.398731423507 0.393778431222 0.388826621128 0.383876037844 0.378926728239 0.373978741571 0.369032129646 0.364086946977 0.359143250963 0.354201102083 0.349260564100 0.344321704284 0.339384593657 0.334449307252 0.329515924398 0.324584529028 0.319655210013 0.314728061528 0.309803183444 0.304880681763 0.299960669088 0.295043265138 0.290128597310 0.285216801293 0.280308021749 0.275402413049 0.270500140093 0.265601379205 0.260706319122 0.255815162088 0.250928125062 0.246045441057 0.241167360618 0.236294153477 0.231426110382 0.226563545143 0.221706796915 0.216856232748 0.212012250453 0.207175281809 0.202345796180 0.197524304590 0.192711364323 0.187907584132 0.183113630152 0.178330232620 0.173558193533 0.168798395399 0.164051811260 0.159319516195 0.154602700565 0.149902685297 0.145220939573 0.140559101353 0.135919001265 0.131302690479 0.126712473341 0.122150945683 0.117621039933 0.113126078397 0.108669836383 0.104256617213 0.099891341621 0.095579654616 0.091328053577 0.087144042205 0.083036316016 0.079014986313 0.075091851168 0.071280723780 0.067597830914 0.064062297008 0.060696733548 0.057527959631 0.054587892173 0.051914674486 0.049554198564 0.047562465409 0.046010412560 0.045000000000 0.046010412560 0.047562465409 
0.386197562399 0.381468466680 0.376746089071 0.372030672744 0.367322472252 0.362621754211 0.357928797996 0.353243896486 0.348567356856 0.343899501417 0.339240668524 0.334591213537 0.329951509850 0.325321950000 0.320702946842 0.316094934815 0.311498371297 0.306913738059 0.302341542814 0.297782320895 0.293236637043 0.288705087330 0.284188301225 0.279686943817 0.275201718196 0.270733368020 0.266282680272 0.261850488229 0.257437674653 0.253045175224 0.248673982239 0.244325148595 0.239999792066 0.235699099922 0.231424333888 0.227176835484 0.222958031778 0.218769441560 0.214612681988 0.210489475725 0.206401658602 0.202351187831 0.198340150811 0.194370774542 0.190445435686 0.186566671288 0.182737190182 0.178959885089 0.175237845419 0.171574370749 0.167972984972 0.164437451066 0.160971786413 0.157580278582 0.154267501449 0.151038331489 0.147897964042 0.144851929299 0.141906107727 0.139066744613 0.136340463377 0.133734277373 0.131255599945 0.128912252813 0.126712473341 0.124664922261 0.122778695414 0.121063347013 0.119528940175 0.118186159143 0.117046564450 0.116123210164 0.115432358602 0.115000000000 0.115432358602 0.116123210164 0.117046564450 0.118186159143 0.119528940175 0.121063347013 0.122778695414 0.124664922261 0.126712473341 0.128912252813 0.131255599945 0.133734277373 0.136340463377 0.139066744613 0.141906107727 0.144851929299 0.147897964042 0.151038331489 0.154267501449 0.157580278582 0.160971786413 0.164437451066 0.167972984972 0.171574370749 0.175237845419 0.178959885089 0.178959885089 0.482513080293 0.477539320368 0.472566108631 0.467593462300 0.462621399315 0.457649938380 0.452679099001 0.447708901527 0.442739367202 0.437770518207 0.432802377717 0.427834969955 0.422868320253 0.417902455112 0.412937402274 0.407973190794 0.403009851115 0.398047415153 0.393085916390 0.388125389963 0.383165872775 0.378207403599 0.373250023201 0.368293774468 0.363338702547 0.358384854992 0.353432281926 0.348481036218 0.343531173668 0.338582753212 0.333635837145 0.328690491357 0.323746785599 0.318804793760 0.313864594182 0.308926269992 0.303989909468 0.299055606442 0.294123460739 0.289193578652 0.284266073473 0.279341066069 0.274418685512 0.269499069787 0.264582366555 0.259668734007 0.254758341804 0.249851372119 0.244948020794 0.240048498625 0.235153032789 0.230261868440 0.225375270491 0.220493525607 0.215616944435 0.210745864124 0.205880651142 0.201021704473 0.196169459219 0.191324390683 0.186487019018 0.181657914503 0.176837703575 0.172027075730 0.167226791438 0.162437691246 0.157660706286 0.152896870419 0.148147334342 0.143413381991 0.138696449704 0.133998148661 0.129320291268 0.124664922261 0.120034355526 0.115431217843 0.110858501030 0.106319624359 0.101818509545 0.097359671190 0.092948326319 0.088590527532 0.084293325532 0.080064968271 0.075915145892 0.071855293114 0.067898963864 0.064062297008 0.060364597372 0.056829063466 0.053483704033 0.050362503765 0.047506936584 0.044968023792 0.042809452475 0.041113570061 0.040000000000 0.041113570061 0.042809452475 
0.387877951913 0.383168780958 0.378466767416 0.373772167749 0.369085250302 0.364406295980 0.359735598958 0.355073467441 0.350420224473 0.345776208798 0.341141775779 0.336517298380 0.331903168216 0.327299796666 0.322707616077 0.318127081036 0.313558669744 0.309002885475 0.304460258143 0.299931345983 0.295416737343 0.290917052611 0.286432946279 0.281965109153 0.277514270726 0.273081201722 0.268666716825 0.264271677609 0.259896995679 0.255543636046 0.251212620747 0.246905032730 0.242622020022 0.238364800208 0.234134665224 0.229932986507 0.225761220509 0.221620914609 0.217513713439 0.213441365650 0.209405731142 0.205408788790 0.201452644660 0.197539540772 0.193671864391 0.189852157882 0.186083129116 0.182367662436 0.178708830169 0.175109904654 0.171574370749 0.168105938756 0.164708557696 0.161386428804 0.158144019132 0.154986075077 0.151917635643 0.148944045183 0.146070965374 0.143304386117 0.140650635097 0.138116385750 0.135708663553 0.133434850786 0.131302690479 0.129320291268 0.127496136834 0.125839107428 0.124358529006 0.123064283388 0.121967057868 0.121078944965 0.120415098162 0.120000000000 0.120415098162 0.121078944965 0.121967057868 0.123064283388 0.124358529006 0.125839107428 0.127496136834 0.129320291268 0.131302690479 0.133434850786 0.135708663553 0.138116385750 0.140650635097 0.143304386117 0.146070965374 0.148944045183 0.151917635643 0.154986075077 0.158144019132 0.161386428804 0.164708557696 0.168105938756 0.171574370749 0.175109904654 0.178708830169 0.182367662436 0.182367662436 0.482001502132 0.477022440287 0.472043817084 0.467065646351 0.462087942499 0.457110720554 0.452133996189 0.447157785760 0.442182106344 0.437206975775 0.432232412692 0.427258436579 0.422285067817 0.417312327734 0.412340238663 0.407368823996 0.402398108253 0.397428117147 0.392458877656 0.387490418106 0.382522768251 0.377555959364 0.372590024337 0.367624997783 0.362660916153 0.357697817854 0.352735743385 0.347774735478 0.342814839253 0.337856102386 0.332898575291 0.327942311316 0.322987366960 0.318033802105 0.313081680274 0.308131068901 0.303182039644 0.298234668709 0.293289037218 0.288345231603 0.283403344047 0.278463472963 0.273525723520 0.268590208231 0.263657047594 0.258726370803 0.253798316538 0.248873033839 0.243950683081 0.239031437051 0.234115482157 0.229203019778 0.224294267772 0.219389462167 0.214488859066 0.209592736791 0.204701398298 0.199815173915 0.194934424446 0.190059544694 0.185190967484 0.180329168249 0.175474670289 0.170628050815 0.165789947898 0.160961068516 0.156142197860 0.151334210171 0.146538081368 0.141754903835 0.136985903792 0.132232461766 0.127496136834 0.122778695414 0.118082145632 0.113408778487 0.108761217413 0.104142478194 0.099556041748 0.095005942992 0.090496879863 0.086034347771 0.081624806303 0.077275887021 0.072996653914 0.068797931692 0.064692721914 0.060696733548 0.056829063466 0.053113075002 0.049577541096 0.046258148022 0.043199510225 0.040457971700 0.038105838669 0.036239150945 0.035000000000 0.036239150945 0.038105838669 
0.389614409611 0.384925623557 0.380244437373 0.375571120615 0.370905955175 0.366249235969 0.361601271662 0.356962385442 0.352332915841 0.347713217611 0.343103662659 0.338504641038 0.333916562011 0.329339855179 0.324774971691 0.320222385528 0.315682594885 0.311156123633 0.306643522893 0.302145372714 0.297662283865 0.293194899752 0.288743898471 0.284309995002 0.279893943558 0.275496540096 0.271118625006 0.266761085990 0.262424861144 0.258110942255 0.253820378326 0.249554279357 0.245313820383 0.241100245794 0.236914873954 0.232759102133 0.228634411786 0.224542374166 0.220484656327 0.216463027508 0.212479365925 0.208535665983 0.204634045933 0.200776755960 0.196966186734 0.193204878410 0.189495530077 0.185841009632 0.182244364075 0.178708830169 0.175237845419 0.171835059305 0.168504344677 0.165249809196 0.162075806685 0.158986948216 0.155988112755 0.153084457115 0.150281425001 0.147584754883 0.145000486470 0.142534965627 0.140194847710 0.137987099601 0.135919001265 0.133998148661 0.132232461766 0.130630205190 0.129200036588 0.127951115320 0.126893347067 0.126037967197 0.125399141320 0.125000000000 0.125399141320 0.126037967197 0.126893347067 0.127951115320 0.129200036588 0.130630205190 0.132232461766 0.133998148661 0.135919001265 0.137987099601 0.140194847710 0.142534965627 0.145000486470 0.147584754883 0.150281425001 0.153084457115 0.155988112755 0.158986948216 0.162075806685 0.165249809196 0.168504344677 0.171835059305 0.175237845419 0.178708830169 0.182244364075 0.185841009632 0.185841009632 0.481544399141 0.476560584245 0.471577109305 0.466593985074 0.461611222761 0.456628834056 0.451646831154 0.446665226783 0.441684034237 0.436703267399 0.431722940783 0.426743069567 0.421763669626 0.416784757581 0.411806350837 0.406828467631 0.401851127083 0.396874349248 0.391898155174 0.386922566968 0.381947607855 0.376973302256 0.371999675862 0.367026755718 0.362054570314 0.357083149679 0.352112525488 0.347142731176 0.342173802060 0.337205775471 0.332238690901 0.327272590158 0.322307517539 0.317343520015 0.312380647436 0.307418952750 0.302458492249 0.297499325830 0.292541517290 0.287585134644 0.282630250477 0.277676942327 0.272725293115 0.267775391610 0.262827332957 0.257881219242 0.252937160138 0.247995273613 0.243055686717 0.238118536464 0.233183970817 0.228252149788 0.223323246672 0.218397449438 0.213474962292 0.208556007442 0.203640827094 0.198729685722 0.193822872644 0.188920704957 0.184023530893 0.179131733673 0.174245735926 0.169366004790 0.164493057808 0.159627469775 0.154769880702 0.149921005124 0.145081643009 0.140252692603 0.135435165610 0.130630205190 0.125839107428 0.121063347013 0.116304608141 0.111564821852 0.106846211403 0.102151347679 0.097483217271 0.092845306583 0.088241706404 0.083677242757 0.079157641721 0.074689738529 0.070281744764 0.065943592419 0.061687380507 0.057527959631 0.053483704033 0.049577541096 0.045838339360 0.042302805454 0.039018126900 0.036045776078 0.033467360800 0.031395133507 0.030000000000 0.031395133507 0.033467360800 
0.391406083117 0.386738117174 0.382078195835 0.377426601495 0.372783629311 0.368149587896 0.363524800057 0.358909603581 0.354304352065 0.349709415808 0.345125182746 0.340552059466 0.335990472266 0.331440868299 0.326903716785 0.322379510299 0.317868766156 0.313372027875 0.308889866745 0.304422883502 0.299971710104 0.295537011643 0.291119488367 0.286719877857 0.282338957334 0.277977546136 0.273636508353 0.269316755645 0.265019250251 0.260745008194 0.256495102710 0.252270667899 0.248072902626 0.243903074671 0.239762525156 0.235652673257 0.231575021219 0.227531159677 0.223522773323 0.219551646894 0.215619671526 0.211728851468 0.207881311155 0.204079302662 0.200325213521 0.196621574898 0.192971070124 0.189376543538 0.185841009632 0.182367662436 0.178959885089 0.175621259520 0.172355576141 0.169166843444 0.166059297354 0.163037410181 0.160105898989 0.157269733173 0.154534141041 0.151904615173 0.149386916408 0.146987076329 0.144711398342 0.142566457692 0.140559101353 0.138696449704 0.136985903792 0.135435165610 0.134052286234 0.132845773337 0.131824831177 0.130999928468 0.130384347160 0.130000000000 0.130384347160 0.130999928468 0.131824831177 0.132845773337 0.134052286234 0.135435165610 0.136985903792 0.138696449704 0.140559101353 0.142566457692 0.144711398342 0.146987076329 0.149386916408 0.151904615173 0.154534141041 0.157269733173 0.160105898989 0.163037410181 0.166059297354 0.169166843444 0.172355576141 0.175621259520 0.178959885089 0.182367662436 0.185841009632 0.189376543538 0.189376543538 0.481142417688 0.476154409994 0.471166654805 0.466179160131 0.461191934329 0.456204986109 0.451218324565 0.446231959187 0.441245899887 0.436260157024 0.431274741425 0.426289664414 0.421304937841 0.416320574115 0.411336586229 0.406352987806 0.401369793127 0.396387017178 0.391404675690 0.386422785190 0.381441363046 0.376460427522 0.371479997843 0.366500094249 0.361520738068 0.356541951790 0.351563759144 0.346586185187 0.341609256393 0.336633000759 0.331657447914 0.326682629237 0.321708577987 0.316735329448 0.311762921084 0.306791392704 0.301820786653 0.296851148012 0.291882524823 0.286914968330 0.281948533255 0.276983278089 0.272019265424 0.267056562312 0.262095240669 0.257135377716 0.252177056479 0.247220366332 0.242265403615 0.237312272316 0.232361084838 0.227411962859 0.222465038298 0.217520454400 0.212578366969 0.207638945750 0.202702376012 0.197768860338 0.192838620664 0.187911900619 0.182988968202 0.178070118858 0.173155679032 0.168246010276 0.163341514020 0.158442637127 0.153549878397 0.148663796185 0.143785017394 0.138914248109 0.134052286234 0.129200036588 0.124358529006 0.119528940175 0.114712620096 0.109911124352 0.105126253666 0.100360102722 0.095615120793 0.090894187571 0.086200708704 0.081538737093 0.076913128172 0.072329740444 0.067795696848 0.063319728827 0.058912634035 0.054587892173 0.050362503765 0.046258148022 0.042302805454 0.038533072467 0.034997538561 0.031761878943 0.028916990041 0.026593716789 0.025000000000 0.026593716789 0.028916990041 
0.393252120131 0.388605385004 0.383967140632 0.379337681964 0.374717317104 0.370106368013 0.365505171258 0.360914078806 0.356333458862 0.351763696766 0.347205195944 0.342658378915 0.338123688366 0.333601588293 0.329092565216 0.324597129470 0.320115816581 0.315649188727 0.311197836297 0.306762379551 0.302343470382 0.297941794203 0.293558071945 0.289193062194 0.284847563461 0.280522416608 0.276218507423 0.271936769364 0.267678186488 0.263443796557 0.259234694352 0.255052035193 0.250897038686 0.246770992695 0.242675257571 0.238611270628 0.234580550891 0.230584704123 0.226625428140 0.222704518412 0.218823873983 0.214985503675 0.211191532616 0.207444209054 0.203745911477 0.200099156002 0.196506604030 0.192971070124 0.189495530077 0.186083129116 0.182737190182 0.179461222197 0.176258928232 0.173134213452 0.170091192713 0.167134197647 0.164267783082 0.161496732597 0.158826063041 0.156261027848 0.153807119006 0.151470067662 0.149255843483 0.147170653238 0.145220939573 0.143413381991 0.141754903835 0.140252692603 0.138914248109 0.137747489038 0.136760988562 0.135964527476 0.135370594236 0.135000000000 0.135370594236 0.135964527476 0.136760988562 0.137747489038 0.138914248109 0.140252692603 0.141754903835 0.143413381991 0.145220939573 0.147170653238 0.149255843483 0.151470067662 0.153807119006 0.156261027848 0.158826063041 0.161496732597 0.164267783082 0.167134197647 0.170091192713 0.173134213452 0.176258928232 0.179461222197 0.182737190182 0.186083129116 0.189495530077 0.192971070124 0.192971070124 0.480796326297 0.475804698444 0.470813247270 0.465821978396 0.460830897686 0.455840011257 0.450849325492 0.445858847056 0.440868582910 0.435878540330 0.430888726924 0.425899150650 0.420909819835 0.415920743203 0.410931929891 0.405943389477 0.400955132009 0.395967168030 0.390979508612 0.385992165386 0.381005150582 0.376018477064 0.371032158373 0.366046208773 0.361060643296 0.356075477801 0.351090729022 0.346106414637 0.341122553331 0.336139164869 0.331156270176 0.326173891423 0.321192052115 0.316210777203 0.311230093186 0.306250028237 0.301270612336 0.296291877418 0.291313857528 0.286336589004 0.281360110669 0.276384464044 0.271409693588 0.266435846958 0.261462975302 0.256491133579 0.251520380922 0.246550781034 0.241582402640 0.236615319980 0.231649613376 0.226685369861 0.221722683882 0.216761658107 0.211802404326 0.206845044479 0.201889711819 0.196936552247 0.191985725827 0.187037408529 0.182091794233 0.177149097037 0.172209553932 0.167273427904 0.162341011548 0.157412631299 0.152488652400 0.147569484753 0.142655589854 0.137747489038 0.132845773337 0.127951115320 0.123064283388 0.118186159143 0.113317758590 0.108460258223 0.103615027284 0.098783667982 0.093968065993 0.089170454377 0.084393495188 0.079640384619 0.074914989806 0.070222028730 0.065567309478 0.060958052410 0.056403329783 0.051914674486 0.047506936584 0.043199510225 0.039018126900 0.034997538561 0.031185648369 0.027650114463 0.024489530116 0.021854511497 0.020000000000 0.021854511497 0.024489530116 
0.395151669159 0.390526551486 0.385910371317 0.381303435839 0.376706065753 0.372118595992 0.367541376469 0.362974772880 0.358419167549 0.353874960327 0.349342569548 0.344822433037 0.340315009187 0.335820778101 0.331340242798 0.326873930506 0.322422394025 0.317986213179 0.313565996362 0.309162382176 0.304776041172 0.300407677708 0.296058031914 0.291727881783 0.287418045400 0.283129383300 0.278862800983 0.274619251577 0.270399738669 0.266205319313 0.262037107219 0.257896276128 0.253784063402 0.249701773812 0.245650783557 0.241632544502 0.237648588657 0.233700532899 0.229790083942 0.225919043558 0.222089314053 0.218302903992 0.214561934179 0.210868643871 0.207225397217 0.203634689908 0.200099156002 0.196621574898 0.193204878410 0.189852157882 0.186566671288 0.183351850227 0.180211306719 0.177148839691 0.174168441033 0.171274301069 0.168470813303 0.165762578276 0.163154406380 0.160651319498 0.158258551388 0.155981546831 0.153825959742 0.151797650747 0.149902685297 0.148147334342 0.146538081368 0.145081643009 0.143785017394 0.142655589854 0.141701364316 0.140931502370 0.140357777346 0.140000000000 0.140357777346 0.140931502370 0.141701364316 0.142655589854 0.143785017394 0.145081643009 0.146538081368 0.148147334342 0.149902685297 0.151797650747 0.153825959742 0.155981546831 0.158258551388 0.160651319498 0.163154406380 0.165762578276 0.168470813303 0.171274301069 0.174168441033 0.177148839691 0.180211306719 0.183351850227 0.186566671288 0.189852157882 0.193204878410 0.196621574898 0.196621574898 0.480507100805 0.475512439704 0.470517891502 0.465523459804 0.460529148365 0.455534961107 0.450540902122 0.445546975681 0.440553186249 0.435559538493 0.430566037291 0.425572687748 0.420579495210 0.415586465273 0.410593603803 0.405600916949 0.400608411163 0.395616093216 0.390623970220 0.385632049651 0.380640339366 0.375648847637 0.370657583169 0.365666555137 0.360675773213 0.355685247599 0.350694989069 0.345705009005 0.340715319442 0.335725933114 0.330736863508 0.325748124916 0.320759732501 0.315771702358 0.310784051592 0.305796798395 0.300809962134 0.295823563447 0.290837624347 0.285852168341 0.280867220555 0.275882807877 0.270898959113 0.265915705159 0.260933079193 0.255951116892 0.250969856665 0.245989339920 0.241009611361 0.236030719321 0.231052716134 0.226075658556 0.221099608236 0.216124632254 0.211150803726 0.206178202493 0.201206915909 0.196237039734 0.191268679164 0.186301950010 0.181336980062 0.176373910661 0.171412898530 0.166454117897 0.161497762992 0.156544050961 0.151593225317 0.146645560018 0.141701364316 0.136760988562 0.131824831177 0.126893347067 0.121967057868 0.117046564450 0.112132562327 0.107225860741 0.102327406495 0.097438313946 0.092559903081 0.087693748274 0.082841741370 0.078006174149 0.073189847395 0.068396216941 0.063629591934 0.058895408043 0.054200610184 0.049554198564 0.044968023792 0.040457971700 0.036045776078 0.031761878943 0.027650114463 0.023775749150 0.020240215244 0.017211152034 0.015000000000 0.017211152034 0.020240215244 
0.397103880238 0.392500743057 0.387906989947 0.383322939985 0.378748926103 0.374185295794 0.369632411881 0.365090653311 0.360560416011 0.356042113783 0.351536179263 0.347043064929 0.342563244174 0.338097212440 0.333645488426 0.329208615361 0.324787162362 0.320381725866 0.315992931161 0.311621433994 0.307267922290 0.302933117970 0.298617778877 0.294322700823 0.290048719757 0.285796714063 0.281567606994 0.277362369255 0.273182021734 0.269027638392 0.264900349329 0.260801344008 0.256731874680 0.252693259983 0.248686888745 0.244714223986 0.240776807122 0.236876262387 0.233014301459 0.229192728300 0.225413444213 0.221678453092 0.217989866876 0.214349911185 0.210760931123 0.207225397217 0.203745911477 0.200325213521 0.196966186734 0.193671864391 0.190445435686 0.187290251580 0.184209830378 0.181207862931 0.178288217346 0.175454943067 0.172712274205 0.170064631968 0.167516626074 0.165073055050 0.162738905375 0.160519349529 0.158419743214 0.156445622294 0.154602700565 0.152896870419 0.151334210171 0.149921005124 0.148663796185 0.147569484753 0.146645560018 0.145900624543 0.145345804909 0.145000000000 0.145345804909 0.145900624543 0.146645560018 0.147569484753 0.148663796185 0.149921005124 0.151334210171 0.152896870419 0.154602700565 0.156445622294 0.158419743214 0.160519349529 0.162738905375 0.165073055050 0.167516626074 0.170064631968 0.172712274205 0.175454943067 0.178288217346 0.181207862931 0.184209830378 0.187290251580 0.190445435686 0.193671864391 0.196966186734 0.200325213521 0.200325213521 0.480276101916 0.475279012488 0.470281984723 0.465285020594 0.460288122159 0.455291291564 0.450294531051 0.445297842961 0.440301229738 0.435304693940 0.430308238241 0.425311865439 0.420315578463 0.415319380384 0.410323274416 0.405327263934 0.400331352476 0.395335543758 0.390339841683 0.385344250353 0.380348774083 0.375353417415 0.370358185131 0.365363082271 0.360368114149 0.355373286373 0.350378604868 0.345384075891 0.340389706063 0.335395502392 0.330401472300 0.325407623657 0.320413964813 0.315420504637 0.310427252556 0.305434218601 0.300441413452 0.295448848498 0.290456535892 0.285464488614 0.280472720547 0.275481246556 0.270490082571 0.265499245689 0.260508754281 0.255518628111 0.250528888470 0.245539558328 0.240550662500 0.235562227832 0.230574283419 0.225586860835 0.220599994409 0.215613721526 0.210628082975 0.205643123339 0.200658891453 0.195675440908 0.190692830650 0.185711125658 0.180730397729 0.175750726393 0.170772199974 0.165794916828 0.160818986804 0.155844532951 0.150871693555 0.145900624543 0.140931502370 0.135964527476 0.130999928468 0.126037967197 0.121078944965 0.116123210164 0.111171167745 0.106223291046 0.101280136684 0.096342363477 0.091410756706 0.086486259560 0.081570014333 0.076663417060 0.071768190944 0.066886486487 0.062021020242 0.057175270528 0.052353759066 0.047562465409 0.042809452475 0.038105838669 0.033467360800 0.028916990041 0.024489530116 0.020240215244 0.016262178533 0.012726644627 0.010000000000 0.012726644627 0.016262178533 
0.399107905643 0.394527088885 0.389956101837 0.385395275107 0.380844953455 0.376305496511 0.371777279542 0.367260694249 0.362756149618 0.358264072823 0.353784910176 0.349319128130 0.344867214350 0.340429678838 0.336007055125 0.331599901540 0.327208802542 0.322834370140 0.318477245392 0.314138099992 0.309817637951 0.305516597373 0.301235752344 0.296975914914 0.292737937214 0.288522713676 0.284331183394 0.280164332606 0.276023197330 0.271908866129 0.267822483042 0.263765250665 0.259738433396 0.255743360845 0.251781431424 0.247854116107 0.243962962361 0.240109598273 0.236295736837 0.232523180428 0.228793825440 0.225109667087 0.221472804357 0.217885445091 0.214349911185 0.210868643871 0.207444209054 0.204079302662 0.200776755960 0.197539540772 0.194370774542 0.191273725161 0.188251815462 0.185308627297 0.182447905078 0.179673558675 0.176989665541 0.174400471968 0.171910393357 0.169524013450 0.167246082520 0.165081514621 0.163035384206 0.161112922702 0.159319516195 0.157660706286 0.156142197860 0.154769880702 0.153549878397 0.152488652400 0.151593225317 0.150871693555 0.150334596842 0.150000000000 0.150334596842 0.150871693555 0.151593225317 0.152488652400 0.153549878397 0.154769880702 0.156142197860 0.157660706286 0.159319516195 0.161112922702 0.163035384206 0.165081514621 0.167246082520 0.169524013450 0.171910393357 0.174400471968 0.176989665541 0.179673558675 0.182447905078 0.185308627297 0.188251815462 0.191273725161 0.194370774542 0.197539540772 0.200776755960 0.204079302662 0.204079302662 0.480105522764 0.475106636394 0.470107773655 0.465108935306 0.460110122137 0.455111334973 0.450112574674 0.445113842140 0.440115138312 0.435116464170 0.430117820745 0.425119209110 0.420120630394 0.415122085775 0.410123576490 0.405125103839 0.400126669181 0.395128273946 0.390129919638 0.385131607834 0.380133340196 0.375135118473 0.370136944507 0.365138820238 0.360140747716 0.355142729100 0.350144766675 0.345146862854 0.340149020189 0.335151241384 0.330153529303 0.325155886983 0.320158317649 0.315160824726 0.310163411854 0.305166082911 0.300168842026 0.295171693602 0.290174642341 0.285177693266 0.280180851754 0.275184123560 0.270187514858 0.265191032278 0.260194682944 0.255198474526 0.250202415293 0.245206514168 0.240210780799 0.235215225629 0.230219859984 0.225224696164 0.220229747552 0.215235028735 0.210240555640 0.205246345694 0.200252418001 0.195258793551 0.190265495453 0.185272549212 0.180279983045 0.175287828251 0.170296119635 0.165304896022 0.160314200838 0.155324082820 0.150334596842 0.145345804909 0.140357777346 0.135370594236 0.130384347160 0.125399141320 0.120415098162 0.115432358602 0.110451087074 0.105471476602 0.100493755255 0.095518194407 0.090545119447 0.085574923798 0.080608087519 0.075645202313 0.070687005667 0.065734428236 0.060788660837 0.055851251183 0.050924246878 0.046010412560 0.041113570061 0.036239150945 0.031395133507 0.026593716789 0.021854511497 0.017211152034 0.012726644627 0.008535533906 0.005000000000 0.008535533906 0.012726644627 
0.401162900580 0.396604721579 0.392056816304 0.387519526504 0.382993208354 0.378478233172 0.373974988186 0.369483877331 0.365005322097 0.360539762428 0.356087657664 0.351649487545 0.347225753263 0.342816978581 0.338423711012 0.334046523065 0.329686013564 0.325342809038 0.321017565195 0.316710968477 0.312423737697 0.308156625780 0.303910421590 0.299685951870 0.295484083274 0.291305724527 0.287151828693 0.283023395564 0.278921474184 0.274847165497 0.270801625135 0.266786066345 0.262801763065 0.258850053140 0.254932341692 0.251050104646 0.247204892395 0.243398333627 0.239632139292 0.235908106712 0.232228123825 0.228594173550 0.225008338263 0.221472804357 0.217989866876 0.214561934179 0.211191532616 0.207881311155 0.204634045933 0.201452644660 0.198340150811 0.195299747542 0.192334761237 0.189448664599 0.186645079190 0.183927777316 0.181300683150 0.178767873015 0.176333574740 0.174002166055 0.171778172071 0.169666261964 0.167671245223 0.165798068073 0.164051811260 0.162437691246 0.160961068516 0.159627469775 0.158442637127 0.157412631299 0.156544050961 0.155844532951 0.155324082820 0.155000000000 0.155324082820 0.155844532951 0.156544050961 0.157412631299 0.158442637127 0.159627469775 0.160961068516 0.162437691246 0.164051811260 0.165798068073 0.167671245223 0.169666261964 0.171778172071 0.174002166055 0.176333574740 0.178767873015 0.181300683150 0.183927777316 0.186645079190 0.189448664599 0.192334761237 0.195299747542 0.198340150811 0.201452644660 0.204634045933 0.207881311155 0.207881311155 0.480000000000 0.475000000000 0.470000000000 0.465000000000 0.460000000000 0.455000000000 0.450000000000 0.445000000000 0.440000000000 0.435000000000 0.430000000000 0.425000000000 0.420000000000 0.415000000000 0.410000000000 0.405000000000 0.400000000000 0.395000000000 0.390000000000 0.385000000000 0.380000000000 0.375000000000 0.370000000000 0.365000000000 0.360000000000 0.355000000000 0.350000000000 0.345000000000 0.340000000000 0.335000000000 0.330000000000 0.325000000000 0.320000000000 0.315000000000 0.310000000000 0.305000000000 0.300000000000 0.295000000000 0.290000000000 0.285000000000 0.280000000000 0.275000000000 0.270000000000 0.265000000000 0.260000000000 0.255000000000 0.250000000000 0.245000000000 0.240000000000 0.235000000000 0.230000000000 0.225000000000 0.220000000000 0.215000000000 0.210000000000 0.205000000000 0.200000000000 0.195000000000 0.190000000000 0.185000000000 0.180000000000 0.175000000000 0.170000000000 0.165000000000 0.160000000000 0.155000000000 0.150000000000 0.145000000000 0.140000000000 0.135000000000 0.130000000000 0.125000000000 0.120000000000 0.115000000000 0.110000000000 0.105000000000 0.100000000000 0.095000000000 0.090000000000 0.085000000000 0.080000000000 0.075000000000 0.070000000000 0.065000000000 0.060000000000 0.055000000000 0.050000000000 0.045000000000 0.040000000000 0.035000000000 0.030000000000 0.025000000000 0.020000000000 0.015000000000 0.010000000000 0.005000000000 0.000000000000 0.005000000000 0.010000000000 
0.403268023855 0.398732777886 0.394208247373 0.389694784805 0.385192757337 0.380702547512 0.376224554020 0.371759192493 0.367306896354 0.362868117700 0.358443328244 0.354033020305 0.349637707849 0.345257927595 0.340894240174 0.336547231356 0.332217513346 0.327905726147 0.323612538999 0.319338651897 0.315084797194 0.310851741282 0.306640286375 0.302451272379 0.298285578861 0.294144127126 0.290027882395 0.285937856099 0.281875108287 0.277840750149 0.273835946666 0.269861919383 0.265919949306 0.262011379931 0.258137620398 0.254300148779 0.250500515490 0.246740346822 0.243021348595 0.239345309926 0.235714107086 0.232129707456 0.228594173550 0.225109667087 0.221678453092 0.218302903992 0.214985503675 0.211728851468 0.208535665983 0.205408788790 0.202351187831 0.199365960533 0.196456336517 0.193625679843 0.190877490685 0.188215406362 0.185643201635 0.183164788188 0.180784213266 0.178505657428 0.176333431507 0.174271972929 0.172325841764 0.170499717170 0.168798395399 0.167226791438 0.165789947898 0.164493057808 0.163341514020 0.162341011548 0.161497762992 0.160818986804 0.160314200838 0.160000000000 0.160314200838 0.160818986804 0.161497762992 0.162341011548 0.163341514020 0.164493057808 0.165789947898 0.167226791438 0.168798395399 0.170499717170 0.172325841764 0.174271972929 0.176333431507 0.178505657428 0.180784213266 0.183164788188 0.185643201635 0.188215406362 0.190877490685 0.193625679843 0.196456336517 0.199365960533 0.202351187831 0.205408788790 0.208535665983 0.211728851468 0.211728851468 0.480105522764 0.475106636394 0.470107773655 0.465108935306 0.460110122137 0.455111334973 0.450112574674 0.445113842140 0.440115138312 0.435116464170 0.430117820745 0.425119209110 0.420120630394 0.415122085775 0.410123576490 0.405125103839 0.400126669181 0.395128273946 0.390129919638 0.385131607834 0.380133340196 0.375135118473 0.370136944507 0.365138820238 0.360140747716 0.355142729100 0.350144766675 0.345146862854 0.340149020189 0.335151241384 0.330153529303 0.325155886983 0.320158317649 0.315160824726 0.310163411854 0.305166082911 0.300168842026 0.295171693602 0.290174642341 0.285177693266 0.280180851754 0.275184123560 0.270187514858 0.265191032278 0.260194682944 0.255198474526 0.250202415293 0.245206514168 0.240210780799 0.235215225629 0.230219859984 0.225224696164 0.220229747552 0.215235028735 0.210240555640 0.205246345694 0.200252418001 0.195258793551 0.190265495453 0.185272549212 0.180279983045 0.175287828251 0.170296119635 0.165304896022 0.160314200838 0.155324082820 0.150334596842 0.145345804909 0.140357777346 0.135370594236 0.130384347160 0.125399141320 0.120415098162 0.115432358602 0.110451087074 0.105471476602 0.100493755255 0.095518194407 0.090545119447 0.085574923798 0.080608087519 0.075645202313 0.070687005667 0.065734428236 0.060788660837 0.055851251183 0.050924246878 0.046010412560 0.041113570061 0.036239150945 0.031395133507 0.026593716789 0.021854511497 0.017211152034 0.012726644627 0.008535533906 0.005000000000 0.008535533906 0.012726644627 
0.405422438516 0.400910399347 0.396409514459 0.391920146662 0.387442673646 0.382977488700 0.378525001464 0.374085638722 0.369659845241 0.365248084647 0.360850840358 0.356468616560 0.352101939232 0.347751357237 0.343417443461 0.339100796016 0.334802039506 0.330521826365 0.326260838258 0.322019787559 0.317799418906 0.313600510839 0.309423877516 0.305270370521 0.301140880762 0.297036340464 0.292957725257 0.288906056365 0.284882402904 0.280887884273 0.276923672671 0.272990995705 0.269091139122 0.265225449642 0.261395337909 0.257602281541 0.253847828288 0.250133599292 0.246461292433 0.242832685759 0.239249640992 0.235714107086 0.232228123825 0.228793825440 0.225413444213 0.222089314053 0.218823873983 0.215619671526 0.212479365925 0.209405731142 0.206401658602 0.203470159577 0.200614367182 0.197837537876 0.195143052414 0.192534416154 0.190015258673 0.187589332611 0.185260511739 0.183032788242 0.180910269314 0.178897173270 0.176997825537 0.175216655240 0.173558193533 0.172027075730 0.170628050815 0.169366004790 0.168246010276 0.167273427904 0.166454117897 0.165794916828 0.165304896022 0.165000000000 0.165304896022 0.165794916828 0.166454117897 0.167273427904 0.168246010276 0.169366004790 0.170628050815 0.172027075730 0.173558193533 0.175216655240 0.176997825537 0.178897173270 0.180910269314 0.183032788242 0.185260511739 0.187589332611 0.190015258673 0.192534416154 0.195143052414 0.197837537876 0.200614367182 0.203470159577 0.206401658602 0.209405731142 0.212479365925 0.215619671526 0.215619671526 0.480276101916 0.475279012488 0.470281984723 0.465285020594 0.460288122159 0.455291291564 0.450294531051 0.445297842961 0.440301229738 0.435304693940 0.430308238241 0.425311865439 0.420315578463 0.415319380384 0.410323274416 0.405327263934 0.400331352476 0.395335543758 0.390339841683 0.385344250353 0.380348774083 0.375353417415 0.370358185131 0.365363082271 0.360368114149 0.355373286373 0.350378604868 0.345384075891 0.340389706063 0.335395502392 0.330401472300 0.325407623657 0.320413964813 0.315420504637 0.310427252556 0.305434218601 0.300441413452 0.295448848498 0.290456535892 0.285464488614 0.280472720547 0.275481246556 0.270490082571 0.265499245689 0.260508754281 0.255518628111 0.250528888470 0.245539558328 0.240550662500 0.235562227832 0.230574283419 0.225586860835 0.220599994409 0.215613721526 0.210628082975 0.205643123339 0.200658891453 0.195675440908 0.190692830650 0.185711125658 0.180730397729 0.175750726393 0.170772199974 0.165794916828 0.160818986804 0.155844532951 0.150871693555 0.145900624543 0.140931502370 0.135964527476 0.130999928468 0.126037967197 0.121078944965 0.116123210164 0.111171167745 0.106223291046 0.101280136684 0.096342363477 0.091410756706 0.086486259560 0.081570014333 0.076663417060 0.071768190944 0.066886486487 0.062021020242 0.057175270528 0.052353759066 0.047562465409 0.042809452475 0.038105838669 0.033467360800 0.028916990041 0.024489530116 0.020240215244 0.016262178533 0.012726644627 0.010000000000 0.012726644627 0.016262178533 
0.407625312476 0.403136732933 0.398659743011 0.394194715411 0.389742037901 0.385302114026 0.380875363852 0.376462224760 0.372063152267 0.367678620896 0.363309125097 0.358955180202 0.354617323444 0.350296115018 0.345992139200 0.341706005529 0.337438350038 0.333189836559 0.328961158088 0.324753038220 0.320566232657 0.316401530787 0.312259757344 0.308141774148 0.304048481927 0.299980822224 0.295939779392 0.291926382685 0.287941708429 0.283986882301 0.280063081691 0.276171538165 0.272313540023 0.268490434946 0.264703632737 0.260954608153 0.257244903815 0.253576133194 0.249949983674 0.246368219665 0.242832685759 0.239345309926 0.235908106712 0.232523180428 0.229192728300 0.225919043558 0.222704518412 0.219551646894 0.216463027508 0.213441365650 0.210489475725 0.207610282927 0.204806824591 0.202082251071 0.199439826068 0.196882926349 0.194415040801 0.192039768769 0.189760817695 0.187582000055 0.185507229734 0.183540518038 0.181685969746 0.179947779920 0.178330232620 0.176837703575 0.175474670289 0.174245735926 0.173155679032 0.172209553932 0.171412898530 0.170772199974 0.170296119635 0.170000000000 0.170296119635 0.170772199974 0.171412898530 0.172209553932 0.173155679032 0.174245735926 0.175474670289 0.176837703575 0.178330232620 0.179947779920 0.181685969746 0.183540518038 0.185507229734 0.187582000055 0.189760817695 0.192039768769 0.194415040801 0.196882926349 0.199439826068 0.202082251071 0.204806824591 0.207610282927 0.210489475725 0.213441365650 0.216463027508 0.219551646894 0.219551646894 0.480507100805 0.475512439704 0.470517891502 0.465523459804 0.460529148365 0.455534961107 0.450540902122 0.445546975681 0.440553186249 0.435559538493 0.430566037291 0.425572687748 0.420579495210 0.415586465273 0.410593603803 0.405600916949 0.400608411163 0.395616093216 0.390623970220 0.385632049651 0.380640339366 0.375648847637 0.370657583169 0.365666555137 0.360675773213 0.355685247599 0.350694989069 0.345705009005 0.340715319442 0.335725933114 0.330736863508 0.325748124916 0.320759732501 0.315771702358 0.310784051592 0.305796798395 0.300809962134 0.295823563447 0.290837624347 0.285852168341 0.280867220555 0.275882807877 0.270898959113 0.265915705159 0.260933079193 0.255951116892 0.250969856665 0.245989339920 0.241009611361 0.236030719321 0.231052716134 0.226075658556 0.221099608236 0.216124632254 0.211150803726 0.206178202493 0.201206915909 0.196237039734 0.191268679164 0.186301950010 0.181336980062 0.176373910661 0.171412898530 0.166454117897 0.161497762992 0.156544050961 0.151593225317 0.146645560018 0.141701364316 0.136760988562 0.131824831177 0.126893347067 0.121967057868 0.117046564450 0.112132562327 0.107225860741 0.102327406495 0.097438313946 0.092559903081 0.087693748274 0.082841741370 0.078006174149 0.073189847395 0.068396216941 0.063629591934 0.058895408043 0.054200610184 0.049554198564 0.044968023792 0.040457971700 0.036045776078 0.031761878943 0.027650114463 0.023775749150 0.020240215244 0.017211152034 0.015000000000 0.017211152034 0.020240215244 
0.409875819094 0.405410931641 0.400958065122 0.396517601693 0.392089938729 0.387675489533 0.383274684072 0.378887969757 0.374515812257 0.370158696356 0.365817126857 0.361491629524 0.357182752079 0.352891065240 0.348617163820 0.344361667874 0.340125223905 0.335908506127 0.331712217793 0.327537092586 0.323383896071 0.319253427226 0.315146520031 0.311064045146 0.307006911649 0.302976068860 0.298972508247 0.294997265399 0.291051422099 0.287136108460 0.283252505159 0.279401845743 0.275585419018 0.271804571515 0.268060710032 0.264355304246 0.260689889387 0.257066068972 0.253485517580 0.249949983674 0.246461292433 0.243021348595 0.239632139292 0.236295736837 0.233014301459 0.229790083942 0.226625428140 0.223522773323 0.220484656327 0.217513713439 0.214612681988 0.211784401571 0.209031814869 0.206357967987 0.203766010262 0.201259193491 0.198840870538 0.196514493283 0.194283609933 0.192151861737 0.190122979235 0.188200778270 0.186389156187 0.184692088922 0.183113630152 0.181657914503 0.180329168249 0.179131733673 0.178070118858 0.177149097037 0.176373910661 0.175750726393 0.175287828251 0.175000000000 0.175287828251 0.175750726393 0.176373910661 0.177149097037 0.178070118858 0.179131733673 0.180329168249 0.181657914503 0.183113630152 0.184692088922 0.186389156187 0.188200778270 0.190122979235 0.192151861737 0.194283609933 0.196514493283 0.198840870538 0.201259193491 0.203766010262 0.206357967987 0.209031814869 0.211784401571 0.214612681988 0.217513713439 0.220484656327 0.223522773323 0.223522773323 0.480796326297 0.475804698444 0.470813247270 0.465821978396 0.460830897686 0.455840011257 0.450849325492 0.445858847056 0.440868582910 0.435878540330 0.430888726924 0.425899150650 0.420909819835 0.415920743203 0.410931929891 0.405943389477 0.400955132009 0.395967168030 0.390979508612 0.385992165386 0.381005150582 0.376018477064 0.371032158373 0.366046208773 0.361060643296 0.356075477801 0.351090729022 0.346106414637 0.341122553331 0.336139164869 0.331156270176 0.326173891423 0.321192052115 0.316210777203 0.311230093186 0.306250028237 0.301270612336 0.296291877418 0.291313857528 0.286336589004 0.281360110669 0.276384464044 0.271409693588 0.266435846958 0.261462975302 0.256491133579 0.251520380922 0.246550781034 0.241582402640 0.236615319980 0.231649613376 0.226685369861 0.221722683882 0.216761658107 0.211802404326 0.206845044479 0.201889711819 0.196936552247 0.191985725827 0.187037408529 0.182091794233 0.177149097037 0.172209553932 0.167273427904 0.162341011548 0.157412631299 0.152488652400 0.147569484753 0.142655589854 0.137747489038 0.132845773337 0.127951115320 0.123064283388 0.118186159143 0.113317758590 0.108460258223 0.103615027284 0.098783667982 0.093968065993 0.089170454377 0.084393495188 0.079640384619 0.074914989806 0.070222028730 0.065567309478 0.060958052410 0.056403329783 0.051914674486 0.047506936584 0.043199510225 0.039018126900 0.034997538561 0.031185648369 0.027650114463 0.024489530116 0.021854511497 0.020000000000 0.021854511497 0.024489530116 
0.412173137731 0.407732155060 0.403303620107 0.398887924033 0.394485473351 0.390096690618 0.385722015167 0.381361903871 0.377016831950 0.372687293812 0.368373803936 0.364076897804 0.359797132867 0.355535089566 0.351291372403 0.347066611054 0.342861461545 0.338676607476 0.334512761307 0.330370665699 0.326251094919 0.322154856307 0.318082791808 0.314035779570 0.310014735612 0.306020615558 0.302054416444 0.298117178597 0.294209987581 0.290333976217 0.286490326674 0.282680272628 0.278905101485 0.275166156671 0.271464839982 0.267802613981 0.264181004450 0.260601602878 0.257066068972 0.253576133194 0.250133599292 0.246740346822 0.243398333627 0.240109598273 0.236876262387 0.233700532899 0.230584704123 0.227531159677 0.224542374166 0.221620914609 0.218769441560 0.215990709860 0.213287568987 0.210662962943 0.208119929631 0.205661599685 0.203291194718 0.201012024979 0.198827486436 0.196741057352 0.194756294494 0.192876829223 0.191106363893 0.189448669269 0.187907584132 0.186487019018 0.185190967484 0.184023530893 0.182988968202 0.182091794233 0.181336980062 0.180730397729 0.180279983045 0.180000000000 0.180279983045 0.180730397729 0.181336980062 0.182091794233 0.182988968202 0.184023530893 0.185190967484 0.186487019018 0.187907584132 0.189448669269 0.191106363893 0.192876829223 0.194756294494 0.196741057352 0.198827486436 0.201012024979 0.203291194718 0.205661599685 0.208119929631 0.210662962943 0.213287568987 0.215990709860 0.218769441560 0.221620914609 0.224542374166 0.227531159677 0.227531159677 0.481142417688 0.476154409994 0.471166654805 0.466179160131 0.461191934329 0.456204986109 0.451218324565 0.446231959187 0.441245899887 0.436260157024 0.431274741425 0.426289664414 0.421304937841 0.416320574115 0.411336586229 0.406352987806 0.401369793127 0.396387017178 0.391404675690 0.386422785190 0.381441363046 0.376460427522 0.371479997843 0.366500094249 0.361520738068 0.356541951790 0.351563759144 0.346586185187 0.341609256393 0.336633000759 0.331657447914 0.326682629237 0.321708577987 0.316735329448 0.311762921084 0.306791392704 0.301820786653 0.296851148012 0.291882524823 0.286914968330 0.281948533255 0.276983278089 0.272019265424 0.267056562312 0.262095240669 0.257135377716 0.252177056479 0.247220366332 0.242265403615 0.237312272316 0.232361084838 0.227411962859 0.222465038298 0.217520454400 0.212578366969 0.207638945750 0.202702376012 0.197768860338 0.192838620664 0.187911900619 0.182988968202 0.178070118858 0.173155679032 0.168246010276 0.163341514020 0.158442637127 0.153549878397 0.148663796185 0.143785017394 0.138914248109 0.134052286234 0.129200036588 0.124358529006 0.119528940175 0.114712620096 0.109911124352 0.105126253666 0.100360102722 0.095615120793 0.090894187571 0.086200708704 0.081538737093 0.076913128172 0.072329740444 0.067795696848 0.063319728827 0.058912634035 0.054587892173 0.050362503765 0.046258148022 0.042302805454 0.038533072467 0.034997538561 0.031761878943 0.028916990041 0.026593716789 0.025000000000 0.026593716789 0.028916990041 
0.414516454274 0.410099569899 0.405695555029 0.401304809383 0.396927748131 0.392564802577 0.388216420883 0.383883068818 0.379565230549 0.375263409472 0.370978129072 0.366709933834 0.362459390191 0.358227087514 0.354013639159 0.349819683542 0.345645885287 0.341492936404 0.337361557534 0.333252499240 0.329166543361 0.325104504417 0.321067231077 0.317055607684 0.313070555844 0.309113036077 0.305184049525 0.301284639726 0.297415894452 0.293578947601 0.289774981155 0.286005227192 0.282270969950 0.278573547946 0.274914356136 0.271294848117 0.267716538356 0.264181004450 0.260689889387 0.257244903815 0.253847828288 0.250500515490 0.247204892395 0.243962962361 0.240776807122 0.237648588657 0.234580550891 0.231575021219 0.228634411786 0.225761220509 0.222958031778 0.220227516811 0.217572433601 0.214995626420 0.212500024850 0.210088642284 0.207764573907 0.205530994129 0.203391153522 0.201348375332 0.199406051715 0.197567639959 0.195836659129 0.194216687841 0.192711364323 0.191324390683 0.190059544694 0.188920704957 0.187911900619 0.187037408529 0.186301950010 0.185711125658 0.185272549212 0.185000000000 0.185272549212 0.185711125658 0.186301950010 0.187037408529 0.187911900619 0.188920704957 0.190059544694 0.191324390683 0.192711364323 0.194216687841 0.195836659129 0.197567639959 0.199406051715 0.201348375332 0.203391153522 0.205530994129 0.207764573907 0.210088642284 0.212500024850 0.214995626420 0.217572433601 0.220227516811 0.222958031778 0.225761220509 0.228634411786 0.231575021219 0.231575021219 0.481544399141 0.476560584245 0.471577109305 0.466593985074 0.461611222761 0.456628834056 0.451646831154 0.446665226783 0.441684034237 0.436703267399 0.431722940783 0.426743069567 0.421763669626 0.416784757581 0.411806350837 0.406828467631 0.401851127083 0.396874349248 0.391898155174 0.386922566968 0.381947607855 0.376973302256 0.371999675862 0.367026755718 0.362054570314 0.357083149679 0.352112525488 0.347142731176 0.342173802060 0.337205775471 0.332238690901 0.327272590158 0.322307517539 0.317343520015 0.312380647436 0.307418952750 0.302458492249 0.297499325830 0.292541517290 0.287585134644 0.282630250477 0.277676942327 0.272725293115 0.267775391610 0.262827332957 0.257881219242 0.252937160138 0.247995273613 0.243055686717 0.238118536464 0.233183970817 0.228252149788 0.223323246672 0.218397449438 0.213474962292 0.208556007442 0.203640827094 0.198729685722 0.193822872644 0.188920704957 0.184023530893 0.179131733673 0.174245735926 0.169366004790 0.164493057808 0.159627469775 0.154769880702 0.149921005124 0.145081643009 0.140252692603 0.135435165610 0.130630205190 0.125839107428 0.121063347013 0.116304608141 0.111564821852 0.106846211403 0.102151347679 0.097483217271 0.092845306583 0.088241706404 0.083677242757 0.079157641721 0.074689738529 0.070281744764 0.065943592419 0.061687380507 0.057527959631 0.053483704033 0.049577541096 0.045838339360 0.042302805454 0.039018126900 0.036045776078 0.033467360800 0.031395133507 0.030000000000 0.031395133507 0.033467360800 
0.416904961623 0.412512350481 0.408133025207 0.403767393622 0.399415879074 0.395078921106 0.390756976171 0.386450518366 0.382160040209 0.377886053448 0.373629089909 0.369389702378 0.365168465527 0.360965976881 0.356782857825 0.352619754659 0.348477339694 0.344356312402 0.340257400608 0.336181361736 0.332128984102 0.328101088268 0.324098528433 0.320122193897 0.316173010565 0.312251942507 0.308359993584 0.304498209109 0.300667677576 0.296869532435 0.293104953912 0.289375170884 0.285681462786 0.282025161565 0.278407653663 0.274830382022 0.271294848117 0.267802613981 0.264355304246 0.260954608153 0.257602281541 0.254300148779 0.251050104646 0.247854116107 0.244714223986 0.241632544502 0.238611270628 0.235652673257 0.232759102133 0.229932986507 0.227176835484 0.224493238031 0.221884862584 0.219354456240 0.216904843495 0.214538924498 0.212259672819 0.210070132738 0.207973416092 0.205972698787 0.204071217106 0.202272264112 0.200579186566 0.198995383071 0.197524304590 0.196169459219 0.194934424446 0.193822872644 0.192838620664 0.191985725827 0.191268679164 0.190692830650 0.190265495453 0.190000000000 0.190265495453 0.190692830650 0.191268679164 0.191985725827 0.192838620664 0.193822872644 0.194934424446 0.196169459219 0.197524304590 0.198995383071 0.200579186566 0.202272264112 0.204071217106 0.205972698787 0.207973416092 0.210070132738 0.212259672819 0.214538924498 0.216904843495 0.219354456240 0.221884862584 0.224493238031 0.227176835484 0.229932986507 0.232759102133 0.235652673257 0.235652673257 0.482001502132 0.477022440287 0.472043817084 0.467065646351 0.462087942499 0.457110720554 0.452133996189 0.447157785760 0.442182106344 0.437206975775 0.432232412692 0.427258436579 0.422285067817 0.417312327734 0.412340238663 0.407368823996 0.402398108253 0.397428117147 0.392458877656 0.387490418106 0.382522768251 0.377555959364 0.372590024337 0.367624997783 0.362660916153 0.357697817854 0.352735743385 0.347774735478 0.342814839253 0.337856102386 0.332898575291 0.327942311316 0.322987366960 0.318033802105 0.313081680274 0.308131068901 0.303182039644 0.298234668709 0.293289037218 0.288345231603 0.283403344047 0.278463472963 0.273525723520 0.268590208231 0.263657047594 0.258726370803 0.253798316538 0.248873033839 0.243950683081 0.239031437051 0.234115482157 0.229203019778 0.224294267772 0.219389462167 0.214488859066 0.209592736791 0.204701398298 0.199815173915 0.194934424446 0.190059544694 0.185190967484 0.180329168249 0.175474670289 0.170628050815 0.165789947898 0.160961068516 0.156142197860 0.151334210171 0.146538081368 0.141754903835 0.136985903792 0.132232461766 0.127496136834 0.122778695414 0.118082145632 0.113408778487 0.108761217413 0.104142478194 0.099556041748 0.095005942992 0.090496879863 0.086034347771 0.081624806303 0.077275887021 0.072996653914 0.068797931692 0.064692721914 0.060696733548 0.056829063466 0.053113075002 0.049577541096 0.046258148022 0.043199510225 0.040457971700 0.038105838669 0.036239150945 0.035000000000 0.036239150945 0.038105838669 
0.419337860148 0.414969679203 0.410615194670 0.406274822018 0.401948992289 0.397638152761 0.393342767641 0.389063318789 0.384800306479 0.380554250189 0.376325689422 0.372115184575 0.367923317832 0.363750694103 0.359597942004 0.355465714873 0.351354691829 0.347265578883 0.343199110078 0.339156048689 0.335137188462 0.331143354898 0.327175406594 0.323234236617 0.319320773942 0.315435984923 0.311580874821 0.307756489373 0.303963916405 0.300204287490 0.296478779642 0.292788617052 0.289135072848 0.285519470886 0.281943187569 0.278407653663 0.274914356136 0.271464839982 0.268060710032 0.264703632737 0.261395337909 0.258137620398 0.254932341692 0.251781431424 0.248686888745 0.245650783557 0.242675257571 0.239762525156 0.236914873954 0.234134665224 0.231424333888 0.228786388226 0.226223409216 0.223738049461 0.221333031690 0.219011146828 0.216775251609 0.214628265768 0.212573168867 0.210612996832 0.208750838391 0.206989831683 0.205333161462 0.203784057628 0.202345796180 0.201021704473 0.199815173915 0.198729685722 0.197768860338 0.196936552247 0.196237039734 0.195675440908 0.195258793551 0.195000000000 0.195258793551 0.195675440908 0.196237039734 0.196936552247 0.197768860338 0.198729685722 0.199815173915 0.201021704473 0.202345796180 0.203784057628 0.205333161462 0.206989831683 0.208750838391 0.210612996832 0.212573168867 0.214628265768 0.216775251609 0.219011146828 0.221333031690 0.223738049461 0.226223409216 0.228786388226 0.231424333888 0.234134665224 0.236914873954 0.239762525156 0.239762525156 0.482513080293 0.477539320368 0.472566108631 0.467593462300 0.462621399315 0.457649938380 0.452679099001 0.447708901527 0.442739367202 0.437770518207 0.432802377717 0.427834969955 0.422868320253 0.417902455112 0.412937402274 0.407973190794 0.403009851115 0.398047415153 0.393085916390 0.388125389963 0.383165872775 0.378207403599 0.373250023201 0.368293774468 0.363338702547 0.358384854992 0.353432281926 0.348481036218 0.343531173668 0.338582753212 0.333635837145 0.328690491357 0.323746785599 0.318804793760 0.313864594182 0.308926269992 0.303989909468 0.299055606442 0.294123460739 0.289193578652 0.284266073473 0.279341066069 0.274418685512 0.269499069787 0.264582366555 0.259668734007 0.254758341804 0.249851372119 0.244948020794 0.240048498625 0.235153032789 0.230261868440 0.225375270491 0.220493525607 0.215616944435 0.210745864124 0.205880651142 0.201021704473 0.196169459219 0.191324390683 0.186487019018 0.181657914503 0.176837703575 0.172027075730 0.167226791438 0.162437691246 0.157660706286 0.152896870419 0.148147334342 0.143413381991 0.138696449704 0.133998148661 0.129320291268 0.124664922261 0.120034355526 0.115431217843 0.110858501030 0.106319624359 0.101818509545 0.097359671190 0.092948326319 0.088590527532 0.084293325532 0.080064968271 0.075915145892 0.071855293114 0.067898963864 0.064062297008 0.060364597372 0.056829063466 0.053483704033 0.050362503765 0.047506936584 0.044968023792 0.042809452475 0.041113570061 0.040000000000 0.041113570061 0.042809452475 
0.421814358110 0.417470746958 0.413141236583 0.408826249648 0.404526224409 0.400241615372 0.395972893967 0.391720549261 0.387485088693 0.383267038852 0.379066946274 0.374885378281 0.370722923857 0.366580194551 0.362457825425 0.358356476035 0.354276831455 0.350219603337 0.346185531011 0.342175382634 0.338189956367 0.334230081608 0.330296620254 0.326390468018 0.322512555778 0.318663850968 0.314845359016 0.311058124808 0.307303234203 0.303581815569 0.299895041360 0.296244129710 0.292630346059 0.289055004792 0.285519470886 0.282025161565 0.278573547946 0.275166156671 0.271804571515 0.268490434946 0.265225449642 0.262011379931 0.258850053140 0.255743360845 0.252693259983 0.249701773812 0.246770992695 0.243903074671 0.241100245794 0.238364800208 0.235699099922 0.233105574262 0.230586718970 0.228145094921 0.225783326449 0.223504099265 0.221310157972 0.219204303210 0.217189388487 0.215268316803 0.213444037227 0.211719541740 0.210097862742 0.208582071955 0.207175281809 0.205880651142 0.204701398298 0.203640827094 0.202702376012 0.201889711819 0.201206915909 0.200658891453 0.200252418001 0.200000000000 0.200252418001 0.200658891453 0.201206915909 0.201889711819 0.202702376012 0.203640827094 0.204701398298 0.205880651142 0.207175281809 0.208582071955 0.210097862742 0.211719541740 0.213444037227 0.215268316803 0.217189388487 0.219204303210 0.221310157972 0.223504099265 0.225783326449 0.228145094921 0.230586718970 0.233105574262 0.235699099922 0.238364800208 0.241100245794 0.243903074671 0.243903074671 0.483078563344 0.478110643365 0.473143391606 0.468176828975 0.463210977253 0.458245859143 0.453281498313 0.448317919456 0.443355148339 0.438393211863 0.433432138128 0.428471956495 0.423512697665 0.418554393746 0.413597078342 0.408640786635 0.403685555480 0.398731423507 0.393778431222 0.388826621128 0.383876037844 0.378926728239 0.373978741571 0.369032129646 0.364086946977 0.359143250963 0.354201102083 0.349260564100 0.344321704284 0.339384593657 0.334449307252 0.329515924398 0.324584529028 0.319655210013 0.314728061528 0.309803183444 0.304880681763 0.299960669088 0.295043265138 0.290128597310 0.285216801293 0.280308021749 0.275402413049 0.270500140093 0.265601379205 0.260706319122 0.255815162088 0.250928125062 0.246045441057 0.241167360618 0.236294153477 0.231426110382 0.226563545143 0.221706796915 0.216856232748 0.212012250453 0.207175281809 0.202345796180 0.197524304590 0.192711364323 0.187907584132 0.183113630152 0.178330232620 0.173558193533 0.168798395399 0.164051811260 0.159319516195 0.154602700565 0.149902685297 0.145220939573 0.140559101353 0.135919001265 0.131302690479 0.126712473341 0.122150945683 0.117621039933 0.113126078397 0.108669836383 0.104256617213 0.099891341621 0.095579654616 0.091328053577 0.087144042205 0.083036316016 0.079014986313 0.075091851168 0.071280723780 0.067597830914 0.064062297008 0.060696733548 0.057527959631 0.054587892173 0.051914674486 0.049554198564 0.047562465409 0.046010412560 0.045000000000 0.046010412560 0.047562465409 
0.424333672053 0.420014753524 0.415710333634 0.411420841782 0.407146722966 0.402888438415 0.398646466258 0.394421302213 0.390213460309 0.386023473636 0.381851895124 0.377699298358 0.373566278421 0.369453452772 0.365361462156 0.361290971555 0.357242671165 0.353217277418 0.349215534036 0.345238213119 0.341286116280 0.337360075808 0.333460955867 0.329589653745 0.325747101119 0.321934265371 0.318152150932 0.314401800652 0.310684297208 0.307000764535 0.303352369276 0.299740322255 0.296165879965 0.292630346059 0.289135072848 0.285681462786 0.282270969950 0.278905101485 0.275585419018 0.272313540023 0.269091139122 0.265919949306 0.262801763065 0.259738433396 0.256731874680 0.253784063402 0.250897038686 0.248072902626 0.245313820383 0.242622020022 0.239999792066 0.237449488734 0.234973522850 0.232574366392 0.230254548676 0.228016654175 0.225863319972 0.223797232896 0.221821126398 0.219937777273 0.218150002421 0.216460655921 0.214872626852 0.213388838559 0.212012250453 0.210745864124 0.209592736791 0.208556007442 0.207638945750 0.206845044479 0.206178202493 0.205643123339 0.205246345694 0.205000000000 0.205246345694 0.205643123339 0.206178202493 0.206845044479 0.207638945750 0.208556007442 0.209592736791 0.210745864124 0.212012250453 0.213388838559 0.214872626852 0.216460655921 0.218150002421 0.219937777273 0.221821126398 0.223797232896 0.225863319972 0.228016654175 0.230254548676 0.232574366392 0.234973522850 0.237449488734 0.239999792066 0.242622020022 0.245313820383 0.248072902626 0.248072902626 0.483697430020 0.478735877437 0.473775123224 0.468815192261 0.463856110459 0.458897904821 0.453940603496 0.448984235838 0.444028832476 0.439074425379 0.434121047931 0.429168735008 0.424217523065 0.419267450222 0.414318556359 0.409370883222 0.404424474528 0.399479376082 0.394535635904 0.389593304362 0.384652434315 0.379713081268 0.374775303538 0.369839162431 0.364904722434 0.359972051423 0.355041220885 0.350112306156 0.345185386686 0.340260546312 0.335337873567 0.330417462009 0.325499410572 0.320583823958 0.315670813055 0.310760495391 0.305852995637 0.300948446144 0.296046987536 0.291148769355 0.286253950768 0.281362701340 0.276475201881 0.271591645377 0.266712238014 0.261837200301 0.256966768312 0.252101195057 0.247240751992 0.242385730697 0.237536444734 0.232693231707 0.227856455554 0.223026509109 0.218203816943 0.213388838559 0.208582071955 0.203784057628 0.198995383071 0.194216687841 0.189448669269 0.184692088922 0.179947779920 0.175216655240 0.170499717170 0.165798068073 0.161112922702 0.156445622294 0.151797650747 0.147170653238 0.142566457692 0.137987099601 0.133434850786 0.128912252813 0.124422155902 0.119967764345 0.115552689653 0.111181012880 0.106857357875 0.102586977563 0.098375855756 0.094230827508 0.090159721577 0.086171529263 0.082276604631 0.078486902012 0.074816257686 0.071280723780 0.067898963864 0.064692721914 0.061687380507 0.058912634035 0.056403329783 0.054200610184 0.052353759066 0.050924246878 0.050000000000 0.050924246878 0.052353759066 
0.426895027158 0.422600907920 0.418321678382 0.414057774232 0.409809646732 0.405577763343 0.401362608371 0.397164683643 0.392984509206 0.388822624054 0.384679586891 0.380555976910 0.376452394616 0.372369462665 0.368307826751 0.364268156508 0.360251146456 0.356257516975 0.352288015314 0.348343416628 0.344424525054 0.340532174817 0.336667231367 0.332830592550 0.329023189804 0.325245989396 0.321499993669 0.317786242330 0.314105813750 0.310459826291 0.306849439639 0.303275856161 0.299740322255 0.296244129710 0.292788617052 0.289375170884 0.286005227192 0.282680272628 0.279401845743 0.276171538165 0.272990995705 0.269861919383 0.266786066345 0.263765250665 0.260801344008 0.257896276128 0.255052035193 0.252270667899 0.249554279357 0.246905032730 0.244325148595 0.241816904009 0.239382631259 0.237024716282 0.234745596747 0.232547759804 0.230433739516 0.228406114011 0.226467502427 0.224620561770 0.222867983853 0.221212492623 0.219656842289 0.218203816943 0.216856232748 0.215616944435 0.214488859066 0.213474962292 0.212578366969 0.211802404326 0.211150803726 0.210628082975 0.210240555640 0.210000000000 0.210240555640 0.210628082975 0.211150803726 0.211802404326 0.212578366969 0.213474962292 0.214488859066 0.215616944435 0.216856232748 0.218203816943 0.219656842289 0.221212492623 0.222867983853 0.224620561770 0.226467502427 0.228406114011 0.230433739516 0.232547759804 0.234745596747 0.237024716282 0.239382631259 0.241816904009 0.244325148595 0.246905032730 0.249554279357 0.252270667899 0.252270667899 0.484369191163 0.479414522963 0.474460793030 0.469508030476 0.464556265619 0.459605530042 0.454655856664 0.449707279807 0.444759835273 0.439813560421 0.434868494255 0.429924677511 0.424982152758 0.420040964497 0.415101159272 0.410162785786 0.405225895031 0.400290540416 0.395356777914 0.390424666216 0.385494266895 0.380565644582 0.375638867157 0.370714005953 0.365791135976 0.360870336139 0.355951689519 0.351035283630 0.346121210718 0.341209568083 0.336300458421 0.331393990200 0.326490278066 0.321589443279 0.316691614190 0.311796926760 0.306905525118 0.302017562179 0.297133200307 0.292252612041 0.287375980896 0.282503502226 0.277635384177 0.272771848731 0.267913132847 0.263059489720 0.258211190165 0.253368524137 0.248531802417 0.243701358462 0.238877550466 0.234060763630 0.229251412693 0.224449944732 0.219656842289 0.214872626852 0.210097862742 0.205333161462 0.200579186566 0.195836659129 0.191106363893 0.186389156187 0.181685969746 0.176997825537 0.172325841764 0.167671245223 0.163035384206 0.158419743214 0.153825959742 0.149255843483 0.144711398342 0.140194847710 0.135708663553 0.131255599945 0.126838731799 0.122461499690 0.118127761809 0.113841854274 0.109608661262 0.105433696631 0.101323199028 0.097284242772 0.093324867161 0.089454227237 0.085682769426 0.082022435918 0.078486902012 0.075091851168 0.071855293114 0.068797931692 0.065943592419 0.063319728827 0.060958052410 0.058895408043 0.057175270528 0.055851251183 0.055000000000 0.055851251183 0.057175270528 
0.429497657572 0.425228428728 0.420974473579 0.416736233656 0.412514166022 0.408308743878 0.404120457197 0.399949813379 0.395797337930 0.391663575168 0.387549088959 0.383454463471 0.379380303968 0.375327237619 0.371295914347 0.367287007698 0.363301215745 0.359339262019 0.355401896468 0.351489896447 0.347604067739 0.343745245599 0.339914295827 0.336112115873 0.332339635963 0.328597820244 0.324887667960 0.321210214643 0.317566533318 0.313957735725 0.310384973545 0.306849439639 0.303352369276 0.299895041360 0.296478779642 0.293104953912 0.289774981155 0.286490326674 0.283252505159 0.280063081691 0.276923672671 0.273835946666 0.270801625135 0.267822483042 0.264900349329 0.262037107219 0.259234694352 0.256495102710 0.253820378326 0.251212620747 0.248673982239 0.246206666707 0.243812928324 0.241495069846 0.239255440634 0.237096434356 0.235020486424 0.233030071191 0.231127698988 0.229315913123 0.227597287026 0.225974421814 0.224449944732 0.223026509109 0.221706796915 0.220493525607 0.219389462167 0.218397449438 0.217520454400 0.216761658107 0.216124632254 0.215613721526 0.215235028735 0.215000000000 0.215235028735 0.215613721526 0.216124632254 0.216761658107 0.217520454400 0.218397449438 0.219389462167 0.220493525607 0.221706796915 0.223026509109 0.224449944732 0.225974421814 0.227597287026 0.229315913123 0.231127698988 0.233030071191 0.235020486424 0.237096434356 0.239255440634 0.241495069846 0.243812928324 0.246206666707 0.248673982239 0.251212620747 0.253820378326 0.256495102710 0.256495102710 0.485093378681 0.480146101405 0.475199911661 0.470254843042 0.465310930523 0.460368210535 0.455426721037 0.450486501596 0.445547593478 0.440610039730 0.435673885285 0.430739177057 0.425805964059 0.420874297511 0.415944230971 0.411015820465 0.406089124632 0.401164204870 0.396241125507 0.391319953966 0.386400760958 0.381483620680 0.376568611028 0.371655813827 0.366745315082 0.361837205239 0.356931579474 0.352028538002 0.347128186407 0.342230636003 0.337336004218 0.332444415018 0.327555999355 0.322670895657 0.317789250366 0.312911218506 0.308036964317 0.303166661930 0.298300496112 0.293438663073 0.288581371343 0.283728842737 0.278881313404 0.274039034977 0.269202275833 0.264371322474 0.259546481044 0.254728078999 0.249916466943 0.245112020654 0.240315143318 0.235526268002 0.230745860390 0.225974421814 0.221212492623 0.216460655921 0.211719541740 0.206989831683 0.202272264112 0.197567639959 0.192876829223 0.188200778270 0.183540518038 0.178897173270 0.174271972929 0.169666261964 0.165081514621 0.160519349529 0.155981546831 0.151470067662 0.146987076329 0.142534965627 0.138116385750 0.133734277373 0.129391909562 0.125092923250 0.120841381172 0.116641825249 0.112499342594 0.108419641449 0.104409138544 0.100475059579 0.096625554662 0.092869830761 0.089218303332 0.085682769426 0.082276604631 0.079014986313 0.075915145892 0.072996653914 0.070281744764 0.067795696848 0.065567309478 0.063629591934 0.062021020242 0.060788660837 0.060000000000 0.060788660837 0.062021020242 
0.432140806703 0.427896544380 0.423667932448 0.419455417840 0.415259462958 0.411080546265 0.406919162897 0.402775825305 0.398651063907 0.394545427776 0.390459485345 0.386393825144 0.382349056552 0.378325810588 0.374324740712 0.370346523668 0.366391860340 0.362461476646 0.358556124443 0.354676582476 0.350823657333 0.346998184440 0.343201029071 0.339433087382 0.335695287462 0.331988590412 0.328313991431 0.324672520922 0.321065245603 0.317493269631 0.313957735725 0.310459826291 0.307000764535 0.303581815569 0.300204287490 0.296869532435 0.293578947601 0.290333976217 0.287136108460 0.283986882301 0.280887884273 0.277840750149 0.274847165497 0.271908866129 0.269027638392 0.266205319313 0.263443796557 0.260745008194 0.258110942255 0.255543636046 0.253045175224 0.250617692599 0.248263366669 0.245984419866 0.243783116523 0.241661760579 0.239622693027 0.237668289184 0.235800955831 0.234023128371 0.232337268172 0.230745860390 0.229251412693 0.227856455554 0.226563545143 0.225375270491 0.224294267772 0.223323246672 0.222465038298 0.221722683882 0.221099608236 0.220599994409 0.220229747552 0.220000000000 0.220229747552 0.220599994409 0.221099608236 0.221722683882 0.222465038298 0.223323246672 0.224294267772 0.225375270491 0.226563545143 0.227856455554 0.229251412693 0.230745860390 0.232337268172 0.234023128371 0.235800955831 0.237668289184 0.239622693027 0.241661760579 0.243783116523 0.245984419866 0.248263366669 0.250617692599 0.253045175224 0.255543636046 0.258110942255 0.260745008194 0.260745008194 0.485869538090 0.480930147786 0.475992003269 0.471055142841 0.466119606373 0.461185435382 0.456252673118 0.451321364655 0.446391556984 0.441463299117 0.436536642196 0.431611639606 0.426688347100 0.421766822928 0.416847127981 0.411929325932 0.407013483404 0.402099670133 0.397187959154 0.392278426993 0.387371153874 0.382466223948 0.377563725521 0.372663751323 0.367766398772 0.362871770278 0.357979973555 0.353091121967 0.348205334895 0.343322738133 0.338443464321 0.333567653402 0.328695453125 0.323827019588 0.318962517819 0.314102122415 0.309246018228 0.304394401112 0.299547478738 0.294705471475 0.289868613355 0.285037153121 0.280211355369 0.275391501806 0.270577892611 0.265770847939 0.260970709558 0.256177842656 0.251392637818 0.246615513207 0.241846916962 0.237087329847 0.232337268172 0.227597287026 0.222867983853 0.218150002421 0.213444037227 0.208750838391 0.204071217106 0.199406051715 0.194756294494 0.190122979235 0.185507229734 0.180910269314 0.176333431507 0.171778172071 0.167246082520 0.162738905375 0.158258551388 0.153807119006 0.149386916408 0.145000486470 0.140650635097 0.136340463377 0.132073404143 0.127853263527 0.123684268258 0.119571119462 0.115519053888 0.111533913527 0.107622224707 0.103791287837 0.100049278999 0.096405364667 0.092869830761 0.089454227237 0.086171529263 0.083036316016 0.080064968271 0.077275887021 0.074689738529 0.072329740444 0.070222028730 0.068396216941 0.066886486487 0.065734428236 0.065000000000 0.065734428236 0.066886486487 
0.434823727484 0.430604493420 0.426401278937 0.422214535935 0.418044731701 0.413892349490 0.409757889112 0.405641867553 0.401544819611 0.397467298560 0.393409876826 0.389373146701 0.385357721062 0.381364234131 0.377393342246 0.373445724657 0.369522084354 0.365623148907 0.361749671334 0.357902430991 0.354082234484 0.350289916597 0.346526341249 0.342792402454 0.339089025314 0.335417167012 0.331777817827 0.328172002149 0.324600779509 0.321065245603 0.317566533318 0.314105813750 0.310684297208 0.307303234203 0.303963916405 0.300667677576 0.297415894452 0.294209987581 0.291051422099 0.287941708429 0.284882402904 0.281875108287 0.278921474184 0.276023197330 0.273182021734 0.270399738669 0.267678186488 0.265019250251 0.262424861144 0.259896995679 0.257437674653 0.255048961869 0.252732962592 0.250491821748 0.248327721872 0.246242880816 0.244239549249 0.242320007994 0.240486565302 0.238741554160 0.237087329847 0.235526268002 0.234060763630 0.232693231707 0.231426110382 0.230261868440 0.229203019778 0.228252149788 0.227411962859 0.226685369861 0.226075658556 0.225586860835 0.225224696164 0.225000000000 0.225224696164 0.225586860835 0.226075658556 0.226685369861 0.227411962859 0.228252149788 0.229203019778 0.230261868440 0.231426110382 0.232693231707 0.234060763630 0.235526268002 0.237087329847 0.238741554160 0.240486565302 0.242320007994 0.244239549249 0.246242880816 0.248327721872 0.250491821748 0.252732962592 0.255048961869 0.257437674653 0.259896995679 0.262424861144 0.265019250251 0.265019250251 0.486697223351 0.481766205494 0.476836600286 0.471908450950 0.466981802467 0.462056701667 0.457133197319 0.452211340238 0.447291183384 0.442372781983 0.437456193642 0.432541478479 0.427628699258 0.422717921538 0.417809213822 0.412902647728 0.407998298161 0.403096243500 0.398196565804 0.393299351022 0.388404689223 0.383512674844 0.378623406951 0.373736989525 0.368853531758 0.363973148384 0.359095960028 0.354222093575 0.349351682585 0.344484867715 0.339621797200 0.334762627350 0.329907523102 0.325056658605 0.320210217860 0.315368395413 0.310531397099 0.305699440854 0.300872757596 0.296051592182 0.291236204446 0.286426870333 0.281623883130 0.276827554814 0.272038217515 0.267256225130 0.262481955070 0.257715810192 0.252958220902 0.248209647473 0.243470582593 0.238741554160 0.234023128371 0.229315913123 0.224620561770 0.219937777273 0.215268316803 0.210612996832 0.205972698787 0.201348375332 0.196741057352 0.192151861737 0.187582000055 0.183032788242 0.178505657428 0.174002166055 0.169524013450 0.165073055050 0.160651319498 0.156261027848 0.151904615173 0.147584754883 0.143304386117 0.139066744613 0.134875397499 0.130734282525 0.126647752268 0.122620623946 0.118658235475 0.114766508484 0.110952019024 0.107222076690 0.103584812905 0.100049278999 0.096625554662 0.093324867161 0.090159721577 0.087144042205 0.084293325532 0.081624806303 0.079157641721 0.076913128172 0.074914989806 0.073189847395 0.071768190944 0.070687005667 0.070000000000 0.070687005667 0.071768190944 
0.437545682611 0.433351524735 0.429173747939 0.425012808666 0.420869178649 0.416743345467 0.412635813125 0.408547102647 0.404477752692 0.400428320196 0.396399381022 0.392391530642 0.388405384836 0.384441580411 0.380500775940 0.376583652527 0.372690914586 0.368823290643 0.364981534160 0.361166424375 0.357378767159 0.353619395893 0.349889172358 0.346188987642 0.342519763056 0.338882451061 0.335278036204 0.331707536055 0.328172002149 0.324672520922 0.321210214643 0.317786242330 0.314401800652 0.311058124808 0.307756489373 0.304498209109 0.301284639726 0.298117178597 0.294997265399 0.291926382685 0.288906056365 0.285937856099 0.283023395564 0.280164332606 0.277362369255 0.274619251577 0.271936769364 0.269316755645 0.266761085990 0.264271677609 0.261850488229 0.259499514742 0.257220791606 0.255016389023 0.252888410882 0.250838992487 0.248870298121 0.246984518473 0.245183868037 0.243470582593 0.241846916962 0.240315143318 0.238877550466 0.237536444734 0.236294153477 0.235153032789 0.234115482157 0.233183970817 0.232361084838 0.231649613376 0.231052716134 0.230574283419 0.230219859984 0.230000000000 0.230219859984 0.230574283419 0.231052716134 0.231649613376 0.232361084838 0.233183970817 0.234115482157 0.235153032789 0.236294153477 0.237536444734 0.238877550466 0.240315143318 0.241846916962 0.243470582593 0.245183868037 0.246984518473 0.248870298121 0.250838992487 0.252888410882 0.255016389023 0.257220791606 0.259499514742 0.261850488229 0.264271677609 0.266761085990 0.269316755645 0.269316755645 0.487575993227 0.482653822618 0.477733239742 0.472814292935 0.467897032489 0.462981510746 0.458067782206 0.453155903635 0.448245934186 0.443337935520 0.438431971940 0.433528110532 0.428626421314 0.423726977396 0.418829855152 0.413935134396 0.409042898580 0.404153234997 0.399266234999 0.394381994238 0.389500612910 0.384622196028 0.379746853708 0.374874701475 0.370005860594 0.365140458427 0.360278628805 0.355420512446 0.350566257384 0.345716019445 0.340869962758 0.336028260295 0.331191094467 0.326358657757 0.321531153412 0.316708796180 0.311891813122 0.307080444477 0.302274944607 0.297475583026 0.292682645506 0.287896435287 0.283117274394 0.278345505064 0.273581491311 0.268825620625 0.264078305828 0.259339987111 0.254611134255 0.249892249063 0.245183868037 0.240486565302 0.235800955831 0.231127698988 0.226467502427 0.221821126398 0.217189388487 0.212573168867 0.207973416092 0.203391153522 0.198827486436 0.194283609933 0.189760817695 0.185260511739 0.180784213266 0.176333574740 0.171910393357 0.167516626074 0.163154406380 0.158826063041 0.154534141041 0.150281425001 0.146070965374 0.141906107727 0.137790525496 0.133728256578 0.129723744202 0.125781882506 0.121908067292 0.118108252407 0.114389012221 0.110757610596 0.107222076690 0.103791287837 0.100475059579 0.097284242772 0.094230827508 0.091328053577 0.088590527532 0.086034347771 0.083677242757 0.081538737093 0.079640384619 0.078006174149 0.076663417060 0.075645202313 0.075000000000 0.075645202313 0.076663417060 
0.440305944752 0.436136897749 0.431984585481 0.427849468517 0.423732022598 0.419632739183 0.415552125999 0.411490707624 0.407449026075 0.403427641427 0.399427132441 0.395448097214 0.391491153849 0.387556941145 0.383646119300 0.379759370640 0.375897400356 0.372060937271 0.368250734611 0.364467570801 0.360712250271 0.356985604280 0.353288491746 0.349621800090 0.345986446090 0.342383376741 0.338813570110 0.335278036204 0.331777817827 0.328313991431 0.324887667960 0.321499993669 0.318152150932 0.314845359016 0.311580874821 0.308359993584 0.305184049525 0.302054416444 0.298972508247 0.295939779392 0.292957725257 0.290027882395 0.287151828693 0.284331183394 0.281567606994 0.278862800983 0.276218507423 0.273636508353 0.271118625006 0.268666716825 0.266282680272 0.263968447419 0.261725984325 0.259557289196 0.257464390342 0.255449343946 0.253514231693 0.251661158303 0.249892249063 0.248209647473 0.246615513207 0.245112020654 0.243701358462 0.242385730697 0.241167360618 0.240048498625 0.239031437051 0.238118536464 0.237312272316 0.236615319980 0.236030719321 0.235562227832 0.235215225629 0.235000000000 0.235215225629 0.235562227832 0.236030719321 0.236615319980 0.237312272316 0.238118536464 0.239031437051 0.240048498625 0.241167360618 0.242385730697 0.243701358462 0.245112020654 0.246615513207 0.248209647473 0.249892249063 0.251661158303 0.253514231693 0.255449343946 0.257464390342 0.259557289196 0.261725984325 0.263968447419 0.266282680272 0.268666716825 0.271118625006 0.273636508353 0.273636508353 0.488505408685 0.483592549344 0.478681460652 0.473772196236 0.468864811876 0.463959365611 0.459055917858 0.454154531530 0.449255272165 0.444358208060 0.439463410420 0.434570953505 0.429680914800 0.424793375185 0.419908419120 0.415026134843 0.410146614577 0.405269954757 0.400396256267 0.395525624692 0.390658170595 0.385794009804 0.380933263721 0.376076059661 0.371222531202 0.366372818568 0.361527069041 0.356685437396 0.351848086378 0.347015187204 0.342186920110 0.337363474937 0.332545051766 0.327731861593 0.322924127072 0.318122083301 0.313325978682 0.308536075849 0.303752652671 0.298976003335 0.294206439529 0.289444291718 0.284689910531 0.279943668272 0.275205960560 0.270477208117 0.265757858718 0.261048389312 0.256349308346 0.251661158303 0.246984518473 0.242320007994 0.237668289184 0.233030071191 0.228406114011 0.223797232896 0.219204303210 0.214628265768 0.210070132738 0.205530994129 0.201012024979 0.196514493283 0.192039768769 0.187589332611 0.183164788188 0.178767873015 0.174400471968 0.170064631968 0.165762578276 0.161496732597 0.157269733173 0.153084457115 0.148944045183 0.144851929299 0.140811863053 0.136827955504 0.132904708562 0.129047058274 0.125260420292 0.121550739800 0.117924546127 0.114389012221 0.110952019024 0.107622224707 0.104409138544 0.101323199028 0.098375855756 0.095579654616 0.092948326319 0.090496879863 0.088241706404 0.086200708704 0.084393495188 0.082841741370 0.081570014333 0.080608087519 0.080000000000 0.080608087519 0.081570014333 
0.443103796732 0.438959882604 0.434833048890 0.430723759874 0.426632494887 0.422559748823 0.418506032681 0.414471874117 0.410457818022 0.406464427104 0.402492282501 0.398541984396 0.394614152666 0.390709427531 0.386828470228 0.382971963704 0.379140613314 0.375335147546 0.371556318750 0.367804903884 0.364081705273 0.360387551380 0.356723297577 0.353089826936 0.349488051014 0.345918910647 0.342383376741 0.338882451061 0.335417167012 0.331988590412 0.328597820244 0.325245989396 0.321934265371 0.318663850968 0.315435984923 0.312251942507 0.309113036077 0.306020615558 0.302976068860 0.299980822224 0.297036340464 0.294144127126 0.291305724527 0.288522713676 0.285796714063 0.283129383300 0.280522416608 0.277977546136 0.275496540096 0.273081201722 0.270733368020 0.268454908326 0.266247722669 0.264113739927 0.262054915811 0.260073230689 0.258170687291 0.256349308346 0.254611134255 0.252958220902 0.251392637818 0.249916466943 0.248531802417 0.247240751992 0.246045441057 0.244948020794 0.243950683081 0.243055686717 0.242265403615 0.241582402640 0.241009611361 0.240550662500 0.240210780799 0.240000000000 0.240210780799 0.240550662500 0.241009611361 0.241582402640 0.242265403615 0.243055686717 0.243950683081 0.244948020794 0.246045441057 0.247240751992 0.248531802417 0.249916466943 0.251392637818 0.252958220902 0.254611134255 0.256349308346 0.258170687291 0.260073230689 0.262054915811 0.264113739927 0.266247722669 0.268454908326 0.270733368020 0.273081201722 0.275496540096 0.277977546136 0.277977546136 0.489485031038 0.484581936092 0.479680802155 0.474781688301 0.469884655958 0.464989769028 0.460097094014 0.455206700143 0.450318659512 0.445433047232 0.440549941586 0.435669424193 0.430791580187 0.425916498403 0.421044271578 0.416174996560 0.411308774539 0.406445711284 0.401585917401 0.396729508606 0.391876606019 0.387027336474 0.382181832855 0.377340234449 0.372502687333 0.367669344775 0.362840367679 0.358015925049 0.353196194495 0.348381362774 0.343571626366 0.338767192104 0.333968277840 0.329175113171 0.324387940218 0.319607014463 0.314832605657 0.310064998798 0.305304495189 0.300551413578 0.295806091401 0.291068886119 0.286340176672 0.281620365059 0.276909878048 0.272209169038 0.267518720086 0.262839044110 0.258170687291 0.253514231693 0.248870298121 0.244239549249 0.239622693027 0.235020486424 0.230433739516 0.225863319972 0.221310157972 0.216775251609 0.212259672819 0.207764573907 0.203291194718 0.198840870538 0.194415040801 0.190015258673 0.185643201635 0.181300683150 0.176989665541 0.172712274205 0.168470813303 0.164267783082 0.160105898989 0.155988112755 0.151917635643 0.147897964042 0.143932907631 0.140026620296 0.136183634017 0.132408895899 0.128707808520 0.125086273705 0.121550739800 0.118108252407 0.114766508484 0.111533913527 0.108419641449 0.105433696631 0.102586977563 0.099891341621 0.097359671190 0.095005942992 0.092845306583 0.090894187571 0.089170454377 0.087693748274 0.086486259560 0.085574923798 0.085000000000 0.085574923798 0.086486259560 
0.445938531688 0.441819760303 0.437718406923 0.433634939154 0.429569839499 0.425523605864 0.421496752074 0.417489808411 0.413503322165 0.409537858192 0.405593999505 0.401672347859 0.397773524371 0.393898170138 0.390046946879 0.386220537591 0.382419647208 0.378645003288 0.374897356697 0.371177482312 0.367486179731 0.363824273989 0.360192616281 0.356592084691 0.353023584920 0.349488051014 0.345986446090 0.342519763056 0.339089025314 0.335695287462 0.332339635963 0.329023189804 0.325747101119 0.322512555778 0.319320773942 0.316173010565 0.313070555844 0.310014735612 0.307006911649 0.304048481927 0.301140880762 0.298285578861 0.295484083274 0.292737937214 0.290048719757 0.287418045400 0.284847563461 0.282338957334 0.279893943558 0.277514270726 0.275201718196 0.272958094631 0.270785236351 0.268685005508 0.266659288108 0.264709991888 0.262839044110 0.261048389312 0.259339987111 0.257715810192 0.256177842656 0.254728078999 0.253368524137 0.252101195057 0.250928125062 0.249851372119 0.248873033839 0.247995273613 0.247220366332 0.246550781034 0.245989339920 0.245539558328 0.245206514168 0.245000000000 0.245206514168 0.245539558328 0.245989339920 0.246550781034 0.247220366332 0.247995273613 0.248873033839 0.249851372119 0.250928125062 0.252101195057 0.253368524137 0.254728078999 0.256177842656 0.257715810192 0.259339987111 0.261048389312 0.262839044110 0.264709991888 0.266659288108 0.268685005508 0.270785236351 0.272958094631 0.275201718196 0.277514270726 0.279893943558 0.282338957334 0.282338957334 0.490514420614 0.485621532193 0.480730802191 0.475842295269 0.470956078649 0.466072222241 0.461190798776 0.456311883948 0.451435556564 0.446561898700 0.441690995872 0.436822937212 0.431957815660 0.427095728164 0.422236775893 0.417381064467 0.412528704196 0.407679810339 0.402834503380 0.397992909319 0.393155159983 0.388321393361 0.383491753957 0.378666393172 0.373845469708 0.369029150004 0.364217608698 0.359411029126 0.354609603858 0.349813535262 0.345023036127 0.340238330314 0.335459653472 0.330687253790 0.325921392824 0.321162346375 0.316410405440 0.311665877240 0.306929086321 0.302200375751 0.297480108411 0.292768668393 0.288066462504 0.283373921909 0.278691503905 0.274019693837 0.269359007197 0.264709991888 0.260073230689 0.255449343946 0.250838992487 0.246242880816 0.241661760579 0.237096434356 0.232547759804 0.228016654175 0.223504099265 0.219011146828 0.214538924498 0.210088642284 0.205661599685 0.201259193491 0.196882926349 0.192534416154 0.188215406362 0.183927777316 0.179673558675 0.175454943067 0.171274301069 0.167134197647 0.163037410181 0.158986948216 0.154986075077 0.151038331489 0.147147561347 0.143317939762 0.139554003501 0.135860683918 0.132243342426 0.128707808520 0.125260420292 0.121908067292 0.118658235475 0.115519053888 0.112499342594 0.109608661262 0.106857357875 0.104256617213 0.101818509545 0.099556041748 0.097483217271 0.095615120793 0.093968065993 0.092559903081 0.091410756706 0.090545119447 0.090000000000 0.090545119447 0.091410756706 
0.448809453207 0.444715822833 0.440639939884 0.436582274896 0.432543313145 0.428523555133 0.424523517085 0.420543731466 0.416584747509 0.412647131752 0.408731468599 0.404838360884 0.400968430454 0.397122318766 0.393300687487 0.389504219121 0.385733617630 0.381989609078 0.378272942277 0.374584389445 0.370924746869 0.367294835569 0.363695501976 0.360127618597 0.356592084691 0.353089826936 0.349621800090 0.346188987642 0.342792402454 0.339433087382 0.336112115873 0.332830592550 0.329589653745 0.326390468018 0.323234236617 0.320122193897 0.317055607684 0.314035779570 0.311064045146 0.308141774148 0.305270370521 0.302451272379 0.299685951870 0.296975914914 0.294322700823 0.291727881783 0.289193062194 0.286719877857 0.284309995002 0.281965109153 0.279686943817 0.277477249014 0.275337799629 0.273270393624 0.271276850088 0.269359007197 0.267518720086 0.265757858718 0.264078305828 0.262481955070 0.260970709558 0.259546481044 0.258211190165 0.256966768312 0.255815162088 0.254758341804 0.253798316538 0.252937160138 0.252177056479 0.251520380922 0.250969856665 0.250528888470 0.250202415293 0.250000000000 0.250202415293 0.250528888470 0.250969856665 0.251520380922 0.252177056479 0.252937160138 0.253798316538 0.254758341804 0.255815162088 0.256966768312 0.258211190165 0.259546481044 0.260970709558 0.262481955070 0.264078305828 0.265757858718 0.267518720086 0.269359007197 0.271276850088 0.273270393624 0.275337799629 0.277477249014 0.279686943817 0.281965109153 0.284309995002 0.286719877857 0.286719877857 0.491593135818 0.486710884953 0.481830996577 0.476953541060 0.472078591543 0.467206224069 0.462336517728 0.457469554806 0.452605420948 0.447744205326 0.442886000818 0.438030904199 0.433179016344 0.428330442441 0.423485292221 0.418643680198 0.413805725929 0.408971554284 0.404141295742 0.399315086699 0.394493069800 0.389675394289 0.384862216390 0.380053699705 0.375250015641 0.370451343875 0.365657872837 0.360869800238 0.356087333631 0.351310691011 0.346540101461 0.341775805839 0.337018057525 0.332267123217 0.327523283781 0.322786835178 0.318058089454 0.313337375801 0.308625041712 0.303921454219 0.299227001226 0.294542092956 0.289867163511 0.285202672554 0.280549107139 0.275906983678 0.271276850088 0.266659288108 0.262054915811 0.257464390342 0.252888410882 0.248327721872 0.243783116523 0.239255440634 0.234745596747 0.230254548676 0.225783326449 0.221333031690 0.216904843495 0.212500024850 0.208119929631 0.203766010262 0.199439826068 0.195143052414 0.190877490685 0.186645079190 0.182447905078 0.178288217346 0.174168441033 0.170091192713 0.166059297354 0.162075806685 0.158144019132 0.154267501449 0.150450112109 0.146696026538 0.143009764241 0.139396217824 0.135860683918 0.132408895899 0.129047058274 0.125781882506 0.122620623946 0.119571119462 0.116641825249 0.113841854274 0.111181012880 0.108669836383 0.106319624359 0.104142478194 0.102151347679 0.100360102722 0.098783667982 0.097438313946 0.096342363477 0.095518194407 0.095000000000 0.095518194407 0.096342363477 
0.451715875432 0.447647373269 0.443596939707 0.439565047837 0.435552185321 0.431558854852 0.427585574644 0.423632878918 0.419701318412 0.415791460894 0.411903891699 0.408039214264 0.404198050685 0.400381042280 0.396588850162 0.392822155826 0.389081661738 0.385368091939 0.381682192651 0.378024732893 0.374396505094 0.370798325718 0.367231035882 0.363695501976 0.360192616281 0.356723297577 0.353288491746 0.349889172358 0.346526341249 0.343201029071 0.339914295827 0.336667231367 0.333460955867 0.330296620254 0.327175406594 0.324098528433 0.321067231077 0.318082791808 0.315146520031 0.312259757344 0.309423877516 0.306640286375 0.303910421590 0.301235752344 0.298617778877 0.296058031914 0.293558071945 0.291119488367 0.288743898471 0.286432946279 0.284188301225 0.282011656678 0.279904728315 0.277869252356 0.275906983678 0.274019693837 0.272209169038 0.270477208117 0.268825620625 0.267256225130 0.265770847939 0.264371322474 0.263059489720 0.261837200301 0.260706319122 0.259668734007 0.258726370803 0.257881219242 0.257135377716 0.256491133579 0.255951116892 0.255518628111 0.255198474526 0.255000000000 0.255198474526 0.255518628111 0.255951116892 0.256491133579 0.257135377716 0.257881219242 0.258726370803 0.259668734007 0.260706319122 0.261837200301 0.263059489720 0.264371322474 0.265770847939 0.267256225130 0.268825620625 0.270477208117 0.272209169038 0.274019693837 0.275906983678 0.277869252356 0.279904728315 0.282011656678 0.284188301225 0.286432946279 0.288743898471 0.291119488367 0.291119488367 0.492720732482 0.487849539018 0.482980918380 0.478114946756 0.473251703310 0.468391270327 0.463533733362 0.458679181403 0.453827707040 0.448979406646 0.444134380567 0.439292733327 0.434454573837 0.429620015627 0.424789177088 0.419962181722 0.415139158425 0.410320241764 0.405505572297 0.400695296891 0.395889569077 0.391088549418 0.386292405906 0.381501314387 0.376715459006 0.371935032691 0.367160237670 0.362391286013 0.357628400224 0.352871813869 0.348121772246 0.343378533107 0.338642367432 0.333913560254 0.329192411550 0.324479237196 0.319774369992 0.315078160764 0.310390979552 0.305713216887 0.301045285167 0.296387620140 0.291740682502 0.287104959625 0.282480967421 0.277869252356 0.273270393624 0.268685005508 0.264113739927 0.259557289196 0.255016389023 0.250491821748 0.245984419866 0.241495069846 0.237024716282 0.232574366392 0.228145094921 0.223738049461 0.219354456240 0.214995626420 0.210662962943 0.206357967987 0.202082251071 0.197837537876 0.193625679843 0.189448664599 0.185308627297 0.181207862931 0.177148839691 0.173134213452 0.169166843444 0.165249809196 0.161386428804 0.157580278582 0.153835214141 0.150155392918 0.146545298147 0.143009764241 0.139554003501 0.136183634017 0.132904708562 0.129723744202 0.126647752268 0.123684268258 0.120841381172 0.118127761809 0.115552689653 0.113126078397 0.110858501030 0.108761217413 0.106846211403 0.105126253666 0.103615027284 0.102327406495 0.101280136684 0.100493755255 0.100000000000 0.100493755255 0.101280136684 
0.454657123157 0.450613725845 0.446588710020 0.442582550963 0.438595738340 0.434628776654 0.430682185704 0.426756501057 0.422852274534 0.418970074705 0.415110487391 0.411274116180 0.407461582954 0.403673528424 0.399910612667 0.396173515683 0.392462937951 0.388779600989 0.385124247928 0.381497644080 0.377900577512 0.374333859624 0.370798325718 0.367294835569 0.363824273989 0.360387551380 0.356985604280 0.353619395893 0.350289916597 0.346998184440 0.343745245599 0.340532174817 0.337360075808 0.334230081608 0.331143354898 0.328101088268 0.325104504417 0.322154856307 0.319253427226 0.316401530787 0.313600510839 0.310851741282 0.308156625780 0.305516597373 0.302933117970 0.300407677708 0.297941794203 0.295537011643 0.293194899752 0.290917052611 0.288705087330 0.286560642580 0.284485376990 0.282480967421 0.280549107139 0.278691503905 0.276909878048 0.275205960560 0.273581491311 0.272038217515 0.270577892611 0.269202275833 0.267913132847 0.266712238014 0.265601379205 0.264582366555 0.263657047594 0.262827332957 0.262095240669 0.261462975302 0.260933079193 0.260508754281 0.260194682944 0.260000000000 0.260194682944 0.260508754281 0.260933079193 0.261462975302 0.262095240669 0.262827332957 0.263657047594 0.264582366555 0.265601379205 0.266712238014 0.267913132847 0.269202275833 0.270577892611 0.272038217515 0.273581491311 0.275205960560 0.276909878048 0.278691503905 0.280549107139 0.282480967421 0.284485376990 0.286560642580 0.288705087330 0.290917052611 0.293194899752 0.295537011643 0.295537011643 0.493896763438 0.489037035956 0.484180097515 0.479326030210 0.474474919320 0.469626853459 0.464781924737 0.459940228929 0.455101865659 0.450266938585 0.445435555604 0.440607829066 0.435783875999 0.430963818348 0.426147783231 0.421335903208 0.416528316571 0.411725167640 0.406926607098 0.402132792323 0.397343887763 0.392560065320 0.387781504768 0.383008394191 0.378240930457 0.373479319715 0.368723777939 0.363974531490 0.359231817736 0.354495885696 0.349766996746 0.345045425362 0.340331459917 0.335625403545 0.330927575053 0.326238309905 0.321557961286 0.316886901224 0.312225521820 0.307574236550 0.302933481675 0.298303717755 0.293685431284 0.289079136441 0.284485376990 0.279904728315 0.275337799629 0.270785236351 0.266247722669 0.261725984325 0.257220791606 0.252732962592 0.248263366669 0.243812928324 0.239382631259 0.234973522850 0.230586718970 0.226223409216 0.221884862584 0.217572433601 0.213287568987 0.209031814869 0.204806824591 0.200614367182 0.196456336517 0.192334761237 0.188251815462 0.184209830378 0.180211306719 0.176258928232 0.172355576141 0.168504344677 0.164708557696 0.160971786413 0.157297868255 0.153690926824 0.150155392918 0.146696026538 0.143317939762 0.140026620296 0.136827955504 0.133728256578 0.130734282525 0.127853263527 0.125092923250 0.122461499690 0.119967764345 0.117621039933 0.115431217843 0.113408778487 0.111564821852 0.109911124352 0.108460258223 0.107225860741 0.106223291046 0.105471476602 0.105000000000 0.105471476602 0.106223291046 
0.457632531893 0.453614206016 0.449614566190 0.445634089530 0.441673267346 0.437732605572 0.433812625208 0.429913862775 0.426036870774 0.422182218157 0.418350490813 0.414542292049 0.410758243096 0.406998983606 0.403265172171 0.399557486837 0.395876625630 0.392223307079 0.388598270753 0.385002277787 0.381436111418 0.377900577512 0.374396505094 0.370924746869 0.367486179731 0.364081705273 0.360712250271 0.357378767159 0.354082234484 0.350823657333 0.347604067739 0.344424525054 0.341286116280 0.338189956367 0.335137188462 0.332128984102 0.329166543361 0.326251094919 0.323383896071 0.320566232657 0.317799418906 0.315084797194 0.312423737697 0.309817637951 0.307267922290 0.304776041172 0.302343470382 0.299971710104 0.297662283865 0.295416737343 0.293236637043 0.291123568848 0.289079136441 0.287104959625 0.285202672554 0.283373921909 0.281620365059 0.279943668272 0.278345505064 0.276827554814 0.275391501806 0.274039034977 0.272771848731 0.271591645377 0.270500140093 0.269499069787 0.268590208231 0.267775391610 0.267056562312 0.266435846958 0.265915705159 0.265499245689 0.265191032278 0.265000000000 0.265191032278 0.265499245689 0.265915705159 0.266435846958 0.267056562312 0.267775391610 0.268590208231 0.269499069787 0.270500140093 0.271591645377 0.272771848731 0.274039034977 0.275391501806 0.276827554814 0.278345505064 0.279943668272 0.281620365059 0.283373921909 0.285202672554 0.287104959625 0.289079136441 0.291123568848 0.293236637043 0.295416737343 0.297662283865 0.299971710104 0.299971710104 0.495120778255 0.490272914011 0.485428060511 0.480586305833 0.475747741443 0.470912462357 0.466080567308 0.461252158929 0.456427343941 0.451606233350 0.446788942667 0.441975592123 0.437166306914 0.432361217449 0.427560459617 0.422764175074 0.417972511534 0.413185623097 0.408403670581 0.403626821885 0.398855252367 0.394089145252 0.389328692063 0.384574093082 0.379825557836 0.375083305621 0.370347566057 0.365618579681 0.360896598576 0.356181887053 0.351474722362 0.346775395471 0.342084211887 0.337401492535 0.332727574703 0.328062813052 0.323407580699 0.318762270372 0.314127295663 0.309503092353 0.304890119852 0.300288862737 0.295699832404 0.291123568848 0.286560642580 0.282011656678 0.277477249014 0.272958094631 0.268454908326 0.263968447419 0.259499514742 0.255048961869 0.250617692599 0.246206666707 0.241816904009 0.237449488734 0.233105574262 0.228786388226 0.224493238031 0.220227516811 0.215990709860 0.211784401571 0.207610282927 0.203470159577 0.199365960533 0.195299747542 0.191273725161 0.187290251580 0.183351850227 0.179461222197 0.175621259520 0.171835059305 0.168105938756 0.164437451066 0.160833402160 0.157297868255 0.153835214141 0.150450112109 0.147147561347 0.143932907631 0.140811863053 0.137790525496 0.134875397499 0.132073404143 0.129391909562 0.126838731799 0.124422155902 0.122150945683 0.120034355526 0.118082145632 0.116304608141 0.114712620096 0.113317758590 0.112132562327 0.111171167745 0.110451087074 0.110000000000 0.110451087074 0.111171167745 
0.460641447920 0.456648150493 0.452673835343 0.448718981079 0.444784080301 0.440869640014 0.436976182051 0.433104243506 0.429254377172 0.425427151992 0.421623153516 0.417842984361 0.414087264688 0.410356632673 0.406651744990 0.402973277300 0.399321924740 0.395698402416 0.392103445893 0.388537811693 0.385002277787 0.381497644080 0.378024732893 0.374584389445 0.371177482312 0.367804903884 0.364467570801 0.361166424375 0.357902430991 0.354676582476 0.351489896447 0.348343416628 0.345238213119 0.342175382634 0.339156048689 0.336181361736 0.333252499240 0.330370665699 0.327537092586 0.324753038220 0.322019787559 0.319338651897 0.316710968477 0.314138099992 0.311621433994 0.309162382176 0.306762379551 0.304422883502 0.302145372714 0.299931345983 0.297782320895 0.295699832404 0.293685431284 0.291740682502 0.289867163511 0.288066462504 0.286340176672 0.284689910531 0.283117274394 0.281623883130 0.280211355369 0.278881313404 0.277635384177 0.276475201881 0.275402413049 0.274418685512 0.273525723520 0.272725293115 0.272019265424 0.271409693588 0.270898959113 0.270490082571 0.270187514858 0.270000000000 0.270187514858 0.270490082571 0.270898959113 0.271409693588 0.272019265424 0.272725293115 0.273525723520 0.274418685512 0.275402413049 0.276475201881 0.277635384177 0.278881313404 0.280211355369 0.281623883130 0.283117274394 0.284689910531 0.286340176672 0.288066462504 0.289867163511 0.291740682502 0.293685431284 0.295699832404 0.297782320895 0.299931345983 0.302145372714 0.304422883502 0.304422883502 0.496392323113 0.491556707985 0.486724330409 0.481895284504 0.477069667980 0.472247582308 0.467429132898 0.462614429288 0.457803585342 0.452996719460 0.448193954801 0.443395419513 0.438601246990 0.433811576127 0.429026551603 0.424246324172 0.419471050981 0.414700895896 0.409936029860 0.405176631260 0.400422886325 0.395674989551 0.390933144145 0.386197562500 0.381468466703 0.376746089076 0.372030672745 0.367322472252 0.362621754211 0.357928797996 0.353243896486 0.348567356856 0.343899501417 0.339240668524 0.334591213537 0.329951509850 0.325321950000 0.320702946842 0.316094934815 0.311498371297 0.306913738059 0.302341542814 0.297782320895 0.293236637043 0.288705087330 0.284188301225 0.279686943817 0.275201718196 0.270733368020 0.266282680272 0.261850488229 0.257437674653 0.253045175224 0.248673982239 0.244325148595 0.239999792066 0.235699099922 0.231424333888 0.227176835484 0.222958031778 0.218769441560 0.214612681988 0.210489475725 0.206401658602 0.202351187831 0.198340150811 0.194370774542 0.190445435686 0.186566671288 0.182737190182 0.178959885089 0.175237845419 0.171574370749 0.167972984972 0.164437451066 0.160971786413 0.157580278582 0.154267501449 0.151038331489 0.147897964042 0.144851929299 0.141906107727 0.139066744613 0.136340463377 0.133734277373 0.131255599945 0.128912252813 0.126712473341 0.124664922261 0.122778695414 0.121063347013 0.119528940175 0.118186159143 0.117046564450 0.116123210164 0.115432358602 0.115000000000 0.115432358602 0.116123210164 
0.463683228318 0.459714907261 0.455765856371 0.451836555420 0.447927497960 0.444039191720 0.440172159010 0.436326937134 0.432504078808 0.428704152587 0.424927743301 0.421175452488 0.417447898842 0.413745718661 0.410069566303 0.406420114636 0.402798055502 0.399204100169 0.395638979799 0.392103445893 0.388598270753 0.385124247928 0.381682192651 0.378272942277 0.374897356697 0.371556318750 0.368250734611 0.364981534160 0.361749671334 0.358556124443 0.355401896468 0.352288015314 0.349215534036 0.346185531011 0.343199110078 0.340257400608 0.337361557534 0.334512761307 0.331712217793 0.328961158088 0.326260838258 0.323612538999 0.321017565195 0.318477245392 0.315992931161 0.313565996362 0.311197836297 0.308889866745 0.306643522893 0.304460258143 0.302341542814 0.300288862737 0.298303717755 0.296387620140 0.294542092956 0.292768668393 0.291068886119 0.289444291718 0.287896435287 0.286426870333 0.285037153121 0.283728842737 0.282503502226 0.281362701340 0.280308021749 0.279341066069 0.278463472963 0.277676942327 0.276983278089 0.276384464044 0.275882807877 0.275481246556 0.275184123560 0.275000000000 0.275184123560 0.275481246556 0.275882807877 0.276384464044 0.276983278089 0.277676942327 0.278463472963 0.279341066069 0.280308021749 0.281362701340 0.282503502226 0.283728842737 0.285037153121 0.286426870333 0.287896435287 0.289444291718 0.291068886119 0.292768668393 0.294542092956 0.296387620140 0.298303717755 0.300288862737 0.302341542814 0.304460258143 0.306643522893 0.308889866745 0.308889866745 0.497710940774 0.492887949227 0.488068426766 0.483252473591 0.478440193696 0.473631695047 0.468827089764 0.464026494322 0.459230029755 0.454437821878 0.449650001516 0.444866704749 0.440088073171 0.435314254165 0.430545401188 0.425781674082 0.421023239397 0.416270270733 0.411522949107 0.406781463337 0.402046010454 0.397316796137 0.392594035171 0.387877951945 0.383168780966 0.378466767417 0.373772167749 0.369085250302 0.364406295980 0.359735598958 0.355073467441 0.350420224473 0.345776208798 0.341141775779 0.336517298380 0.331903168216 0.327299796666 0.322707616077 0.318127081036 0.313558669744 0.309002885475 0.304460258143 0.299931345983 0.295416737343 0.290917052611 0.286432946279 0.281965109153 0.277514270726 0.273081201722 0.268666716825 0.264271677609 0.259896995679 0.255543636046 0.251212620747 0.246905032730 0.242622020022 0.238364800208 0.234134665224 0.229932986507 0.225761220509 0.221620914609 0.217513713439 0.213441365650 0.209405731142 0.205408788790 0.201452644660 0.197539540772 0.193671864391 0.189852157882 0.186083129116 0.182367662436 0.178708830169 0.175109904654 0.171574370749 0.168105938756 0.164708557696 0.161386428804 0.158144019132 0.154986075077 0.151917635643 0.148944045183 0.146070965374 0.143304386117 0.140650635097 0.138116385750 0.135708663553 0.133434850786 0.131302690479 0.129320291268 0.127496136834 0.125839107428 0.124358529006 0.123064283388 0.121967057868 0.121078944965 0.120415098162 0.120000000000 0.120415098162 0.121078944965 
0.466757240981 0.462813835582 0.458889979919 0.454986154608 0.451102853827 0.447240585696 0.443399872661 0.439581251891 0.435785275670 0.432012511810 0.428263544051 0.424538972484 0.420839413965 0.417165502539 0.413517889864 0.409897245637 0.406304258022 0.402739634075 0.399204100169 0.395698402416 0.392223307079 0.388779600989 0.385368091939 0.381989609078 0.378645003288 0.375335147546 0.372060937271 0.368823290643 0.365623148907 0.362461476646 0.359339262019 0.356257516975 0.353217277418 0.350219603337 0.347265578883 0.344356312402 0.341492936404 0.338676607476 0.335908506127 0.333189836559 0.330521826365 0.327905726147 0.325342809038 0.322834370140 0.320381725866 0.317986213179 0.315649188727 0.313372027875 0.311156123633 0.309002885475 0.306913738059 0.304890119852 0.302933481675 0.301045285167 0.299227001226 0.297480108411 0.295806091401 0.294206439529 0.292682645506 0.291236204446 0.289868613355 0.288581371343 0.287375980896 0.286253950768 0.285216801293 0.284266073473 0.283403344047 0.282630250477 0.281948533255 0.281360110669 0.280867220555 0.280472720547 0.280180851754 0.280000000000 0.280180851754 0.280472720547 0.280867220555 0.281360110669 0.281948533255 0.282630250477 0.283403344047 0.284266073473 0.285216801293 0.286253950768 0.287375980896 0.288581371343 0.289868613355 0.291236204446 0.292682645506 0.294206439529 0.295806091401 0.297480108411 0.299227001226 0.301045285167 0.302933481675 0.304890119852 0.306913738059 0.309002885475 0.311156123633 0.313372027875 0.313372027875 0.499076170630 0.494266165699 0.489459865733 0.484657377045 0.479858809937 0.475064278890 0.470273902753 0.465487804951 0.460706113697 0.455928962224 0.451156489022 0.446388838091 0.441626159214 0.436868608234 0.432116347359 0.427369545475 0.422628378484 0.417893029657 0.413163690013 0.408440558712 0.403723843485 0.399013761074 0.394310537711 0.389614409621 0.384925623559 0.380244437374 0.375571120615 0.370905955175 0.366249235969 0.361601271662 0.356962385442 0.352332915841 0.347713217611 0.343103662659 0.338504641038 0.333916562011 0.329339855179 0.324774971691 0.320222385528 0.315682594885 0.311156123633 0.306643522893 0.302145372714 0.297662283865 0.293194899752 0.288743898471 0.284309995002 0.279893943558 0.275496540096 0.271118625006 0.266761085990 0.262424861144 0.258110942255 0.253820378326 0.249554279357 0.245313820383 0.241100245794 0.236914873954 0.232759102133 0.228634411786 0.224542374166 0.220484656327 0.216463027508 0.212479365925 0.208535665983 0.204634045933 0.200776755960 0.196966186734 0.193204878410 0.189495530077 0.185841009632 0.182244364075 0.178708830169 0.175237845419 0.171835059305 0.168504344677 0.165249809196 0.162075806685 0.158986948216 0.155988112755 0.153084457115 0.150281425001 0.147584754883 0.145000486470 0.142534965627 0.140194847710 0.137987099601 0.135919001265 0.133998148661 0.132232461766 0.130630205190 0.129200036588 0.127951115320 0.126893347067 0.126037967197 0.125399141320 0.125000000000 0.125399141320 0.126037967197 
0.469862864620 0.465944305981 0.462045568355 0.458167132894 0.454309494089 0.450473160132 0.446658653282 0.442866510238 0.439097282519 0.435351536848 0.431629855535 0.427932836872 0.424261095525 0.420615262930 0.416995987693 0.413403935981 0.409839791928 0.406304258022 0.402798055502 0.399321924740 0.395876625630 0.392462937951 0.389081661738 0.385733617630 0.382419647208 0.379140613314 0.375897400356 0.372690914586 0.369522084354 0.366391860340 0.363301215745 0.360251146456 0.357242671165 0.354276831455 0.351354691829 0.348477339694 0.345645885287 0.342861461545 0.340125223905 0.337438350038 0.334802039506 0.332217513346 0.329686013564 0.327208802542 0.324787162362 0.322422394025 0.320115816581 0.317868766156 0.315682594885 0.313558669744 0.311498371297 0.309503092353 0.307574236550 0.305713216887 0.303921454219 0.302200375751 0.300551413578 0.298976003335 0.297475583026 0.296051592182 0.294705471475 0.293438663073 0.292252612041 0.291148769355 0.290128597310 0.289193578652 0.288345231603 0.287585134644 0.286914968330 0.286336589004 0.285852168341 0.285464488614 0.285177693266 0.285000000000 0.285177693266 0.285464488614 0.285852168341 0.286336589004 0.286914968330 0.287585134644 0.288345231603 0.289193578652 0.290128597310 0.291148769355 0.292252612041 0.293438663073 0.294705471475 0.296051592182 0.297475583026 0.298976003335 0.300551413578 0.302200375751 0.303921454219 0.305713216887 0.307574236550 0.309503092353 0.311498371297 0.313558669744 0.315682594885 0.317868766156 0.317868766156 0.500487548816 0.495690882097 0.490898160200 0.486109495561 0.481325004802 0.476544808926 0.471769033511 0.466997808928 0.462231270562 0.457469559049 0.452712820521 0.447961206873 0.443214876035 0.438473992271 0.433738726482 0.429009256535 0.424285767609 0.419568452558 0.414857512301 0.410153156229 0.405455602637 0.400765079186 0.396081823388 0.391406083121 0.386738117175 0.382078195835 0.377426601495 0.372783629311 0.368149587896 0.363524800057 0.358909603581 0.354304352065 0.349709415808 0.345125182746 0.340552059466 0.335990472266 0.331440868299 0.326903716785 0.322379510299 0.317868766156 0.313372027875 0.308889866745 0.304422883502 0.299971710104 0.295537011643 0.291119488367 0.286719877857 0.282338957334 0.277977546136 0.273636508353 0.269316755645 0.265019250251 0.260745008194 0.256495102710 0.252270667899 0.248072902626 0.243903074671 0.239762525156 0.235652673257 0.231575021219 0.227531159677 0.223522773323 0.219551646894 0.215619671526 0.211728851468 0.207881311155 0.204079302662 0.200325213521 0.196621574898 0.192971070124 0.189376543538 0.185841009632 0.182367662436 0.178959885089 0.175621259520 0.172355576141 0.169166843444 0.166059297354 0.163037410181 0.160105898989 0.157269733173 0.154534141041 0.151904615173 0.149386916408 0.146987076329 0.144711398342 0.142566457692 0.140559101353 0.138696449704 0.136985903792 0.135435165610 0.134052286234 0.132845773337 0.131824831177 0.130999928468 0.130384347160 0.130000000000 0.130384347160 0.130999928468 
0.472999488745 0.469105700217 0.465231995726 0.461378856667 0.457546777544 0.453736266315 0.449947844738 0.446182048731 0.442439428727 0.438720550034 0.435025993207 0.431356354409 0.427712245785 0.424094295829 0.420503149760 0.416939469887 0.413403935981 0.409897245637 0.406420114636 0.402973277300 0.399557486837 0.396173515683 0.392822155826 0.389504219121 0.386220537591 0.382971963704 0.379759370640 0.376583652527 0.373445724657 0.370346523668 0.367287007698 0.364268156508 0.361290971555 0.358356476035 0.355465714873 0.352619754659 0.349819683542 0.347066611054 0.344361667874 0.341706005529 0.339100796016 0.336547231356 0.334046523065 0.331599901540 0.329208615361 0.326873930506 0.324597129470 0.322379510299 0.320222385528 0.318127081036 0.316094934815 0.314127295663 0.312225521820 0.310390979552 0.308625041712 0.306929086321 0.305304495189 0.303752652671 0.302274944607 0.300872757596 0.299547478738 0.298300496112 0.297133200307 0.296046987536 0.295043265138 0.294123460739 0.293289037218 0.292541517290 0.291882524823 0.291313857528 0.290837624347 0.290456535892 0.290174642341 0.290000000000 0.290174642341 0.290456535892 0.290837624347 0.291313857528 0.291882524823 0.292541517290 0.293289037218 0.294123460739 0.295043265138 0.296046987536 0.297133200307 0.298300496112 0.299547478738 0.300872757596 0.302274944607 0.303752652671 0.305304495189 0.306929086321 0.308625041712 0.310390979552 0.312225521820 0.314127295663 0.316094934815 0.318127081036 0.320222385528 0.322379510299 0.322379510299 0.501944608372 0.497161620033 0.492382819983 0.487608326782 0.482838263368 0.478072757255 0.473311940739 0.468555951117 0.463804930919 0.459059028151 0.454318396550 0.449583195856 0.444853592095 0.440129757881 0.435411872736 0.430700123420 0.425994704292 0.421295817677 0.416603674271 0.411918493552 0.407240504226 0.402569944696 0.397907063560 0.393252120132 0.388605385004 0.383967140632 0.379337681964 0.374717317104 0.370106368013 0.365505171258 0.360914078806 0.356333458862 0.351763696766 0.347205195944 0.342658378915 0.338123688366 0.333601588293 0.329092565216 0.324597129470 0.320115816581 0.315649188727 0.311197836297 0.306762379551 0.302343470382 0.297941794203 0.293558071945 0.289193062194 0.284847563461 0.280522416608 0.276218507423 0.271936769364 0.267678186488 0.263443796557 0.259234694352 0.255052035193 0.250897038686 0.246770992695 0.242675257571 0.238611270628 0.234580550891 0.230584704123 0.226625428140 0.222704518412 0.218823873983 0.214985503675 0.211191532616 0.207444209054 0.203745911477 0.200099156002 0.196506604030 0.192971070124 0.189495530077 0.186083129116 0.182737190182 0.179461222197 0.176258928232 0.173134213452 0.170091192713 0.167134197647 0.164267783082 0.161496732597 0.158826063041 0.156261027848 0.153807119006 0.151470067662 0.149255843483 0.147170653238 0.145220939573 0.143413381991 0.141754903835 0.140252692603 0.138914248109 0.137747489038 0.136760988562 0.135964527476 0.135370594236 0.135000000000 0.135370594236 0.135964527476 
0.476166513635 0.472297411239 0.468448647703 0.464620704384 0.460814075510 0.457029268513 0.453266804357 0.449527217876 0.445811058112 0.442118888657 0.438451287996 0.434808849855 0.431192183544 0.427601914308 0.424038683666 0.420503149760 0.416995987693 0.413517889864 0.410069566303 0.406651744990 0.403265172171 0.399910612667 0.396588850162 0.393300687487 0.390046946879 0.386828470228 0.383646119300 0.380500775940 0.377393342246 0.374324740712 0.371295914347 0.368307826751 0.365361462156 0.362457825425 0.359597942004 0.356782857825 0.354013639159 0.351291372403 0.348617163820 0.345992139200 0.343417443461 0.340894240174 0.338423711012 0.336007055125 0.333645488426 0.331340242798 0.329092565216 0.326903716785 0.324774971691 0.322707616077 0.320702946842 0.318762270372 0.316886901224 0.315078160764 0.313337375801 0.311665877240 0.310064998798 0.308536075849 0.307080444477 0.305699440854 0.304394401112 0.303166661930 0.302017562179 0.300948446144 0.299960669088 0.299055606442 0.298234668709 0.297499325830 0.296851148012 0.296291877418 0.295823563447 0.295448848498 0.295171693602 0.295000000000 0.295171693602 0.295448848498 0.295823563447 0.296291877418 0.296851148012 0.297499325830 0.298234668709 0.299055606442 0.299960669088 0.300948446144 0.302017562179 0.303166661930 0.304394401112 0.305699440854 0.307080444477 0.308536075849 0.310064998798 0.311665877240 0.313337375801 0.315078160764 0.316886901224 0.318762270372 0.320702946842 0.322707616077 0.324774971691 0.326903716785 0.326903716785 0.503446879439 0.498677898244 0.493913352054 0.489153365544 0.484398067949 0.479647593270 0.474902080492 0.470161673804 0.465426522840 0.460696782928 0.455972615351 0.451254187630 0.446541673812 0.441835254779 0.437135118575 0.432441460750 0.427754484720 0.423074402152 0.418401433367 0.413735807767 0.409077764289 0.404427551879 0.399785429999 0.395151669159 0.390526551486 0.385910371317 0.381303435839 0.376706065753 0.372118595992 0.367541376469 0.362974772880 0.358419167549 0.353874960327 0.349342569548 0.344822433037 0.340315009187 0.335820778101 0.331340242798 0.326873930506 0.322422394025 0.317986213179 0.313565996362 0.309162382176 0.304776041172 0.300407677708 0.296058031914 0.291727881783 0.287418045400 0.283129383300 0.278862800983 0.274619251577 0.270399738669 0.266205319313 0.262037107219 0.257896276128 0.253784063402 0.249701773812 0.245650783557 0.241632544502 0.237648588657 0.233700532899 0.229790083942 0.225919043558 0.222089314053 0.218302903992 0.214561934179 0.210868643871 0.207225397217 0.203634689908 0.200099156002 0.196621574898 0.193204878410 0.189852157882 0.186566671288 0.183351850227 0.180211306719 0.177148839691 0.174168441033 0.171274301069 0.168470813303 0.165762578276 0.163154406380 0.160651319498 0.158258551388 0.155981546831 0.153825959742 0.151797650747 0.149902685297 0.148147334342 0.146538081368 0.145081643009 0.143785017394 0.142655589854 0.141701364316 0.140931502370 0.140357777346 0.140000000000 0.140357777346 0.140931502370 
